2026-03-21 19:52:35,975 - aiogram.dispatcher - INFO - Start polling
2026-03-21 19:52:36,041 - aiogram.dispatcher - INFO - Run polling for bot @iivt_dgtu_bot id=8628225993 - 'ИиВТ ДГТУ Помощник'
2026-03-21 19:53:13,157 - services.cache_service - INFO - 👤 Новый пользователь: 7934294012 (qweiriei)
2026-03-21 19:53:13,787 - aiogram.event - INFO - Update id=370412312 is handled. Duration 641 ms by bot id=8628225993
2026-03-21 19:53:15,094 - aiogram.event - INFO - Update id=370412313 is handled. Duration 155 ms by bot id=8628225993
2026-03-21 19:53:17,149 - aiogram.event - INFO - Update id=370412314 is handled. Duration 328 ms by bot id=8628225993
2026-03-21 19:55:07,921 - aiogram.event - INFO - Update id=370412315 is not handled. Duration 0 ms by bot id=8628225993
2026-03-21 19:55:07,921 - aiogram.event - ERROR - Cause exception while process update id=370412315 by bot id=8628225993
AttributeError: 'coroutine' object has no attribute 'replace'
Traceback (most recent call last):
  File "C:\Users\Руслан\AppData\Local\Programs\Python\Python312\Lib\site-packages\aiogram\dispatcher\dispatcher.py", line 320, in _process_update
    response = await self.feed_update(bot, update, **kwargs)
               ^^^^^^^^^^^^^^^^^^^^^^^^^^^^^^^^^^^^^^^^^^^^^
  File "C:\Users\Руслан\AppData\Local\Programs\Python\Python312\Lib\site-packages\aiogram\dispatcher\dispatcher.py", line 164, in feed_update
    response = await self.update.wrap_outer_middleware(
               ^^^^^^^^^^^^^^^^^^^^^^^^^^^^^^^^^^^^^^^^
  File "C:\Users\Руслан\AppData\Local\Programs\Python\Python312\Lib\site-packages\aiogram\dispatcher\middlewares\error.py", line 27, in __call__
    return await handler(event, data)
           ^^^^^^^^^^^^^^^^^^^^^^^^^^
  File "C:\Users\Руслан\AppData\Local\Programs\Python\Python312\Lib\site-packages\aiogram\dispatcher\middlewares\user_context.py", line 58, in __call__
    return await handler(event, data)
           ^^^^^^^^^^^^^^^^^^^^^^^^^^
  File "C:\Users\Руслан\AppData\Local\Programs\Python\Python312\Lib\site-packages\aiogram\fsm\middleware.py", line 43, in __call__
    return await handler(event, data)
           ^^^^^^^^^^^^^^^^^^^^^^^^^^
  File "C:\Users\Руслан\AppData\Local\Programs\Python\Python312\Lib\site-packages\aiogram\dispatcher\event\telegram.py", line 126, in trigger
    return await wrapped_inner(event, kwargs)
           ^^^^^^^^^^^^^^^^^^^^^^^^^^^^^^^^^^
  File "C:\Users\Руслан\AppData\Local\Programs\Python\Python312\Lib\site-packages\aiogram\dispatcher\event\handler.py", line 71, in call
    return await wrapped()
           ^^^^^^^^^^^^^^^
  File "C:\Users\Руслан\AppData\Local\Programs\Python\Python312\Lib\site-packages\aiogram\dispatcher\dispatcher.py", line 283, in _listen_update
    return await self.propagate_event(update_type=update_type, event=event, **kwargs)
           ^^^^^^^^^^^^^^^^^^^^^^^^^^^^^^^^^^^^^^^^^^^^^^^^^^^^^^^^^^^^^^^^^^^^^^^^^^
  File "C:\Users\Руслан\AppData\Local\Programs\Python\Python312\Lib\site-packages\aiogram\dispatcher\router.py", line 161, in propagate_event
    return await observer.wrap_outer_middleware(_wrapped, event=event, data=kwargs)
           ^^^^^^^^^^^^^^^^^^^^^^^^^^^^^^^^^^^^^^^^^^^^^^^^^^^^^^^^^^^^^^^^^^^^^^^^
  File "C:\Users\Руслан\AppData\Local\Programs\Python\Python312\Lib\site-packages\aiogram\dispatcher\router.py", line 153, in _wrapped
    return await self._propagate_event(
           ^^^^^^^^^^^^^^^^^^^^^^^^^^^^
  File "C:\Users\Руслан\AppData\Local\Programs\Python\Python312\Lib\site-packages\aiogram\dispatcher\router.py", line 189, in _propagate_event
    response = await router.propagate_event(update_type=update_type, event=event, **kwargs)
               ^^^^^^^^^^^^^^^^^^^^^^^^^^^^^^^^^^^^^^^^^^^^^^^^^^^^^^^^^^^^^^^^^^^^^^^^^^^^
  File "C:\Users\Руслан\AppData\Local\Programs\Python\Python312\Lib\site-packages\aiogram\dispatcher\router.py", line 161, in propagate_event
    return await observer.wrap_outer_middleware(_wrapped, event=event, data=kwargs)
           ^^^^^^^^^^^^^^^^^^^^^^^^^^^^^^^^^^^^^^^^^^^^^^^^^^^^^^^^^^^^^^^^^^^^^^^^
  File "C:\Users\Руслан\AppData\Local\Programs\Python\Python312\Lib\site-packages\aiogram\dispatcher\router.py", line 153, in _wrapped
    return await self._propagate_event(
           ^^^^^^^^^^^^^^^^^^^^^^^^^^^^
  File "C:\Users\Руслан\AppData\Local\Programs\Python\Python312\Lib\site-packages\aiogram\dispatcher\router.py", line 181, in _propagate_event
    response = await observer.trigger(event, **kwargs)
               ^^^^^^^^^^^^^^^^^^^^^^^^^^^^^^^^^^^^^^^
  File "C:\Users\Руслан\AppData\Local\Programs\Python\Python312\Lib\site-packages\aiogram\dispatcher\event\telegram.py", line 126, in trigger
    return await wrapped_inner(event, kwargs)
           ^^^^^^^^^^^^^^^^^^^^^^^^^^^^^^^^^^
  File "C:\Users\Руслан\AppData\Local\Programs\Python\Python312\Lib\site-packages\aiogram\dispatcher\event\handler.py", line 71, in call
    return await wrapped()
           ^^^^^^^^^^^^^^^
  File "C:\Users\Руслан\OneDrive\Рабочий стол\DGTU_Bot\handlers\faq_handler.py", line 483, in handle_text
    answer = _clean_html(answer)
             ^^^^^^^^^^^^^^^^^^^
  File "C:\Users\Руслан\OneDrive\Рабочий стол\DGTU_Bot\handlers\faq_handler.py", line 33, in _clean_html
    text = text.replace('<br>', '\n')
           ^^^^^^^^^^^^
AttributeError: 'coroutine' object has no attribute 'replace'
2026-03-21 20:01:30,043 - aiogram.dispatcher - INFO - Polling stopped
2026-03-21 20:01:30,043 - aiogram.dispatcher - ERROR - Failed to fetch updates - TelegramNetworkError: HTTP Client says - ServerDisconnectedError: Server disconnected
2026-03-21 20:01:30,044 - aiogram.dispatcher - WARNING - Sleep for 1.000000 seconds and try again... (tryings = 0, bot id = 8628225993)
2026-03-21 20:01:30,298 - aiogram.dispatcher - INFO - Polling stopped for bot @iivt_dgtu_bot id=8628225993 - 'ИиВТ ДГТУ Помощник'
2026-03-21 20:01:34,223 - aiogram.dispatcher - INFO - Start polling
2026-03-21 20:01:34,293 - aiogram.dispatcher - INFO - Run polling for bot @iivt_dgtu_bot id=8628225993 - 'ИиВТ ДГТУ Помощник'
2026-03-21 20:01:40,540 - aiogram.event - INFO - Update id=370412316 is handled. Duration 0 ms by bot id=8628225993
2026-03-21 20:01:50,387 - aiogram.event - INFO - Update id=370412317 is handled. Duration 515 ms by bot id=8628225993
2026-03-21 20:01:51,602 - aiogram.event - INFO - Update id=370412318 is handled. Duration 546 ms by bot id=8628225993
2026-03-21 20:01:52,762 - aiogram.event - INFO - Update id=370412319 is handled. Duration 327 ms by bot id=8628225993
2026-03-21 20:01:56,780 - aiogram.event - INFO - Update id=370412320 is not handled. Duration 0 ms by bot id=8628225993
2026-03-21 20:01:56,780 - aiogram.event - ERROR - Cause exception while process update id=370412320 by bot id=8628225993
AttributeError: 'TokenCache' object has no attribute '_cache'
Traceback (most recent call last):
  File "C:\Users\Руслан\AppData\Local\Programs\Python\Python312\Lib\site-packages\aiogram\dispatcher\dispatcher.py", line 320, in _process_update
    response = await self.feed_update(bot, update, **kwargs)
               ^^^^^^^^^^^^^^^^^^^^^^^^^^^^^^^^^^^^^^^^^^^^^
  File "C:\Users\Руслан\AppData\Local\Programs\Python\Python312\Lib\site-packages\aiogram\dispatcher\dispatcher.py", line 164, in feed_update
    response = await self.update.wrap_outer_middleware(
               ^^^^^^^^^^^^^^^^^^^^^^^^^^^^^^^^^^^^^^^^
  File "C:\Users\Руслан\AppData\Local\Programs\Python\Python312\Lib\site-packages\aiogram\dispatcher\middlewares\error.py", line 27, in __call__
    return await handler(event, data)
           ^^^^^^^^^^^^^^^^^^^^^^^^^^
  File "C:\Users\Руслан\AppData\Local\Programs\Python\Python312\Lib\site-packages\aiogram\dispatcher\middlewares\user_context.py", line 58, in __call__
    return await handler(event, data)
           ^^^^^^^^^^^^^^^^^^^^^^^^^^
  File "C:\Users\Руслан\AppData\Local\Programs\Python\Python312\Lib\site-packages\aiogram\fsm\middleware.py", line 43, in __call__
    return await handler(event, data)
           ^^^^^^^^^^^^^^^^^^^^^^^^^^
  File "C:\Users\Руслан\AppData\Local\Programs\Python\Python312\Lib\site-packages\aiogram\dispatcher\event\telegram.py", line 126, in trigger
    return await wrapped_inner(event, kwargs)
           ^^^^^^^^^^^^^^^^^^^^^^^^^^^^^^^^^^
  File "C:\Users\Руслан\AppData\Local\Programs\Python\Python312\Lib\site-packages\aiogram\dispatcher\event\handler.py", line 71, in call
    return await wrapped()
           ^^^^^^^^^^^^^^^
  File "C:\Users\Руслан\AppData\Local\Programs\Python\Python312\Lib\site-packages\aiogram\dispatcher\dispatcher.py", line 283, in _listen_update
    return await self.propagate_event(update_type=update_type, event=event, **kwargs)
           ^^^^^^^^^^^^^^^^^^^^^^^^^^^^^^^^^^^^^^^^^^^^^^^^^^^^^^^^^^^^^^^^^^^^^^^^^^
  File "C:\Users\Руслан\AppData\Local\Programs\Python\Python312\Lib\site-packages\aiogram\dispatcher\router.py", line 161, in propagate_event
    return await observer.wrap_outer_middleware(_wrapped, event=event, data=kwargs)
           ^^^^^^^^^^^^^^^^^^^^^^^^^^^^^^^^^^^^^^^^^^^^^^^^^^^^^^^^^^^^^^^^^^^^^^^^
  File "C:\Users\Руслан\AppData\Local\Programs\Python\Python312\Lib\site-packages\aiogram\dispatcher\router.py", line 153, in _wrapped
    return await self._propagate_event(
           ^^^^^^^^^^^^^^^^^^^^^^^^^^^^
  File "C:\Users\Руслан\AppData\Local\Programs\Python\Python312\Lib\site-packages\aiogram\dispatcher\router.py", line 189, in _propagate_event
    response = await router.propagate_event(update_type=update_type, event=event, **kwargs)
               ^^^^^^^^^^^^^^^^^^^^^^^^^^^^^^^^^^^^^^^^^^^^^^^^^^^^^^^^^^^^^^^^^^^^^^^^^^^^
  File "C:\Users\Руслан\AppData\Local\Programs\Python\Python312\Lib\site-packages\aiogram\dispatcher\router.py", line 161, in propagate_event
    return await observer.wrap_outer_middleware(_wrapped, event=event, data=kwargs)
           ^^^^^^^^^^^^^^^^^^^^^^^^^^^^^^^^^^^^^^^^^^^^^^^^^^^^^^^^^^^^^^^^^^^^^^^^
  File "C:\Users\Руслан\AppData\Local\Programs\Python\Python312\Lib\site-packages\aiogram\dispatcher\router.py", line 153, in _wrapped
    return await self._propagate_event(
           ^^^^^^^^^^^^^^^^^^^^^^^^^^^^
  File "C:\Users\Руслан\AppData\Local\Programs\Python\Python312\Lib\site-packages\aiogram\dispatcher\router.py", line 181, in _propagate_event
    response = await observer.trigger(event, **kwargs)
               ^^^^^^^^^^^^^^^^^^^^^^^^^^^^^^^^^^^^^^^
  File "C:\Users\Руслан\AppData\Local\Programs\Python\Python312\Lib\site-packages\aiogram\dispatcher\event\telegram.py", line 126, in trigger
    return await wrapped_inner(event, kwargs)
           ^^^^^^^^^^^^^^^^^^^^^^^^^^^^^^^^^^
  File "C:\Users\Руслан\AppData\Local\Programs\Python\Python312\Lib\site-packages\aiogram\dispatcher\event\handler.py", line 71, in call
    return await wrapped()
           ^^^^^^^^^^^^^^^
  File "C:\Users\Руслан\OneDrive\Рабочий стол\DGTU_Bot\handlers\faq_handler.py", line 473, in handle_text
    context = await rag_service.find_relevant_context(question)
              ^^^^^^^^^^^^^^^^^^^^^^^^^^^^^^^^^^^^^^^^^^^^^^^^^
  File "C:\Users\Руслан\OneDrive\Рабочий стол\DGTU_Bot\services\rag_service.py", line 88, in find_relevant_context
    cached_result = cache._cache.get(cache_key)
                    ^^^^^^^^^^^^
AttributeError: 'TokenCache' object has no attribute '_cache'. Did you mean: 'cache'?
2026-03-21 20:04:19,667 - aiogram.dispatcher - INFO - Polling stopped
2026-03-21 20:04:19,668 - aiogram.dispatcher - ERROR - Failed to fetch updates - TelegramNetworkError: HTTP Client says - ServerDisconnectedError: Server disconnected
2026-03-21 20:04:19,669 - aiogram.dispatcher - WARNING - Sleep for 1.000000 seconds and try again... (tryings = 0, bot id = 8628225993)
2026-03-21 20:04:19,930 - aiogram.dispatcher - INFO - Polling stopped for bot @iivt_dgtu_bot id=8628225993 - 'ИиВТ ДГТУ Помощник'
2026-03-21 20:04:24,260 - aiogram.dispatcher - INFO - Start polling
2026-03-21 20:04:24,334 - aiogram.dispatcher - INFO - Run polling for bot @iivt_dgtu_bot id=8628225993 - 'ИиВТ ДГТУ Помощник'
2026-03-21 20:04:28,648 - aiogram.event - INFO - Update id=370412321 is handled. Duration 562 ms by bot id=8628225993
2026-03-21 20:04:30,312 - aiogram.event - INFO - Update id=370412322 is handled. Duration 297 ms by bot id=8628225993
2026-03-21 20:04:33,575 - gigachat.api.auth - WARNING - Invalid credentials format. Please use only base64 credentials (Authorization data, not client secret!)
2026-03-21 20:04:34,076 - httpx - INFO - HTTP Request: POST https://ngw.devices.sberbank.ru:9443/api/v2/oauth "HTTP/1.1 401 Unauthorized"
2026-03-21 20:04:34,076 - services.llm_service - ERROR - ❌ Ошибка GigaChat: 401 https://ngw.devices.sberbank.ru:9443/api/v2/oauth: b'{"error": {"status_code": 401, "message": "Authorization error: header is incorrect"}}\n', Headers({'server': 'SynGX', 'date': 'Sat, 21 Mar 2026 17:04:33 GMT', 'content-type': 'application/json', 'content-length': '87', 'connection': 'keep-alive', 'allow': 'GET, POST', 'strict-transport-security': 'max-age=31536000; includeSubDomains'})
2026-03-21 20:04:34,178 - aiogram.event - INFO - Update id=370412323 is handled. Duration 719 ms by bot id=8628225993
2026-03-21 20:04:47,537 - aiogram.event - INFO - Update id=370412324 is handled. Duration 281 ms by bot id=8628225993
2026-03-21 20:04:51,086 - aiogram.event - INFO - Update id=370412325 is handled. Duration 171 ms by bot id=8628225993
2026-03-21 20:04:59,497 - gigachat.api.auth - WARNING - Invalid credentials format. Please use only base64 credentials (Authorization data, not client secret!)
2026-03-21 20:04:59,930 - httpx - INFO - HTTP Request: POST https://ngw.devices.sberbank.ru:9443/api/v2/oauth "HTTP/1.1 401 Unauthorized"
2026-03-21 20:04:59,931 - services.llm_service - ERROR - ❌ Ошибка GigaChat: 401 https://ngw.devices.sberbank.ru:9443/api/v2/oauth: b'{"error": {"status_code": 401, "message": "Authorization error: header is incorrect"}}\n', Headers({'server': 'SynGX', 'date': 'Sat, 21 Mar 2026 17:04:59 GMT', 'content-type': 'application/json', 'content-length': '87', 'connection': 'keep-alive', 'allow': 'GET, POST', 'strict-transport-security': 'max-age=31536000; includeSubDomains'})
2026-03-21 20:05:00,029 - aiogram.event - INFO - Update id=370412326 is handled. Duration 530 ms by bot id=8628225993
2026-03-21 20:07:06,384 - aiogram.dispatcher - INFO - Polling stopped
2026-03-21 20:07:06,385 - aiogram.dispatcher - ERROR - Failed to fetch updates - TelegramNetworkError: HTTP Client says - ServerDisconnectedError: Server disconnected
2026-03-21 20:07:06,386 - aiogram.dispatcher - WARNING - Sleep for 1.000000 seconds and try again... (tryings = 0, bot id = 8628225993)
2026-03-21 20:07:06,640 - aiogram.dispatcher - INFO - Polling stopped for bot @iivt_dgtu_bot id=8628225993 - 'ИиВТ ДГТУ Помощник'
2026-03-21 20:07:12,462 - aiogram.dispatcher - INFO - Start polling
2026-03-21 20:07:12,536 - aiogram.dispatcher - INFO - Run polling for bot @iivt_dgtu_bot id=8628225993 - 'ИиВТ ДГТУ Помощник'
2026-03-21 20:07:17,501 - aiogram.event - INFO - Update id=370412327 is handled. Duration 609 ms by bot id=8628225993
2026-03-21 20:07:18,616 - aiogram.event - INFO - Update id=370412328 is handled. Duration 250 ms by bot id=8628225993
2026-03-21 20:07:23,459 - httpx - INFO - HTTP Request: POST https://ngw.devices.sberbank.ru:9443/api/v2/oauth "HTTP/1.1 200 OK"
2026-03-21 20:07:23,465 - services.llm_service - ERROR - ❌ Ошибка GigaChat: GigaChatSyncClient.chat() got an unexpected keyword argument 'messages'
2026-03-21 20:07:23,553 - aiogram.event - INFO - Update id=370412329 is handled. Duration 594 ms by bot id=8628225993
2026-03-21 20:07:36,027 - services.llm_service - ERROR - ❌ Ошибка GigaChat: GigaChatSyncClient.chat() got an unexpected keyword argument 'messages'
2026-03-21 20:07:36,302 - aiogram.event - INFO - Update id=370412330 is handled. Duration 282 ms by bot id=8628225993
2026-03-21 20:09:11,286 - aiogram.dispatcher - INFO - Polling stopped
2026-03-21 20:09:11,287 - aiogram.dispatcher - ERROR - Failed to fetch updates - TelegramNetworkError: HTTP Client says - ServerDisconnectedError: Server disconnected
2026-03-21 20:09:11,287 - aiogram.dispatcher - WARNING - Sleep for 1.000000 seconds and try again... (tryings = 0, bot id = 8628225993)
2026-03-21 20:09:11,546 - aiogram.dispatcher - INFO - Polling stopped for bot @iivt_dgtu_bot id=8628225993 - 'ИиВТ ДГТУ Помощник'
2026-03-21 20:09:15,692 - aiogram.dispatcher - INFO - Start polling
2026-03-21 20:09:15,772 - aiogram.dispatcher - INFO - Run polling for bot @iivt_dgtu_bot id=8628225993 - 'ИиВТ ДГТУ Помощник'
2026-03-21 20:09:17,409 - aiogram.event - INFO - Update id=370412331 is handled. Duration 530 ms by bot id=8628225993
2026-03-21 20:09:18,304 - aiogram.event - INFO - Update id=370412332 is handled. Duration 187 ms by bot id=8628225993
2026-03-21 20:09:22,692 - httpx - INFO - HTTP Request: POST https://ngw.devices.sberbank.ru:9443/api/v2/oauth "HTTP/1.1 200 OK"
2026-03-21 20:09:22,702 - services.llm_service - ERROR - ❌ Ошибка GigaChat: 1 validation error for Chat
  Input should be a valid dictionary or instance of Chat [type=model_type, input_value=[{'role': 'system', 'cont...жи честно.\n'}], input_type=list]
    For further information visit https://errors.pydantic.dev/2.12/v/model_type
2026-03-21 20:09:22,811 - aiogram.event - INFO - Update id=370412333 is handled. Duration 625 ms by bot id=8628225993
2026-03-21 20:09:39,170 - services.llm_service - ERROR - ❌ Ошибка GigaChat: 1 validation error for Chat
  Input should be a valid dictionary or instance of Chat [type=model_type, input_value=[{'role': 'system', 'cont...жи честно.\n'}], input_type=list]
    For further information visit https://errors.pydantic.dev/2.12/v/model_type
2026-03-21 20:10:12,386 - aiogram.event - INFO - Update id=370412337 is handled. Duration 515 ms by bot id=8628225993
2026-03-21 20:10:12,451 - aiogram.event - INFO - Update id=370412336 is handled. Duration 577 ms by bot id=8628225993
2026-03-21 20:10:12,533 - aiogram.event - INFO - Update id=370412334 is handled. Duration 33358 ms by bot id=8628225993
2026-03-21 20:10:12,585 - aiogram.event - INFO - Update id=370412335 is handled. Duration 718 ms by bot id=8628225993
2026-03-21 20:10:12,618 - aiogram.event - INFO - Update id=370412338 is handled. Duration 750 ms by bot id=8628225993
2026-03-21 20:12:38,938 - aiogram.dispatcher - INFO - Polling stopped
2026-03-21 20:12:38,939 - aiogram.dispatcher - ERROR - Failed to fetch updates - TelegramNetworkError: HTTP Client says - ServerDisconnectedError: Server disconnected
2026-03-21 20:12:38,939 - aiogram.dispatcher - WARNING - Sleep for 1.000000 seconds and try again... (tryings = 0, bot id = 8628225993)
2026-03-21 20:12:39,192 - aiogram.dispatcher - INFO - Polling stopped for bot @iivt_dgtu_bot id=8628225993 - 'ИиВТ ДГТУ Помощник'
2026-03-21 20:12:43,187 - aiogram.dispatcher - INFO - Start polling
2026-03-21 20:12:43,257 - aiogram.dispatcher - INFO - Run polling for bot @iivt_dgtu_bot id=8628225993 - 'ИиВТ ДГТУ Помощник'
2026-03-21 20:12:51,140 - aiogram.event - INFO - Update id=370412339 is handled. Duration 530 ms by bot id=8628225993
2026-03-21 20:12:58,418 - httpx - INFO - HTTP Request: POST https://ngw.devices.sberbank.ru:9443/api/v2/oauth "HTTP/1.1 200 OK"
2026-03-21 20:12:59,688 - httpx - INFO - HTTP Request: POST https://gigachat.devices.sberbank.ru/api/v1/chat/completions "HTTP/1.1 200 OK"
2026-03-21 20:12:59,865 - aiogram.event - INFO - Update id=370412340 is handled. Duration 1969 ms by bot id=8628225993
2026-03-21 20:13:20,315 - httpx - INFO - HTTP Request: POST https://gigachat.devices.sberbank.ru/api/v1/chat/completions "HTTP/1.1 200 OK"
2026-03-21 20:13:20,418 - aiogram.event - INFO - Update id=370412341 is handled. Duration 4016 ms by bot id=8628225993
2026-03-21 20:14:17,314 - aiogram.dispatcher - INFO - Polling stopped
2026-03-21 20:14:17,315 - aiogram.dispatcher - ERROR - Failed to fetch updates - TelegramNetworkError: HTTP Client says - ServerDisconnectedError: Server disconnected
2026-03-21 20:14:17,316 - aiogram.dispatcher - WARNING - Sleep for 1.000000 seconds and try again... (tryings = 0, bot id = 8628225993)
2026-03-21 20:14:17,571 - aiogram.dispatcher - INFO - Polling stopped for bot @iivt_dgtu_bot id=8628225993 - 'ИиВТ ДГТУ Помощник'
2026-03-21 20:14:56,154 - aiogram.dispatcher - INFO - Start polling
2026-03-21 20:14:56,234 - aiogram.dispatcher - INFO - Run polling for bot @iivt_dgtu_bot id=8628225993 - 'ИиВТ ДГТУ Помощник'
2026-03-21 20:24:56,158 - utils.logger - ERROR - ❌ Ошибка очистки кеша: 'TokenCache' object has no attribute 'cleanup_expired'
2026-03-21 20:28:10,545 - aiogram.event - INFO - Update id=370412342 is handled. Duration 516 ms by bot id=8628225993
2026-03-21 20:28:11,523 - aiogram.event - INFO - Update id=370412343 is handled. Duration 265 ms by bot id=8628225993
2026-03-21 20:28:15,196 - aiogram.event - INFO - Update id=370412344 is handled. Duration 342 ms by bot id=8628225993
2026-03-21 20:28:16,230 - aiogram.event - INFO - Update id=370412345 is handled. Duration 187 ms by bot id=8628225993
2026-03-21 20:28:21,518 - aiogram.event - INFO - Update id=370412346 is handled. Duration 187 ms by bot id=8628225993
2026-03-21 20:28:23,549 - aiogram.event - INFO - Update id=370412347 is handled. Duration 203 ms by bot id=8628225993
2026-03-21 20:28:29,242 - aiogram.event - INFO - Update id=370412348 is handled. Duration 172 ms by bot id=8628225993
2026-03-21 20:31:27,300 - aiogram.event - INFO - Update id=370412349 is handled. Duration 187 ms by bot id=8628225993
2026-03-21 20:31:48,314 - aiogram.event - INFO - Update id=370412350 is handled. Duration 500 ms by bot id=8628225993
2026-03-21 20:31:50,939 - aiogram.event - INFO - Update id=370412351 is handled. Duration 453 ms by bot id=8628225993
2026-03-21 20:31:57,204 - aiogram.event - INFO - Update id=370412352 is handled. Duration 264 ms by bot id=8628225993
2026-03-21 20:32:02,841 - aiogram.event - INFO - Update id=370412353 is handled. Duration 155 ms by bot id=8628225993
2026-03-21 20:32:04,623 - aiogram.event - INFO - Update id=370412354 is handled. Duration 172 ms by bot id=8628225993
2026-03-21 20:32:06,048 - aiogram.event - INFO - Update id=370412355 is handled. Duration 375 ms by bot id=8628225993
2026-03-21 20:32:11,198 - aiogram.event - INFO - Update id=370412356 is handled. Duration 437 ms by bot id=8628225993
2026-03-21 20:32:12,470 - aiogram.event - INFO - Update id=370412357 is handled. Duration 155 ms by bot id=8628225993
2026-03-21 20:32:14,235 - aiogram.event - INFO - Update id=370412358 is handled. Duration 171 ms by bot id=8628225993
2026-03-21 20:32:15,295 - aiogram.event - INFO - Update id=370412359 is handled. Duration 203 ms by bot id=8628225993
2026-03-21 20:32:18,056 - aiogram.event - INFO - Update id=370412360 is handled. Duration 360 ms by bot id=8628225993
2026-03-21 20:32:39,799 - aiogram.event - INFO - Update id=370412361 is handled. Duration 233 ms by bot id=8628225993
2026-03-21 20:32:41,326 - aiogram.event - INFO - Update id=370412362 is handled. Duration 264 ms by bot id=8628225993
2026-03-21 20:34:56,146 - utils.logger - ERROR - ❌ Ошибка очистки кеша: 'TokenCache' object has no attribute 'cleanup_expired'
2026-03-21 20:35:14,906 - aiogram.event - INFO - Update id=370412363 is handled. Duration 155 ms by bot id=8628225993
2026-03-21 20:35:18,383 - aiogram.event - INFO - Update id=370412364 is handled. Duration 171 ms by bot id=8628225993
2026-03-21 20:35:21,864 - aiogram.event - INFO - Update id=370412365 is handled. Duration 156 ms by bot id=8628225993
2026-03-21 20:35:22,970 - aiogram.event - INFO - Update id=370412366 is handled. Duration 155 ms by bot id=8628225993
2026-03-21 20:37:31,083 - aiogram.event - INFO - Update id=370412367 is handled. Duration 280 ms by bot id=8628225993
2026-03-21 20:37:36,644 - aiogram.event - INFO - Update id=370412368 is handled. Duration 171 ms by bot id=8628225993
2026-03-21 20:37:39,745 - aiogram.event - INFO - Update id=370412369 is handled. Duration 156 ms by bot id=8628225993
2026-03-21 20:37:41,303 - aiogram.event - INFO - Update id=370412370 is handled. Duration 282 ms by bot id=8628225993
2026-03-21 20:37:49,780 - aiogram.event - INFO - Update id=370412371 is handled. Duration 217 ms by bot id=8628225993
2026-03-21 20:37:50,812 - aiogram.event - INFO - Update id=370412372 is handled. Duration 219 ms by bot id=8628225993
2026-03-21 20:37:55,175 - aiogram.event - INFO - Update id=370412373 is handled. Duration 171 ms by bot id=8628225993
2026-03-21 20:37:57,450 - aiogram.event - INFO - Update id=370412374 is handled. Duration 171 ms by bot id=8628225993
2026-03-21 20:38:03,690 - aiogram.event - INFO - Update id=370412375 is handled. Duration 172 ms by bot id=8628225993
2026-03-21 20:38:05,309 - aiogram.event - INFO - Update id=370412376 is handled. Duration 172 ms by bot id=8628225993
2026-03-21 20:38:10,144 - aiogram.event - INFO - Update id=370412377 is handled. Duration 437 ms by bot id=8628225993
2026-03-21 20:38:35,248 - aiogram.event - INFO - Update id=370412378 is handled. Duration 344 ms by bot id=8628225993
2026-03-21 20:38:41,916 - aiogram.event - INFO - Update id=370412379 is handled. Duration 233 ms by bot id=8628225993
2026-03-21 20:40:30,531 - aiogram.event - INFO - Update id=370412380 is handled. Duration 171 ms by bot id=8628225993
2026-03-21 20:40:33,716 - aiogram.event - INFO - Update id=370412381 is handled. Duration 155 ms by bot id=8628225993
2026-03-21 20:44:56,155 - utils.logger - ERROR - ❌ Ошибка очистки кеша: 'TokenCache' object has no attribute 'cleanup_expired'
2026-03-21 20:54:56,159 - utils.logger - ERROR - ❌ Ошибка очистки кеша: 'TokenCache' object has no attribute 'cleanup_expired'
2026-03-21 20:57:59,109 - aiogram.event - INFO - Update id=370412382 is handled. Duration 532 ms by bot id=8628225993
2026-03-21 20:58:06,770 - aiogram.event - INFO - Update id=370412383 is handled. Duration 203 ms by bot id=8628225993
2026-03-21 20:58:10,013 - aiogram.event - INFO - Update id=370412384 is handled. Duration 437 ms by bot id=8628225993
2026-03-21 20:58:16,031 - aiogram.event - INFO - Update id=370412385 is handled. Duration 217 ms by bot id=8628225993
2026-03-21 20:58:21,169 - aiogram.event - INFO - Update id=370412386 is handled. Duration 328 ms by bot id=8628225993
2026-03-21 20:58:22,079 - aiogram.event - INFO - Update id=370412387 is handled. Duration 187 ms by bot id=8628225993
2026-03-21 20:58:23,438 - aiogram.event - INFO - Update id=370412388 is handled. Duration 282 ms by bot id=8628225993
2026-03-21 20:58:27,613 - aiogram.event - INFO - Update id=370412389 is handled. Duration 187 ms by bot id=8628225993
2026-03-21 20:58:28,862 - aiogram.event - INFO - Update id=370412390 is handled. Duration 171 ms by bot id=8628225993
2026-03-21 20:58:29,494 - httpx - INFO - HTTP Request: POST https://ngw.devices.sberbank.ru:9443/api/v2/oauth "HTTP/1.1 200 OK"
2026-03-21 20:58:32,612 - httpx - INFO - HTTP Request: POST https://gigachat.devices.sberbank.ru/api/v1/chat/completions "HTTP/1.1 200 OK"
2026-03-21 20:58:32,790 - aiogram.event - INFO - Update id=370412391 is handled. Duration 3891 ms by bot id=8628225993
2026-03-21 20:58:33,133 - aiogram.event - INFO - Update id=370412392 is handled. Duration 515 ms by bot id=8628225993
2026-03-21 20:58:34,337 - aiogram.event - INFO - Update id=370412393 is handled. Duration 171 ms by bot id=8628225993
2026-03-21 20:58:38,698 - aiogram.event - INFO - Update id=370412394 is handled. Duration 577 ms by bot id=8628225993
2026-03-21 20:58:40,956 - aiogram.event - INFO - Update id=370412395 is handled. Duration 264 ms by bot id=8628225993
2026-03-21 20:58:41,482 - aiogram.event - INFO - Update id=370412396 is handled. Duration 532 ms by bot id=8628225993
2026-03-21 20:58:43,183 - aiogram.event - INFO - Update id=370412397 is handled. Duration 187 ms by bot id=8628225993
2026-03-21 20:58:44,464 - aiogram.event - INFO - Update id=370412398 is handled. Duration 155 ms by bot id=8628225993
2026-03-21 20:58:45,890 - aiogram.event - INFO - Update id=370412399 is handled. Duration 234 ms by bot id=8628225993
2026-03-21 20:58:47,740 - aiogram.event - INFO - Update id=370412400 is handled. Duration 234 ms by bot id=8628225993
2026-03-21 20:58:51,556 - aiogram.event - INFO - Update id=370412401 is handled. Duration 219 ms by bot id=8628225993
2026-03-21 20:59:02,931 - aiogram.event - INFO - Update id=370412402 is handled. Duration 172 ms by bot id=8628225993
2026-03-21 20:59:57,834 - aiogram.event - INFO - Update id=370412403 is handled. Duration 171 ms by bot id=8628225993
2026-03-21 20:59:58,924 - aiogram.event - INFO - Update id=370412404 is handled. Duration 437 ms by bot id=8628225993
2026-03-21 21:01:22,317 - aiogram.event - INFO - Update id=370412405 is handled. Duration 702 ms by bot id=8628225993
2026-03-21 21:01:47,001 - aiogram.event - INFO - Update id=370412406 is handled. Duration 312 ms by bot id=8628225993
2026-03-21 21:02:13,888 - aiogram.event - INFO - Update id=370412407 is handled. Duration 280 ms by bot id=8628225993
2026-03-21 21:02:16,977 - aiogram.event - INFO - Update id=370412408 is handled. Duration 219 ms by bot id=8628225993
2026-03-21 21:02:28,926 - aiogram.event - INFO - Update id=370412409 is handled. Duration 266 ms by bot id=8628225993
2026-03-21 21:04:56,170 - utils.logger - ERROR - ❌ Ошибка очистки кеша: 'TokenCache' object has no attribute 'cleanup_expired'
2026-03-21 21:05:46,736 - aiogram.event - INFO - Update id=370412410 is handled. Duration 234 ms by bot id=8628225993
2026-03-21 21:05:48,355 - aiogram.event - INFO - Update id=370412411 is handled. Duration 469 ms by bot id=8628225993
2026-03-21 21:05:49,607 - aiogram.event - INFO - Update id=370412412 is handled. Duration 250 ms by bot id=8628225993
2026-03-21 21:05:50,746 - aiogram.event - INFO - Update id=370412413 is handled. Duration 234 ms by bot id=8628225993
2026-03-21 21:05:51,689 - aiogram.event - INFO - Update id=370412414 is handled. Duration 172 ms by bot id=8628225993
2026-03-21 21:05:52,474 - aiogram.event - INFO - Update id=370412415 is handled. Duration 187 ms by bot id=8628225993
2026-03-21 21:09:16,801 - aiogram.event - INFO - Update id=370412416 is handled. Duration 187 ms by bot id=8628225993
2026-03-21 21:11:22,051 - aiogram.event - INFO - Update id=370412417 is handled. Duration 172 ms by bot id=8628225993
2026-03-21 21:11:24,595 - aiogram.event - INFO - Update id=370412418 is handled. Duration 218 ms by bot id=8628225993
2026-03-21 21:11:34,299 - aiogram.event - INFO - Update id=370412419 is handled. Duration 328 ms by bot id=8628225993
2026-03-21 21:11:37,549 - aiogram.event - INFO - Update id=370412420 is handled. Duration 531 ms by bot id=8628225993
2026-03-21 21:11:55,773 - aiogram.event - INFO - Update id=370412421 is handled. Duration 312 ms by bot id=8628225993
2026-03-21 21:12:33,934 - httpx - INFO - HTTP Request: POST https://gigachat.devices.sberbank.ru/api/v1/chat/completions "HTTP/1.1 200 OK"
2026-03-21 21:12:34,036 - aiogram.event - INFO - Update id=370412422 is handled. Duration 3983 ms by bot id=8628225993
2026-03-21 21:14:56,161 - utils.logger - ERROR - ❌ Ошибка очистки кеша: 'TokenCache' object has no attribute 'cleanup_expired'
2026-03-21 21:24:56,184 - utils.logger - ERROR - ❌ Ошибка очистки кеша: 'TokenCache' object has no attribute 'cleanup_expired'
2026-03-21 21:34:16,821 - aiogram.event - INFO - Update id=370412423 is handled. Duration 530 ms by bot id=8628225993
2026-03-21 21:34:18,845 - aiogram.event - INFO - Update id=370412424 is handled. Duration 625 ms by bot id=8628225993
2026-03-21 21:34:56,203 - utils.logger - ERROR - ❌ Ошибка очистки кеша: 'TokenCache' object has no attribute 'cleanup_expired'
2026-03-21 21:44:56,211 - utils.logger - ERROR - ❌ Ошибка очистки кеша: 'TokenCache' object has no attribute 'cleanup_expired'
2026-03-21 21:54:56,219 - utils.logger - ERROR - ❌ Ошибка очистки кеша: 'TokenCache' object has no attribute 'cleanup_expired'
2026-03-21 22:04:56,224 - utils.logger - ERROR - ❌ Ошибка очистки кеша: 'TokenCache' object has no attribute 'cleanup_expired'
2026-03-21 22:14:56,233 - utils.logger - ERROR - ❌ Ошибка очистки кеша: 'TokenCache' object has no attribute 'cleanup_expired'
2026-03-21 22:24:56,228 - utils.logger - ERROR - ❌ Ошибка очистки кеша: 'TokenCache' object has no attribute 'cleanup_expired'
2026-03-22 11:08:54,078 - aiogram.dispatcher - ERROR - Failed to fetch updates - TelegramNetworkError: HTTP Client says - Request timeout error
2026-03-22 11:08:54,703 - aiogram.dispatcher - WARNING - Sleep for 1.000000 seconds and try again... (tryings = 0, bot id = 8628225993)
2026-03-22 11:08:55,183 - utils.logger - ERROR - ❌ Ошибка очистки кеша: 'TokenCache' object has no attribute 'cleanup_expired'
2026-03-22 11:08:56,197 - aiogram.dispatcher - ERROR - Failed to fetch updates - ProxyConnectionError: [Errno 22] Couldn't connect to proxy 103.78.189.79:8000 [Сетевая папка недоступна. За информацией о разрешении проблем в сети обратитесь к справочной системе Windows]
2026-03-22 11:08:56,197 - aiogram.dispatcher - WARNING - Sleep for 1.336462 seconds and try again... (tryings = 1, bot id = 8628225993)
2026-03-22 11:08:57,544 - aiogram.dispatcher - ERROR - Failed to fetch updates - ProxyConnectionError: [Errno 22] Couldn't connect to proxy 103.78.189.79:8000 [Сетевая папка недоступна. За информацией о разрешении проблем в сети обратитесь к справочной системе Windows]
2026-03-22 11:08:57,544 - aiogram.dispatcher - WARNING - Sleep for 1.775607 seconds and try again... (tryings = 2, bot id = 8628225993)
2026-03-22 11:08:59,328 - aiogram.dispatcher - ERROR - Failed to fetch updates - ProxyConnectionError: [Errno 22] Couldn't connect to proxy 103.78.189.79:8000 [Сетевая папка недоступна. За информацией о разрешении проблем в сети обратитесь к справочной системе Windows]
2026-03-22 11:08:59,329 - aiogram.dispatcher - WARNING - Sleep for 2.251948 seconds and try again... (tryings = 3, bot id = 8628225993)
2026-03-22 11:09:01,592 - aiogram.dispatcher - ERROR - Failed to fetch updates - ProxyConnectionError: [Errno 22] Couldn't connect to proxy 103.78.189.79:8000 [Сетевая папка недоступна. За информацией о разрешении проблем в сети обратитесь к справочной системе Windows]
2026-03-22 11:09:01,592 - aiogram.dispatcher - WARNING - Sleep for 3.069907 seconds and try again... (tryings = 4, bot id = 8628225993)
2026-03-22 11:09:09,632 - aiogram.dispatcher - INFO - Polling stopped
2026-03-22 11:09:09,903 - aiogram.dispatcher - INFO - Polling stopped for bot @iivt_dgtu_bot id=8628225993 - 'ИиВТ ДГТУ Помощник'
2026-03-22 11:09:57,096 - aiogram.dispatcher - INFO - Start polling
2026-03-22 11:09:57,165 - aiogram.dispatcher - INFO - Run polling for bot @iivt_dgtu_bot id=8628225993 - 'ИиВТ ДГТУ Помощник'
2026-03-22 11:09:57,240 - aiogram.event - INFO - Update id=370412425 is handled. Duration 0 ms by bot id=8628225993
2026-03-22 11:09:57,241 - aiogram.event - INFO - Update id=370412426 is handled. Duration 0 ms by bot id=8628225993
2026-03-22 11:09:57,242 - aiogram.event - INFO - Update id=370412427 is handled. Duration 0 ms by bot id=8628225993
2026-03-22 11:09:57,245 - aiogram.event - INFO - Update id=370412428 is handled. Duration 0 ms by bot id=8628225993
2026-03-22 11:09:57,246 - aiogram.event - INFO - Update id=370412429 is handled. Duration 0 ms by bot id=8628225993
2026-03-22 11:09:57,969 - aiogram.event - INFO - Update id=370412430 is handled. Duration 718 ms by bot id=8628225993
2026-03-22 11:10:52,535 - aiogram.event - INFO - Update id=370412431 is handled. Duration 405 ms by bot id=8628225993
2026-03-22 11:10:53,919 - aiogram.event - INFO - Update id=370412432 is handled. Duration 233 ms by bot id=8628225993
2026-03-22 11:10:54,814 - aiogram.event - INFO - Update id=370412433 is handled. Duration 202 ms by bot id=8628225993
2026-03-22 11:11:15,388 - aiogram.event - INFO - Update id=370412434 is handled. Duration 266 ms by bot id=8628225993
2026-03-22 11:11:36,079 - aiogram.event - INFO - Update id=370412435 is handled. Duration 156 ms by bot id=8628225993
2026-03-22 11:11:37,718 - aiogram.event - INFO - Update id=370412436 is handled. Duration 422 ms by bot id=8628225993
2026-03-22 11:12:21,527 - aiogram.dispatcher - INFO - Polling stopped
2026-03-22 11:12:21,528 - aiogram.dispatcher - ERROR - Failed to fetch updates - TelegramNetworkError: HTTP Client says - ServerDisconnectedError: Server disconnected
2026-03-22 11:12:21,529 - aiogram.dispatcher - WARNING - Sleep for 1.000000 seconds and try again... (tryings = 0, bot id = 8628225993)
2026-03-22 11:12:21,790 - aiogram.dispatcher - INFO - Polling stopped for bot @iivt_dgtu_bot id=8628225993 - 'ИиВТ ДГТУ Помощник'
2026-03-22 11:12:27,082 - aiogram.dispatcher - INFO - Start polling
2026-03-22 11:12:27,157 - aiogram.dispatcher - INFO - Run polling for bot @iivt_dgtu_bot id=8628225993 - 'ИиВТ ДГТУ Помощник'
2026-03-22 11:12:30,212 - aiogram.event - INFO - Update id=370412437 is handled. Duration 702 ms by bot id=8628225993
2026-03-22 11:12:32,462 - aiogram.event - INFO - Update id=370412438 is handled. Duration 313 ms by bot id=8628225993
2026-03-22 11:12:34,956 - aiogram.event - INFO - Update id=370412439 is handled. Duration 186 ms by bot id=8628225993
2026-03-22 11:12:37,032 - aiogram.event - INFO - Update id=370412440 is handled. Duration 295 ms by bot id=8628225993
2026-03-22 11:12:38,737 - aiogram.event - INFO - Update id=370412441 is handled. Duration 329 ms by bot id=8628225993
2026-03-22 11:12:42,062 - aiogram.event - INFO - Update id=370412442 is handled. Duration 250 ms by bot id=8628225993
2026-03-22 11:12:43,284 - aiogram.event - INFO - Update id=370412443 is handled. Duration 217 ms by bot id=8628225993
2026-03-22 11:12:44,514 - aiogram.event - INFO - Update id=370412444 is handled. Duration 172 ms by bot id=8628225993
2026-03-22 11:22:27,088 - utils.logger - INFO - 📊 Кеш: 0/1000, Hit Rate: 0%
2026-03-22 11:27:57,383 - aiogram.dispatcher - INFO - Polling stopped
2026-03-22 11:27:57,384 - aiogram.dispatcher - ERROR - Failed to fetch updates - TelegramNetworkError: HTTP Client says - ServerDisconnectedError: Server disconnected
2026-03-22 11:27:57,385 - aiogram.dispatcher - WARNING - Sleep for 1.000000 seconds and try again... (tryings = 0, bot id = 8628225993)
2026-03-22 11:27:57,641 - aiogram.dispatcher - INFO - Polling stopped for bot @iivt_dgtu_bot id=8628225993 - 'ИиВТ ДГТУ Помощник'
2026-03-22 11:32:47,585 - utils.logger - INFO - ======================================================================
2026-03-22 11:32:47,586 - utils.logger - INFO - 🤖 ИиВТ ДГТУ Помощник
2026-03-22 11:32:47,587 - utils.logger - INFO - ======================================================================
2026-03-22 11:32:47,592 - utils.logger - INFO - ✅ База данных подключена
2026-03-22 11:32:47,592 - utils.logger - INFO - ✅ Кеш токенов активирован
2026-03-22 11:32:47,593 - utils.logger - INFO - ✅ Токен: 8628225993:AAEvnCL9BWCN_zDUkta...
2026-03-22 11:32:47,593 - utils.logger - INFO - 🔌 Прокси: http://103.78.189.79:8000
2026-03-22 11:32:47,593 - utils.logger - INFO - ✅ Прокси подключён (попытка 1)
2026-03-22 11:32:47,593 - utils.logger - INFO - ✅ Роутеры подключены
2026-03-22 11:32:47,594 - utils.logger - INFO - ✅ ИИ (GigaChat) готов
2026-03-22 11:32:47,594 - utils.logger - INFO - ✅ Кеширование включено
2026-03-22 11:32:47,594 - utils.logger - INFO - ======================================================================
2026-03-22 11:32:47,595 - utils.logger - INFO - 🚀 БОТ ЗАПУЩЕН!
2026-03-22 11:32:47,599 - utils.logger - INFO - 📱 В Telegram: /start
2026-03-22 11:32:47,599 - utils.logger - INFO - 📊 Статистика кеша: /cache
2026-03-22 11:32:47,600 - utils.logger - INFO - 🧹 Очистить кеш: /clearcache
2026-03-22 11:32:47,600 - utils.logger - INFO - ⏹️  Остановка: Ctrl + C
2026-03-22 11:32:47,601 - utils.logger - INFO - ======================================================================
2026-03-22 11:32:47,601 - aiogram.dispatcher - INFO - Start polling
2026-03-22 11:33:09,342 - aiogram.dispatcher - INFO - Polling stopped
2026-03-22 11:33:09,605 - utils.logger - ERROR - ❌ Ошибка бота: HTTP Client says - ClientConnectorError: Cannot connect to host api.telegram.org:443 ssl:default [Превышен таймаут семафора]
2026-03-22 11:33:09,605 - utils.logger - INFO - 🔌 Сессия бота закрыта
2026-03-22 11:34:08,798 - utils.logger - INFO - ======================================================================
2026-03-22 11:34:08,799 - utils.logger - INFO - 🤖 ИиВТ ДГТУ Помощник
2026-03-22 11:34:08,800 - utils.logger - INFO - ======================================================================
2026-03-22 11:34:08,808 - utils.logger - INFO - ✅ База данных подключена
2026-03-22 11:34:08,814 - utils.logger - INFO - ✅ Кеш токенов активирован
2026-03-22 11:34:08,814 - utils.logger - INFO - ✅ Токен: 8628225993:AAEvnCL9BWCN_zDUkta...
2026-03-22 11:34:08,821 - utils.logger - INFO - 🔌 Прокси: http://103.78.189.79:8000
2026-03-22 11:34:08,823 - utils.logger - INFO - ✅ Прокси подключён (попытка 1)
2026-03-22 11:34:08,827 - utils.logger - INFO - ✅ Роутеры подключены
2026-03-22 11:34:08,828 - utils.logger - INFO - ✅ ИИ (GigaChat) готов
2026-03-22 11:34:08,831 - utils.logger - INFO - ✅ Кеширование включено
2026-03-22 11:34:08,833 - utils.logger - INFO - ======================================================================
2026-03-22 11:34:08,833 - utils.logger - INFO - 🚀 БОТ ЗАПУЩЕН!
2026-03-22 11:34:08,834 - utils.logger - INFO - 📱 В Telegram: /start
2026-03-22 11:34:08,835 - utils.logger - INFO - 📊 Статистика кеша: /cache
2026-03-22 11:34:08,835 - utils.logger - INFO - 🧹 Очистить кеш: /clearcache
2026-03-22 11:34:08,839 - utils.logger - INFO - ⏹️  Остановка: Ctrl + C
2026-03-22 11:34:08,841 - utils.logger - INFO - ======================================================================
2026-03-22 11:34:08,845 - aiogram.dispatcher - INFO - Start polling
2026-03-22 11:34:28,176 - aiogram.dispatcher - INFO - Polling stopped
2026-03-22 11:34:28,439 - utils.logger - ERROR - ❌ Ошибка бота: HTTP Client says - ClientConnectorError: Cannot connect to host api.telegram.org:443 ssl:default [Превышен таймаут семафора]
2026-03-22 11:34:28,439 - utils.logger - INFO - 🔌 Сессия бота закрыта
2026-03-22 11:35:11,470 - utils.logger - INFO - ======================================================================
2026-03-22 11:35:11,471 - utils.logger - INFO - 🤖 ИиВТ ДГТУ Помощник
2026-03-22 11:35:11,472 - utils.logger - INFO - ======================================================================
2026-03-22 11:35:11,472 - utils.logger - INFO - ✅ База данных подключена
2026-03-22 11:35:11,474 - utils.logger - INFO - ✅ Кеш токенов активирован
2026-03-22 11:35:11,474 - utils.logger - INFO - ✅ Токен: 8628225993:AAEvnCL9BWCN_zDUkta...
2026-03-22 11:35:11,475 - utils.logger - INFO - ✅ Роутеры подключены
2026-03-22 11:35:11,477 - utils.logger - INFO - ✅ ИИ (GigaChat) готов
2026-03-22 11:35:11,477 - utils.logger - INFO - ✅ Кеширование включено
2026-03-22 11:35:11,478 - utils.logger - INFO - ======================================================================
2026-03-22 11:35:11,478 - utils.logger - INFO - 🚀 БОТ ЗАПУЩЕН!
2026-03-22 11:35:11,478 - utils.logger - INFO - 📱 В Telegram: /start
2026-03-22 11:35:11,479 - utils.logger - INFO - 📊 Статистика кеша: /cache
2026-03-22 11:35:11,479 - utils.logger - INFO - 🧹 Очистить кеш: /clearcache
2026-03-22 11:35:11,480 - utils.logger - INFO - ⏹️  Остановка: Ctrl + C
2026-03-22 11:35:11,480 - utils.logger - INFO - ======================================================================
2026-03-22 11:35:11,480 - aiogram.dispatcher - INFO - Start polling
2026-03-22 11:35:30,791 - aiogram.dispatcher - INFO - Polling stopped
2026-03-22 11:35:31,054 - utils.logger - ERROR - ❌ Ошибка бота: HTTP Client says - ClientConnectorError: Cannot connect to host api.telegram.org:443 ssl:default [Превышен таймаут семафора]
2026-03-22 11:35:31,054 - utils.logger - INFO - 🔌 Сессия бота закрыта
2026-03-22 11:42:13,741 - utils.logger - ERROR - ❌ Ошибка подключения к прокси: BaseSession.__init__() got an unexpected keyword argument 'connector'
2026-03-22 11:42:13,741 - utils.logger - INFO - 🔄 Пробую без прокси...
2026-03-22 11:42:14,029 - utils.logger - INFO - ======================================================================
2026-03-22 11:42:14,029 - utils.logger - INFO - 🤖 ИиВТ ДГТУ Помощник
2026-03-22 11:42:14,031 - utils.logger - INFO - ======================================================================
2026-03-22 11:42:14,031 - utils.logger - INFO - ✅ База данных подключена
2026-03-22 11:42:14,033 - utils.logger - INFO - ✅ Кеш токенов активирован
2026-03-22 11:42:14,034 - utils.logger - INFO - ✅ Токен: 8628225993:AAEvnCL9BWCN_zDUkta...
2026-03-22 11:42:14,034 - utils.logger - INFO - 🔌 Прокси: http://103.78.189.79:8000
2026-03-22 11:42:14,036 - utils.logger - INFO - ✅ Роутеры подключены
2026-03-22 11:42:14,036 - utils.logger - INFO - ✅ ИИ (GigaChat) готов
2026-03-22 11:42:14,036 - utils.logger - INFO - ✅ Кеширование включено
2026-03-22 11:42:14,037 - utils.logger - INFO - ======================================================================
2026-03-22 11:42:14,037 - utils.logger - INFO - 🚀 БОТ ЗАПУЩЕН!
2026-03-22 11:42:14,038 - utils.logger - INFO - 📱 В Telegram: /start
2026-03-22 11:42:14,038 - utils.logger - INFO - 📊 Статистика кеша: /cache
2026-03-22 11:42:14,038 - utils.logger - INFO - 🧹 Очистить кеш: /clearcache
2026-03-22 11:42:14,039 - utils.logger - INFO - ⏹️  Остановка: Ctrl + C
2026-03-22 11:42:14,039 - utils.logger - INFO - ======================================================================
2026-03-22 11:42:14,039 - aiogram.dispatcher - INFO - Start polling
2026-03-22 11:42:33,402 - aiogram.dispatcher - INFO - Polling stopped
2026-03-22 11:42:33,656 - utils.logger - ERROR - ❌ Ошибка бота: HTTP Client says - ClientConnectorError: Cannot connect to host api.telegram.org:443 ssl:default [Превышен таймаут семафора]
2026-03-22 11:42:33,656 - utils.logger - INFO - 🔌 Сессия бота закрыта
2026-03-22 11:44:27,209 - utils.logger - ERROR - ❌ Ошибка подключения к прокси: BaseSession.__init__() got an unexpected keyword argument 'connector'
2026-03-22 11:44:27,210 - utils.logger - INFO - 🔄 Пробую без прокси...
2026-03-22 11:44:27,451 - utils.logger - INFO - ======================================================================
2026-03-22 11:44:27,452 - utils.logger - INFO - 🤖 ИиВТ ДГТУ Помощник
2026-03-22 11:44:27,454 - utils.logger - INFO - ======================================================================
2026-03-22 11:44:27,454 - utils.logger - INFO - ✅ База данных подключена
2026-03-22 11:44:27,454 - utils.logger - INFO - ✅ Кеш токенов активирован
2026-03-22 11:44:27,455 - utils.logger - INFO - ✅ Токен: 8628225993:AAEvnCL9BWCN_zDUkta...
2026-03-22 11:44:27,455 - utils.logger - INFO - 🔌 Прокси: http://103.78.189.79:8000
2026-03-22 11:44:27,456 - utils.logger - INFO - ✅ Роутеры подключены
2026-03-22 11:44:27,456 - utils.logger - INFO - ✅ ИИ (GigaChat) готов
2026-03-22 11:44:27,456 - utils.logger - INFO - ✅ Кеширование включено
2026-03-22 11:44:27,457 - utils.logger - INFO - ======================================================================
2026-03-22 11:44:27,457 - utils.logger - INFO - 🚀 БОТ ЗАПУЩЕН!
2026-03-22 11:44:27,457 - utils.logger - INFO - 📱 В Telegram: /start
2026-03-22 11:44:27,458 - utils.logger - INFO - 📊 Статистика кеша: /cache
2026-03-22 11:44:27,458 - utils.logger - INFO - 🧹 Очистить кеш: /clearcache
2026-03-22 11:44:27,459 - utils.logger - INFO - ⏹️  Остановка: Ctrl + C
2026-03-22 11:44:27,459 - utils.logger - INFO - ======================================================================
2026-03-22 11:44:27,460 - aiogram.dispatcher - INFO - Start polling
2026-03-22 11:44:46,786 - aiogram.dispatcher - INFO - Polling stopped
2026-03-22 11:44:47,041 - utils.logger - ERROR - ❌ Ошибка бота: HTTP Client says - ClientConnectorError: Cannot connect to host api.telegram.org:443 ssl:default [Превышен таймаут семафора]
2026-03-22 11:44:47,041 - utils.logger - INFO - 🔌 Сессия бота закрыта
2026-03-22 11:47:13,776 - utils.logger - INFO - 🔌 Прокси: http://103.78.189.79:8000
2026-03-22 11:47:13,776 - utils.logger - INFO - ✅ Прокси подключён успешно!
2026-03-22 11:47:13,778 - utils.logger - INFO - ======================================================================
2026-03-22 11:47:13,783 - utils.logger - INFO - 🤖 ИиВТ ДГТУ Помощник
2026-03-22 11:47:13,785 - utils.logger - INFO - ======================================================================
2026-03-22 11:47:13,785 - utils.logger - INFO - ✅ База данных подключена
2026-03-22 11:47:13,785 - utils.logger - INFO - ✅ Кеш токенов активирован
2026-03-22 11:47:13,786 - utils.logger - INFO - ✅ Токен: 8628225993:AAEvnCL9BWCN_zDUkta...
2026-03-22 11:47:13,787 - utils.logger - INFO - 🔌 Прокси: http://103.78.189.79:8000
2026-03-22 11:47:13,788 - utils.logger - INFO - ✅ Роутеры подключены
2026-03-22 11:47:13,792 - utils.logger - INFO - ✅ ИИ (GigaChat) готов
2026-03-22 11:47:13,793 - utils.logger - INFO - ✅ Кеширование включено
2026-03-22 11:47:13,797 - utils.logger - INFO - ======================================================================
2026-03-22 11:47:13,799 - utils.logger - INFO - 🚀 БОТ ЗАПУЩЕН!
2026-03-22 11:47:13,799 - utils.logger - INFO - 📱 В Telegram: /start
2026-03-22 11:47:13,800 - utils.logger - INFO - 📊 Статистика кеша: /cache
2026-03-22 11:47:13,800 - utils.logger - INFO - 🧹 Очистить кеш: /clearcache
2026-03-22 11:47:13,801 - utils.logger - INFO - ⏹️  Остановка: Ctrl + C
2026-03-22 11:47:13,801 - utils.logger - INFO - ======================================================================
2026-03-22 11:47:13,801 - aiogram.dispatcher - INFO - Start polling
2026-03-22 11:47:13,930 - aiogram.dispatcher - INFO - Polling stopped
2026-03-22 11:47:14,193 - utils.logger - ERROR - ❌ Ошибка: 407 Proxy Authentication Required
2026-03-22 11:49:32,198 - utils.logger - INFO - 🔌 Прокси: http://8TTs2K:v79kcs@103.78.189.79:8000
2026-03-22 11:49:32,199 - utils.logger - INFO - ✅ Прокси подключён успешно!
2026-03-22 11:49:32,201 - utils.logger - INFO - ======================================================================
2026-03-22 11:49:32,201 - utils.logger - INFO - 🤖 ИиВТ ДГТУ Помощник
2026-03-22 11:49:32,205 - utils.logger - INFO - ======================================================================
2026-03-22 11:49:32,205 - utils.logger - INFO - ✅ База данных подключена
2026-03-22 11:49:32,206 - utils.logger - INFO - ✅ Кеш токенов активирован
2026-03-22 11:49:32,206 - utils.logger - INFO - ✅ Токен: 8628225993:AAEvnCL9BWCN_zDUkta...
2026-03-22 11:49:32,207 - utils.logger - INFO - 🔌 Прокси: http://8TTs2K:v79kcs@103.78.189.79:8000
2026-03-22 11:49:32,207 - utils.logger - INFO - ✅ Роутеры подключены
2026-03-22 11:49:32,210 - utils.logger - INFO - ✅ ИИ (GigaChat) готов
2026-03-22 11:49:32,214 - utils.logger - INFO - ✅ Кеширование включено
2026-03-22 11:49:32,214 - utils.logger - INFO - ======================================================================
2026-03-22 11:49:32,215 - utils.logger - INFO - 🚀 БОТ ЗАПУЩЕН!
2026-03-22 11:49:32,216 - utils.logger - INFO - 📱 В Telegram: /start
2026-03-22 11:49:32,216 - utils.logger - INFO - 📊 Статистика кеша: /cache
2026-03-22 11:49:32,217 - utils.logger - INFO - 🧹 Очистить кеш: /clearcache
2026-03-22 11:49:32,217 - utils.logger - INFO - ⏹️  Остановка: Ctrl + C
2026-03-22 11:49:32,217 - utils.logger - INFO - ======================================================================
2026-03-22 11:49:32,218 - aiogram.dispatcher - INFO - Start polling
2026-03-22 11:49:32,650 - aiogram.dispatcher - INFO - Run polling for bot @iivt_dgtu_bot id=8628225993 - 'ИиВТ ДГТУ Помощник'
2026-03-22 11:49:33,328 - aiogram.event - INFO - Update id=370412470 is handled. Duration 608 ms by bot id=8628225993
2026-03-22 11:50:03,338 - aiogram.event - INFO - Update id=370412471 is handled. Duration 327 ms by bot id=8628225993
2026-03-22 11:50:04,917 - aiogram.event - INFO - Update id=370412472 is handled. Duration 155 ms by bot id=8628225993
2026-03-22 11:50:11,456 - aiogram.event - INFO - Update id=370412473 is handled. Duration 156 ms by bot id=8628225993
2026-03-22 11:50:12,917 - aiogram.event - INFO - Update id=370412474 is handled. Duration 530 ms by bot id=8628225993
2026-03-22 11:50:14,691 - aiogram.event - INFO - Update id=370412475 is handled. Duration 484 ms by bot id=8628225993
2026-03-22 11:50:23,610 - httpx - INFO - HTTP Request: POST https://ngw.devices.sberbank.ru:9443/api/v2/oauth "HTTP/1.1 200 OK"
2026-03-22 11:50:27,607 - httpx - INFO - HTTP Request: POST https://gigachat.devices.sberbank.ru/api/v1/chat/completions "HTTP/1.1 200 OK"
2026-03-22 11:50:27,875 - aiogram.event - INFO - Update id=370412476 is handled. Duration 4515 ms by bot id=8628225993
2026-03-22 11:50:30,484 - handlers.feedback_handler - INFO - 👍 Положительный отзыв от пользователя 1057899073
2026-03-22 11:50:30,484 - aiogram.event - INFO - Update id=370412477 is handled. Duration 188 ms by bot id=8628225993
2026-03-22 11:50:40,298 - httpx - INFO - HTTP Request: POST https://gigachat.devices.sberbank.ru/api/v1/chat/completions "HTTP/1.1 200 OK"
2026-03-22 11:50:40,530 - aiogram.event - INFO - Update id=370412478 is handled. Duration 4592 ms by bot id=8628225993
2026-03-22 11:50:55,493 - aiogram.event - INFO - Update id=370412479 is handled. Duration 172 ms by bot id=8628225993
2026-03-22 11:50:58,054 - aiogram.event - INFO - Update id=370412480 is handled. Duration 468 ms by bot id=8628225993
2026-03-22 11:52:01,653 - aiogram.event - INFO - Update id=370412481 is handled. Duration 295 ms by bot id=8628225993
2026-03-22 11:52:06,616 - aiogram.event - INFO - Update id=370412482 is handled. Duration 250 ms by bot id=8628225993
2026-03-22 11:52:07,668 - aiogram.event - INFO - Update id=370412483 is handled. Duration 327 ms by bot id=8628225993
2026-03-22 11:52:08,591 - aiogram.event - INFO - Update id=370412484 is handled. Duration 156 ms by bot id=8628225993
2026-03-22 11:52:09,507 - aiogram.event - INFO - Update id=370412485 is handled. Duration 156 ms by bot id=8628225993
2026-03-22 11:52:10,514 - aiogram.event - INFO - Update id=370412486 is handled. Duration 266 ms by bot id=8628225993
2026-03-22 11:52:11,692 - aiogram.event - INFO - Update id=370412487 is handled. Duration 297 ms by bot id=8628225993
2026-03-22 11:52:12,927 - aiogram.event - INFO - Update id=370412488 is handled. Duration 391 ms by bot id=8628225993
2026-03-22 11:52:14,926 - aiogram.event - INFO - Update id=370412489 is handled. Duration 359 ms by bot id=8628225993
2026-03-22 11:52:16,026 - aiogram.event - INFO - Update id=370412490 is handled. Duration 186 ms by bot id=8628225993
2026-03-22 11:52:17,028 - aiogram.event - INFO - Update id=370412491 is handled. Duration 155 ms by bot id=8628225993
2026-03-22 11:52:18,676 - aiogram.event - INFO - Update id=370412492 is handled. Duration 157 ms by bot id=8628225993
2026-03-22 11:52:23,477 - aiogram.event - INFO - Update id=370412493 is handled. Duration 172 ms by bot id=8628225993
2026-03-22 11:52:25,893 - aiogram.event - INFO - Update id=370412494 is handled. Duration 172 ms by bot id=8628225993
2026-03-22 11:52:26,862 - aiogram.event - INFO - Update id=370412495 is handled. Duration 172 ms by bot id=8628225993
2026-03-22 11:52:28,731 - aiogram.event - INFO - Update id=370412496 is handled. Duration 157 ms by bot id=8628225993
2026-03-22 11:52:29,607 - aiogram.event - INFO - Update id=370412497 is handled. Duration 218 ms by bot id=8628225993
2026-03-22 11:52:32,875 - aiogram.event - INFO - Update id=370412498 is handled. Duration 358 ms by bot id=8628225993
2026-03-22 11:52:35,039 - aiogram.event - INFO - Update id=370412499 is handled. Duration 186 ms by bot id=8628225993
2026-03-22 11:52:38,795 - aiogram.event - INFO - Update id=370412500 is handled. Duration 280 ms by bot id=8628225993
2026-03-22 11:55:15,433 - aiogram.event - INFO - Update id=370412501 is handled. Duration 157 ms by bot id=8628225993
2026-03-22 11:55:16,826 - aiogram.event - INFO - Update id=370412502 is handled. Duration 156 ms by bot id=8628225993
2026-03-22 11:55:22,789 - aiogram.event - INFO - Update id=370412503 is handled. Duration 0 ms by bot id=8628225993
2026-03-22 11:55:27,108 - aiogram.event - INFO - Update id=370412504 is handled. Duration 157 ms by bot id=8628225993
2026-03-22 11:55:28,388 - aiogram.event - INFO - Update id=370412505 is handled. Duration 219 ms by bot id=8628225993
2026-03-22 11:56:52,623 - aiogram.event - INFO - Update id=370412506 is handled. Duration 156 ms by bot id=8628225993
2026-03-22 12:05:05,101 - aiogram.dispatcher - INFO - Polling stopped
2026-03-22 12:05:05,101 - aiogram.dispatcher - ERROR - Failed to fetch updates - TelegramNetworkError: HTTP Client says - ServerDisconnectedError: Server disconnected
2026-03-22 12:05:05,103 - aiogram.dispatcher - WARNING - Sleep for 1.000000 seconds and try again... (tryings = 0, bot id = 8628225993)
2026-03-22 12:05:05,363 - aiogram.dispatcher - INFO - Polling stopped for bot @iivt_dgtu_bot id=8628225993 - 'ИиВТ ДГТУ Помощник'
2026-03-22 12:05:25,904 - utils.logger - INFO - 🔌 Прокси: http://8TTs2K:v79kcs@103.78.189.79:8000
2026-03-22 12:05:25,905 - utils.logger - INFO - ✅ Прокси подключён успешно!
2026-03-22 12:05:25,906 - utils.logger - INFO - ======================================================================
2026-03-22 12:05:25,906 - utils.logger - INFO - 🤖 ИиВТ ДГТУ Помощник
2026-03-22 12:05:25,909 - utils.logger - INFO - ======================================================================
2026-03-22 12:05:25,910 - utils.logger - INFO - ✅ База данных подключена
2026-03-22 12:05:25,911 - utils.logger - INFO - ✅ Кеш токенов активирован
2026-03-22 12:05:25,911 - utils.logger - INFO - ✅ Токен: 8628225993:AAEvnCL9BWCN_zDUkta...
2026-03-22 12:05:25,915 - utils.logger - INFO - 🔌 Прокси: http://8TTs2K:v79kcs@103.78.189.79:8000
2026-03-22 12:05:25,916 - utils.logger - INFO - ✅ Роутеры подключены
2026-03-22 12:05:25,919 - utils.logger - INFO - ✅ ИИ (GigaChat) готов
2026-03-22 12:05:25,920 - utils.logger - INFO - ✅ Кеширование включено
2026-03-22 12:05:25,921 - utils.logger - INFO - ======================================================================
2026-03-22 12:05:25,921 - utils.logger - INFO - 🚀 БОТ ЗАПУЩЕН!
2026-03-22 12:05:25,921 - utils.logger - INFO - 📱 В Telegram: /start
2026-03-22 12:05:25,921 - utils.logger - INFO - 📊 Статистика кеша: /cache
2026-03-22 12:05:25,922 - utils.logger - INFO - 🧹 Очистить кеш: /clearcache
2026-03-22 12:05:25,922 - utils.logger - INFO - ⏹️  Остановка: Ctrl + C
2026-03-22 12:05:25,922 - utils.logger - INFO - ======================================================================
2026-03-22 12:05:25,923 - aiogram.dispatcher - INFO - Start polling
2026-03-22 12:05:26,389 - aiogram.dispatcher - INFO - Run polling for bot @iivt_dgtu_bot id=8628225993 - 'ИиВТ ДГТУ Помощник'
2026-03-22 12:05:34,187 - aiogram.event - INFO - Update id=370412507 is handled. Duration 593 ms by bot id=8628225993
2026-03-22 12:05:35,356 - aiogram.event - INFO - Update id=370412508 is handled. Duration 282 ms by bot id=8628225993
2026-03-22 12:05:36,307 - aiogram.event - INFO - Update id=370412509 is handled. Duration 282 ms by bot id=8628225993
2026-03-22 12:05:37,526 - aiogram.event - INFO - Update id=370412510 is handled. Duration 295 ms by bot id=8628225993
2026-03-22 12:05:38,607 - aiogram.event - INFO - Update id=370412511 is handled. Duration 234 ms by bot id=8628225993
2026-03-22 12:05:40,316 - aiogram.event - INFO - Update id=370412512 is handled. Duration 171 ms by bot id=8628225993
2026-03-22 12:07:44,124 - aiogram.event - INFO - Update id=370412513 is handled. Duration 0 ms by bot id=8628225993
2026-03-22 12:07:56,632 - aiogram.event - INFO - Update id=370412514 is handled. Duration 0 ms by bot id=8628225993
2026-03-22 12:10:12,530 - aiogram.dispatcher - INFO - Polling stopped
2026-03-22 12:10:12,532 - aiogram.dispatcher - ERROR - Failed to fetch updates - TelegramNetworkError: HTTP Client says - ServerDisconnectedError: Server disconnected
2026-03-22 12:10:12,532 - aiogram.dispatcher - WARNING - Sleep for 1.000000 seconds and try again... (tryings = 0, bot id = 8628225993)
2026-03-22 12:10:12,794 - aiogram.dispatcher - INFO - Polling stopped for bot @iivt_dgtu_bot id=8628225993 - 'ИиВТ ДГТУ Помощник'
2026-03-22 12:22:17,599 - utils.logger - INFO - 🔌 Прокси: http://8TTs2K:v79kcs@103.78.189.79:8000
2026-03-22 12:22:17,599 - utils.logger - INFO - ✅ Прокси подключён успешно!
2026-03-22 12:22:17,600 - utils.logger - INFO - ======================================================================
2026-03-22 12:22:17,600 - utils.logger - INFO - 🤖 ИиВТ ДГТУ Помощник
2026-03-22 12:22:17,600 - utils.logger - INFO - ======================================================================
2026-03-22 12:22:17,600 - utils.logger - INFO - ✅ База данных подключена
2026-03-22 12:22:17,600 - utils.logger - INFO - ✅ Кеш токенов активирован
2026-03-22 12:22:17,601 - utils.logger - INFO - ✅ Токен: 8628225993:AAEvnCL9BWCN_zDUkta...
2026-03-22 12:22:17,601 - utils.logger - INFO - 🔌 Прокси: http://8TTs2K:v79kcs@103.78.189.79:8000
2026-03-22 12:22:17,602 - utils.logger - INFO - ✅ Роутеры подключены
2026-03-22 12:22:17,603 - utils.logger - INFO - ✅ ИИ (GigaChat) готов
2026-03-22 12:22:17,603 - utils.logger - INFO - ✅ Кеширование включено
2026-03-22 12:22:17,604 - utils.logger - INFO - ======================================================================
2026-03-22 12:22:17,604 - utils.logger - INFO - 🚀 БОТ ЗАПУЩЕН!
2026-03-22 12:22:17,605 - utils.logger - INFO - 📱 В Telegram: /start
2026-03-22 12:22:17,605 - utils.logger - INFO - 📊 Статистика кеша: /cache
2026-03-22 12:22:17,606 - utils.logger - INFO - 🧹 Очистить кеш: /clearcache
2026-03-22 12:22:17,606 - utils.logger - INFO - ⏹️  Остановка: Ctrl + C
2026-03-22 12:22:17,607 - utils.logger - INFO - ======================================================================
2026-03-22 12:22:17,607 - aiogram.dispatcher - INFO - Start polling
2026-03-22 12:22:18,059 - aiogram.dispatcher - INFO - Run polling for bot @iivt_dgtu_bot id=8628225993 - 'ИиВТ ДГТУ Помощник'
2026-03-22 12:22:27,071 - aiogram.event - INFO - Update id=370412517 is handled. Duration 0 ms by bot id=8628225993
2026-03-22 12:22:29,513 - aiogram.event - INFO - Update id=370412518 is handled. Duration 531 ms by bot id=8628225993
2026-03-22 12:22:30,476 - aiogram.event - INFO - Update id=370412519 is handled. Duration 172 ms by bot id=8628225993
2026-03-22 12:22:35,204 - aiogram.event - INFO - Update id=370412520 is handled. Duration 172 ms by bot id=8628225993
2026-03-22 12:22:36,242 - aiogram.event - INFO - Update id=370412521 is handled. Duration 281 ms by bot id=8628225993
2026-03-22 12:22:39,411 - aiogram.event - INFO - Update id=370412522 is handled. Duration 202 ms by bot id=8628225993
2026-03-22 12:23:02,168 - aiogram.event - INFO - Update id=370412523 is handled. Duration 171 ms by bot id=8628225993
2026-03-22 12:23:04,437 - aiogram.event - INFO - Update id=370412524 is handled. Duration 187 ms by bot id=8628225993
2026-03-22 12:23:07,017 - aiogram.event - INFO - Update id=370412525 is handled. Duration 266 ms by bot id=8628225993
2026-03-22 12:23:14,508 - aiogram.event - INFO - Update id=370412526 is handled. Duration 219 ms by bot id=8628225993
2026-03-22 12:23:15,721 - aiogram.event - INFO - Update id=370412527 is handled. Duration 218 ms by bot id=8628225993
2026-03-22 12:23:16,773 - aiogram.event - INFO - Update id=370412528 is handled. Duration 170 ms by bot id=8628225993
2026-03-22 12:23:17,929 - aiogram.event - INFO - Update id=370412529 is handled. Duration 282 ms by bot id=8628225993
2026-03-22 12:23:18,791 - aiogram.event - INFO - Update id=370412530 is handled. Duration 358 ms by bot id=8628225993
2026-03-22 12:23:20,300 - aiogram.event - INFO - Update id=370412531 is handled. Duration 0 ms by bot id=8628225993
2026-03-22 12:23:22,830 - aiogram.event - INFO - Update id=370412532 is handled. Duration 0 ms by bot id=8628225993
2026-03-22 12:23:24,362 - aiogram.event - INFO - Update id=370412533 is handled. Duration 359 ms by bot id=8628225993
2026-03-22 12:23:27,961 - aiogram.event - INFO - Update id=370412534 is handled. Duration 891 ms by bot id=8628225993
2026-03-22 12:23:29,926 - aiogram.event - INFO - Update id=370412535 is handled. Duration 750 ms by bot id=8628225993
2026-03-22 12:23:31,585 - aiogram.event - INFO - Update id=370412536 is handled. Duration 750 ms by bot id=8628225993
2026-03-22 12:24:08,227 - aiogram.event - INFO - Update id=370412537 is handled. Duration 359 ms by bot id=8628225993
2026-03-22 12:24:14,772 - aiogram.event - INFO - Update id=370412538 is handled. Duration 250 ms by bot id=8628225993
2026-03-22 12:24:17,195 - aiogram.event - INFO - Update id=370412539 is handled. Duration 422 ms by bot id=8628225993
2026-03-22 12:24:17,865 - aiogram.event - INFO - Update id=370412540 is handled. Duration 172 ms by bot id=8628225993
2026-03-22 12:24:18,715 - aiogram.event - INFO - Update id=370412541 is handled. Duration 156 ms by bot id=8628225993
2026-03-22 12:25:09,130 - aiogram.event - INFO - Update id=370412542 is handled. Duration 281 ms by bot id=8628225993
2026-03-22 12:25:12,690 - aiogram.event - INFO - Update id=370412543 is handled. Duration 202 ms by bot id=8628225993
2026-03-22 12:25:14,329 - aiogram.event - INFO - Update id=370412544 is handled. Duration 250 ms by bot id=8628225993
2026-03-22 12:29:29,537 - aiogram.event - INFO - Update id=370412545 is handled. Duration 171 ms by bot id=8628225993
2026-03-22 12:29:31,869 - aiogram.event - INFO - Update id=370412546 is handled. Duration 187 ms by bot id=8628225993
2026-03-22 12:29:33,142 - aiogram.event - INFO - Update id=370412547 is handled. Duration 172 ms by bot id=8628225993
2026-03-22 12:29:34,915 - aiogram.event - INFO - Update id=370412548 is handled. Duration 186 ms by bot id=8628225993
2026-03-22 12:29:35,967 - aiogram.event - INFO - Update id=370412549 is handled. Duration 156 ms by bot id=8628225993
2026-03-22 12:29:37,073 - aiogram.event - INFO - Update id=370412550 is handled. Duration 390 ms by bot id=8628225993
2026-03-22 12:29:39,638 - aiogram.event - INFO - Update id=370412551 is handled. Duration 156 ms by bot id=8628225993
2026-03-22 12:29:40,514 - aiogram.event - INFO - Update id=370412552 is handled. Duration 172 ms by bot id=8628225993
2026-03-22 12:29:41,461 - aiogram.event - INFO - Update id=370412553 is handled. Duration 172 ms by bot id=8628225993
2026-03-22 12:29:42,155 - aiogram.event - INFO - Update id=370412554 is handled. Duration 170 ms by bot id=8628225993
2026-03-22 12:29:42,857 - aiogram.event - INFO - Update id=370412555 is handled. Duration 234 ms by bot id=8628225993
2026-03-22 12:29:43,842 - aiogram.event - INFO - Update id=370412556 is handled. Duration 188 ms by bot id=8628225993
2026-03-22 12:29:48,581 - aiogram.event - INFO - Update id=370412557 is handled. Duration 156 ms by bot id=8628225993
2026-03-22 12:29:49,607 - aiogram.event - INFO - Update id=370412558 is handled. Duration 172 ms by bot id=8628225993
2026-03-22 12:29:50,545 - aiogram.event - INFO - Update id=370412559 is handled. Duration 358 ms by bot id=8628225993
2026-03-22 12:29:52,046 - aiogram.event - INFO - Update id=370412560 is handled. Duration 233 ms by bot id=8628225993
2026-03-22 12:29:53,008 - aiogram.event - INFO - Update id=370412561 is handled. Duration 360 ms by bot id=8628225993
2026-03-22 12:31:39,801 - aiogram.dispatcher - INFO - Polling stopped
2026-03-22 12:31:39,803 - aiogram.dispatcher - ERROR - Failed to fetch updates - TelegramNetworkError: HTTP Client says - ServerDisconnectedError: Server disconnected
2026-03-22 12:31:39,803 - aiogram.dispatcher - WARNING - Sleep for 1.000000 seconds and try again... (tryings = 0, bot id = 8628225993)
2026-03-22 12:31:40,059 - aiogram.dispatcher - INFO - Polling stopped for bot @iivt_dgtu_bot id=8628225993 - 'ИиВТ ДГТУ Помощник'
2026-03-22 12:34:24,119 - utils.logger - INFO - 🔌 Прокси: http://8TTs2K:v79kcs@103.78.189.79:8000
2026-03-22 12:34:24,119 - utils.logger - INFO - ✅ Прокси подключён успешно!
2026-03-22 12:34:24,120 - utils.logger - INFO - ======================================================================
2026-03-22 12:34:24,120 - utils.logger - INFO - 🤖 ИиВТ ДГТУ Помощник
2026-03-22 12:34:24,120 - utils.logger - INFO - ======================================================================
2026-03-22 12:34:24,120 - utils.logger - INFO - ✅ База данных подключена
2026-03-22 12:34:24,120 - utils.logger - INFO - ✅ Кеш токенов активирован
2026-03-22 12:34:24,120 - utils.logger - INFO - ✅ Токен: 8628225993:AAEvnCL9BWCN_zDUkta...
2026-03-22 12:34:24,120 - utils.logger - INFO - 🔌 Прокси: http://8TTs2K:v79kcs@103.78.189.79:8000
2026-03-22 12:34:24,120 - utils.logger - INFO - ✅ Роутеры подключены
2026-03-22 12:34:24,120 - utils.logger - INFO - ✅ ИИ (GigaChat) готов
2026-03-22 12:34:24,121 - utils.logger - INFO - ✅ Кеширование включено
2026-03-22 12:34:24,121 - utils.logger - INFO - ======================================================================
2026-03-22 12:34:24,121 - utils.logger - INFO - 🚀 БОТ ЗАПУЩЕН!
2026-03-22 12:34:24,121 - utils.logger - INFO - 📱 В Telegram: /start
2026-03-22 12:34:24,121 - utils.logger - INFO - 📊 Статистика кеша: /cache
2026-03-22 12:34:24,121 - utils.logger - INFO - 🧹 Очистить кеш: /clearcache
2026-03-22 12:34:24,121 - utils.logger - INFO - ⏹️  Остановка: Ctrl + C
2026-03-22 12:34:24,122 - utils.logger - INFO - ======================================================================
2026-03-22 12:34:24,123 - aiogram.dispatcher - INFO - Start polling
2026-03-22 12:34:24,591 - aiogram.dispatcher - INFO - Run polling for bot @iivt_dgtu_bot id=8628225993 - 'ИиВТ ДГТУ Помощник'
2026-03-22 12:34:28,976 - aiogram.event - INFO - Update id=370412562 is handled. Duration 547 ms by bot id=8628225993
2026-03-22 12:34:33,394 - aiogram.event - INFO - Update id=370412563 is handled. Duration 188 ms by bot id=8628225993
2026-03-22 12:35:01,173 - aiogram.event - INFO - Update id=370412564 is handled. Duration 0 ms by bot id=8628225993
2026-03-22 12:35:05,512 - aiogram.event - INFO - Update id=370412565 is handled. Duration 0 ms by bot id=8628225993
2026-03-22 12:54:03,901 - aiogram.dispatcher - ERROR - Failed to fetch updates - TelegramNetworkError: HTTP Client says - Request timeout error
2026-03-22 12:54:03,901 - aiogram.dispatcher - WARNING - Sleep for 1.000000 seconds and try again... (tryings = 0, bot id = 8628225993)
2026-03-22 12:54:15,254 - aiogram.dispatcher - INFO - Connection established (tryings = 1, bot id = 8628225993)
2026-03-22 12:55:38,441 - aiogram.dispatcher - INFO - Polling stopped
2026-03-22 12:55:38,442 - aiogram.dispatcher - ERROR - Failed to fetch updates - TelegramNetworkError: HTTP Client says - ServerDisconnectedError: Server disconnected
2026-03-22 12:55:38,442 - aiogram.dispatcher - WARNING - Sleep for 1.000000 seconds and try again... (tryings = 0, bot id = 8628225993)
2026-03-22 12:55:38,692 - aiogram.dispatcher - INFO - Polling stopped for bot @iivt_dgtu_bot id=8628225993 - 'ИиВТ ДГТУ Помощник'
2026-03-22 12:55:43,082 - utils.logger - INFO - 🔌 Прокси: http://8TTs2K:v79kcs@103.78.189.79:8000
2026-03-22 12:55:43,082 - utils.logger - INFO - ✅ Прокси подключён успешно!
2026-03-22 12:55:43,084 - utils.logger - INFO - ======================================================================
2026-03-22 12:55:43,084 - utils.logger - INFO - 🤖 ИиВТ ДГТУ Помощник
2026-03-22 12:55:43,088 - utils.logger - INFO - ======================================================================
2026-03-22 12:55:43,088 - utils.logger - INFO - ✅ База данных подключена
2026-03-22 12:55:43,089 - utils.logger - INFO - ✅ Кеш токенов активирован
2026-03-22 12:55:43,089 - utils.logger - INFO - ✅ Токен: 8628225993:AAEvnCL9BWCN_zDUkta...
2026-03-22 12:55:43,090 - utils.logger - INFO - 🔌 Прокси: http://8TTs2K:v79kcs@103.78.189.79:8000
2026-03-22 12:55:43,090 - utils.logger - INFO - ✅ Роутеры подключены
2026-03-22 12:55:43,091 - utils.logger - INFO - ✅ ИИ (GigaChat) готов
2026-03-22 12:55:43,091 - utils.logger - INFO - ✅ Кеширование включено
2026-03-22 12:55:43,092 - utils.logger - INFO - ======================================================================
2026-03-22 12:55:43,096 - utils.logger - INFO - 🚀 БОТ ЗАПУЩЕН!
2026-03-22 12:55:43,097 - utils.logger - INFO - 📱 В Telegram: /start
2026-03-22 12:55:43,098 - utils.logger - INFO - 📊 Статистика кеша: /cache
2026-03-22 12:55:43,098 - utils.logger - INFO - 🧹 Очистить кеш: /clearcache
2026-03-22 12:55:43,102 - utils.logger - INFO - ⏹️  Остановка: Ctrl + C
2026-03-22 12:55:43,104 - utils.logger - INFO - ======================================================================
2026-03-22 12:55:43,107 - aiogram.dispatcher - INFO - Start polling
2026-03-22 12:55:43,552 - aiogram.dispatcher - INFO - Run polling for bot @iivt_dgtu_bot id=8628225993 - 'ИиВТ ДГТУ Помощник'
2026-03-22 12:57:06,892 - aiogram.dispatcher - INFO - Polling stopped
2026-03-22 12:57:06,893 - aiogram.dispatcher - ERROR - Failed to fetch updates - TelegramNetworkError: HTTP Client says - ServerDisconnectedError: Server disconnected
2026-03-22 12:57:06,894 - aiogram.dispatcher - WARNING - Sleep for 1.000000 seconds and try again... (tryings = 0, bot id = 8628225993)
2026-03-22 12:57:07,147 - aiogram.dispatcher - INFO - Polling stopped for bot @iivt_dgtu_bot id=8628225993 - 'ИиВТ ДГТУ Помощник'
2026-03-22 12:57:10,623 - utils.logger - INFO - 🔌 Прокси: http://8TTs2K:v79kcs@103.78.189.79:8000
2026-03-22 12:57:10,623 - utils.logger - INFO - ✅ Прокси подключён успешно!
2026-03-22 12:57:10,625 - utils.logger - INFO - ======================================================================
2026-03-22 12:57:10,625 - utils.logger - INFO - 🤖 ИиВТ ДГТУ Помощник
2026-03-22 12:57:10,628 - utils.logger - INFO - ======================================================================
2026-03-22 12:57:10,628 - utils.logger - INFO - ✅ База данных подключена
2026-03-22 12:57:10,629 - utils.logger - INFO - ✅ Кеш токенов активирован
2026-03-22 12:57:10,629 - utils.logger - INFO - ✅ Токен: 8628225993:AAEvnCL9BWCN_zDUkta...
2026-03-22 12:57:10,630 - utils.logger - INFO - 🔌 Прокси: http://8TTs2K:v79kcs@103.78.189.79:8000
2026-03-22 12:57:10,630 - utils.logger - INFO - ✅ Роутеры подключены
2026-03-22 12:57:10,631 - utils.logger - INFO - ✅ ИИ (GigaChat) готов
2026-03-22 12:57:10,631 - utils.logger - INFO - ✅ Кеширование включено
2026-03-22 12:57:10,631 - utils.logger - INFO - ======================================================================
2026-03-22 12:57:10,632 - utils.logger - INFO - 🚀 БОТ ЗАПУЩЕН!
2026-03-22 12:57:10,634 - utils.logger - INFO - 📱 В Telegram: /start
2026-03-22 12:57:10,638 - utils.logger - INFO - 📊 Статистика кеша: /cache
2026-03-22 12:57:10,639 - utils.logger - INFO - 🧹 Очистить кеш: /clearcache
2026-03-22 12:57:10,639 - utils.logger - INFO - 📊 Статистика отзывов: /feedback_stats
2026-03-22 12:57:10,640 - utils.logger - INFO - ⏹️  Остановка: Ctrl + C
2026-03-22 12:57:10,640 - utils.logger - INFO - ======================================================================
2026-03-22 12:57:10,641 - aiogram.dispatcher - INFO - Start polling
2026-03-22 12:57:11,101 - aiogram.dispatcher - INFO - Run polling for bot @iivt_dgtu_bot id=8628225993 - 'ИиВТ ДГТУ Помощник'
2026-03-22 12:57:20,437 - aiogram.event - INFO - Update id=370412566 is handled. Duration 452 ms by bot id=8628225993
2026-03-22 12:57:24,440 - aiogram.event - INFO - Update id=370412567 is handled. Duration 218 ms by bot id=8628225993
2026-03-22 12:57:40,189 - aiogram.event - INFO - Update id=370412568 is handled. Duration 171 ms by bot id=8628225993
2026-03-22 12:57:41,930 - aiogram.event - INFO - Update id=370412569 is handled. Duration 484 ms by bot id=8628225993
2026-03-22 12:57:43,858 - aiogram.event - INFO - Update id=370412570 is handled. Duration 329 ms by bot id=8628225993
2026-03-22 12:57:53,191 - aiogram.event - INFO - Update id=370412571 is handled. Duration 282 ms by bot id=8628225993
2026-03-22 13:00:46,103 - aiogram.event - INFO - Update id=370412572 is handled. Duration 188 ms by bot id=8628225993
2026-03-22 13:00:47,481 - aiogram.event - INFO - Update id=370412573 is handled. Duration 188 ms by bot id=8628225993
2026-03-22 13:00:54,531 - aiogram.event - INFO - Update id=370412574 is handled. Duration 170 ms by bot id=8628225993
2026-03-22 13:03:27,743 - aiogram.dispatcher - INFO - Polling stopped
2026-03-22 13:03:27,744 - aiogram.dispatcher - ERROR - Failed to fetch updates - TelegramNetworkError: HTTP Client says - ServerDisconnectedError: Server disconnected
2026-03-22 13:03:27,745 - aiogram.dispatcher - WARNING - Sleep for 1.000000 seconds and try again... (tryings = 0, bot id = 8628225993)
2026-03-22 13:03:27,999 - aiogram.dispatcher - INFO - Polling stopped for bot @iivt_dgtu_bot id=8628225993 - 'ИиВТ ДГТУ Помощник'
2026-03-22 13:03:42,658 - utils.logger - INFO - 🔌 Прокси: http://8TTs2K:v79kcs@103.78.189.79:8000
2026-03-22 13:03:42,658 - utils.logger - INFO - ✅ Прокси подключён успешно!
2026-03-22 13:03:42,702 - utils.logger - INFO - ======================================================================
2026-03-22 13:03:42,702 - utils.logger - INFO - 🤖 ИиВТ ДГТУ Помощник
2026-03-22 13:03:42,703 - utils.logger - INFO - ======================================================================
2026-03-22 13:03:42,706 - utils.logger - INFO - ✅ База данных подключена
2026-03-22 13:03:42,706 - utils.logger - INFO - ✅ Кеш токенов активирован
2026-03-22 13:03:42,707 - utils.logger - INFO - ✅ Токен: 8628225993:AAEvnCL9BWCN_zDUkta...
2026-03-22 13:03:42,708 - utils.logger - INFO - 🔌 Прокси: http://8TTs2K:v79kcs@103.78.189.79:8000
2026-03-22 13:03:42,708 - utils.logger - INFO - ✅ Роутеры подключены
2026-03-22 13:03:42,709 - utils.logger - INFO - ✅ ИИ (GigaChat) готов
2026-03-22 13:03:42,709 - utils.logger - INFO - ✅ Кеширование включено
2026-03-22 13:03:42,710 - utils.logger - INFO - ======================================================================
2026-03-22 13:03:42,710 - utils.logger - INFO - 🚀 БОТ ЗАПУЩЕН!
2026-03-22 13:03:42,711 - utils.logger - INFO - 📱 В Telegram: /start
2026-03-22 13:03:42,715 - utils.logger - INFO - 📊 Статистика кеша: /cache
2026-03-22 13:03:42,717 - utils.logger - INFO - 🧹 Очистить кеш: /clearcache
2026-03-22 13:03:42,720 - utils.logger - INFO - 📊 Статистика отзывов: /feedback_stats
2026-03-22 13:03:42,720 - utils.logger - INFO - ⏹️  Остановка: Ctrl + C
2026-03-22 13:03:42,721 - utils.logger - INFO - ======================================================================
2026-03-22 13:03:42,721 - aiogram.dispatcher - INFO - Start polling
2026-03-22 13:03:43,180 - aiogram.dispatcher - INFO - Run polling for bot @iivt_dgtu_bot id=8628225993 - 'ИиВТ ДГТУ Помощник'
2026-03-22 13:04:32,938 - handlers.faq_handler - INFO - 📄 FAQ 'documents' просмотрен пользователем 1057899073
2026-03-22 13:04:33,447 - aiogram.event - INFO - Update id=370412575 is handled. Duration 515 ms by bot id=8628225993
2026-03-22 13:04:34,290 - handlers.faq_handler - INFO - ❓ FAQ открыт пользователем 1057899073
2026-03-22 13:04:34,465 - aiogram.event - INFO - Update id=370412576 is handled. Duration 172 ms by bot id=8628225993
2026-03-22 13:04:35,562 - aiogram.event - INFO - Update id=370412577 is handled. Duration 171 ms by bot id=8628225993
2026-03-22 13:04:36,240 - handlers.faq_handler - INFO - 🤖 ИИ-режим активирован пользователем 1057899073
2026-03-22 13:04:36,466 - aiogram.event - INFO - Update id=370412578 is handled. Duration 218 ms by bot id=8628225993
2026-03-22 13:04:42,172 - handlers.faq_handler - INFO - 🤖 ИИ-запрос от пользователя 1057899073
2026-03-22 13:04:42,451 - httpx - INFO - HTTP Request: POST https://ngw.devices.sberbank.ru:9443/api/v2/oauth "HTTP/1.1 200 OK"
2026-03-22 13:04:43,694 - httpx - INFO - HTTP Request: POST https://gigachat.devices.sberbank.ru/api/v1/chat/completions "HTTP/1.1 200 OK"
2026-03-22 13:04:43,909 - aiogram.event - INFO - Update id=370412579 is handled. Duration 1733 ms by bot id=8628225993
2026-03-22 13:04:51,713 - handlers.feedback_handler - INFO - 👎 Отрицательный отзыв от пользователя 1057899073
2026-03-22 13:04:51,713 - aiogram.event - INFO - Update id=370412580 is handled. Duration 218 ms by bot id=8628225993
2026-03-22 13:04:54,426 - handlers.feedback_handler - INFO - 📝 Причина отзыва от 1057899073: Нет информации
2026-03-22 13:04:54,426 - aiogram.event - INFO - Update id=370412581 is handled. Duration 687 ms by bot id=8628225993
2026-03-22 13:05:33,348 - handlers.faq_handler - INFO - 🔕 ИИ-режим выключен пользователем 1057899073
2026-03-22 13:05:33,515 - aiogram.event - INFO - Update id=370412582 is handled. Duration 172 ms by bot id=8628225993
2026-03-22 13:05:34,722 - handlers.faq_handler - INFO - 🤖 ИИ-режим активирован пользователем 1057899073
2026-03-22 13:05:34,960 - aiogram.event - INFO - Update id=370412583 is handled. Duration 250 ms by bot id=8628225993
2026-03-22 13:05:42,455 - handlers.faq_handler - INFO - 🤖 ИИ-запрос от пользователя 1057899073
2026-03-22 13:05:44,629 - httpx - INFO - HTTP Request: POST https://gigachat.devices.sberbank.ru/api/v1/chat/completions "HTTP/1.1 200 OK"
2026-03-22 13:05:44,960 - aiogram.event - INFO - Update id=370412584 is handled. Duration 2516 ms by bot id=8628225993
2026-03-22 13:06:21,037 - handlers.faq_handler - INFO - 🔕 ИИ-режим выключен пользователем 1057899073
2026-03-22 13:06:21,213 - aiogram.event - INFO - Update id=370412585 is handled. Duration 188 ms by bot id=8628225993
2026-03-22 13:06:22,158 - handlers.faq_handler - INFO - 📚 Направления запрошены пользователем 1057899073
2026-03-22 13:06:22,338 - aiogram.event - INFO - Update id=370412586 is handled. Duration 188 ms by bot id=8628225993
2026-03-22 13:06:23,680 - handlers.faq_handler - INFO - 🎓 Направление '01.03.04' просмотрено пользователем 1057899073
2026-03-22 13:06:23,869 - aiogram.event - INFO - Update id=370412587 is handled. Duration 187 ms by bot id=8628225993
2026-03-22 13:06:28,197 - handlers.faq_handler - INFO - 📚 Направления запрошены пользователем 1057899073
2026-03-22 13:06:28,448 - aiogram.event - INFO - Update id=370412588 is handled. Duration 250 ms by bot id=8628225993
2026-03-22 13:08:46,991 - handlers.faq_handler - INFO - 🎓 Направление '01.03.04' просмотрено пользователем 1057899073
2026-03-22 13:08:47,171 - aiogram.event - INFO - Update id=370412589 is handled. Duration 171 ms by bot id=8628225993
2026-03-22 13:09:00,528 - aiogram.event - INFO - Update id=370412590 is handled. Duration 139 ms by bot id=8628225993
2026-03-22 13:11:19,348 - handlers.faq_handler - INFO - ℹ️ О боте запрошено пользователем 1057899073
2026-03-22 13:11:19,832 - aiogram.event - INFO - Update id=370412591 is handled. Duration 500 ms by bot id=8628225993
2026-03-22 13:11:23,014 - handlers.faq_handler - INFO - 📅 Дни открытых дверей запрошены пользователем 1057899073
2026-03-22 13:11:23,312 - aiogram.event - INFO - Update id=370412592 is handled. Duration 296 ms by bot id=8628225993
2026-03-22 13:11:25,842 - handlers.faq_handler - INFO - 🔔 Напоминание установлено пользователем 1057899073
2026-03-22 13:11:26,186 - aiogram.event - INFO - Update id=370412593 is handled. Duration 343 ms by bot id=8628225993
2026-03-22 13:20:33,448 - aiogram.dispatcher - INFO - Polling stopped
2026-03-22 13:20:33,449 - aiogram.dispatcher - ERROR - Failed to fetch updates - TelegramNetworkError: HTTP Client says - ServerDisconnectedError: Server disconnected
2026-03-22 13:20:33,450 - aiogram.dispatcher - WARNING - Sleep for 1.000000 seconds and try again... (tryings = 0, bot id = 8628225993)
2026-03-22 13:20:33,710 - aiogram.dispatcher - INFO - Polling stopped for bot @iivt_dgtu_bot id=8628225993 - 'ИиВТ ДГТУ Помощник'
2026-03-22 13:22:48,820 - utils.logger - INFO - 🔌 Прокси: http://8TTs2K:v79kcs@103.78.189.79:8000
2026-03-22 13:22:48,820 - utils.logger - INFO - ✅ Прокси подключён успешно!
2026-03-22 13:22:48,820 - utils.logger - INFO - ======================================================================
2026-03-22 13:22:48,821 - utils.logger - INFO - 🤖 ИиВТ ДГТУ Помощник
2026-03-22 13:22:48,821 - utils.logger - INFO - ======================================================================
2026-03-22 13:22:48,822 - utils.logger - INFO - ✅ База данных подключена
2026-03-22 13:22:48,822 - utils.logger - INFO - ✅ Кеш токенов активирован
2026-03-22 13:22:48,823 - utils.logger - INFO - ✅ Токен: 8628225993:AAEvnCL9BWCN_zDUkta...
2026-03-22 13:22:48,824 - utils.logger - INFO - 🔌 Прокси: http://8TTs2K:v79kcs@103.78.189.79:8000
2026-03-22 13:22:48,824 - utils.logger - INFO - ✅ Роутеры подключены
2026-03-22 13:22:48,825 - utils.logger - INFO - ✅ ИИ (GigaChat) готов
2026-03-22 13:22:48,827 - utils.logger - INFO - ✅ Кеширование включено
2026-03-22 13:22:48,827 - utils.logger - INFO - ======================================================================
2026-03-22 13:22:48,828 - utils.logger - INFO - 🚀 БОТ ЗАПУЩЕН!
2026-03-22 13:22:48,828 - utils.logger - INFO - 📱 В Telegram: /start
2026-03-22 13:22:48,829 - utils.logger - INFO - 📊 Статистика кеша: /cache
2026-03-22 13:22:48,829 - utils.logger - INFO - 🧹 Очистить кеш: /clearcache
2026-03-22 13:22:48,831 - utils.logger - INFO - 📊 Статистика отзывов: /feedback_stats
2026-03-22 13:22:48,833 - utils.logger - INFO - ⏹️  Остановка: Ctrl + C
2026-03-22 13:22:48,835 - utils.logger - INFO - ======================================================================
2026-03-22 13:22:48,836 - aiogram.dispatcher - INFO - Start polling
2026-03-22 13:22:49,300 - aiogram.dispatcher - INFO - Run polling for bot @iivt_dgtu_bot id=8628225993 - 'ИиВТ ДГТУ Помощник'
2026-03-22 13:22:51,651 - handlers.faq_handler - INFO - 📚 Направления запрошены пользователем 1057899073
2026-03-22 13:22:52,137 - aiogram.event - INFO - Update id=370412594 is handled. Duration 485 ms by bot id=8628225993
2026-03-22 13:22:52,621 - handlers.faq_handler - INFO - 🎓 Направление '09.03.02_ai' просмотрено пользователем 1057899073
2026-03-22 13:22:52,866 - aiogram.event - INFO - Update id=370412595 is handled. Duration 250 ms by bot id=8628225993
2026-03-22 13:22:54,482 - handlers.faq_handler - INFO - 📚 Направления запрошены пользователем 1057899073
2026-03-22 13:22:54,639 - aiogram.event - INFO - Update id=370412596 is handled. Duration 156 ms by bot id=8628225993
2026-03-22 13:22:57,865 - handlers.faq_handler - INFO - 🎓 Направление '09.03.02_ist' просмотрено пользователем 1057899073
2026-03-22 13:22:58,046 - aiogram.event - INFO - Update id=370412597 is handled. Duration 186 ms by bot id=8628225993
2026-03-22 13:23:02,736 - handlers.faq_handler - INFO - 📚 Направления запрошены пользователем 1057899073
2026-03-22 13:23:02,924 - aiogram.event - INFO - Update id=370412598 is handled. Duration 186 ms by bot id=8628225993
2026-03-22 13:23:06,013 - handlers.faq_handler - INFO - 🎓 Направление '01.03.04' просмотрено пользователем 1057899073
2026-03-22 13:23:06,194 - aiogram.event - INFO - Update id=370412599 is handled. Duration 186 ms by bot id=8628225993
2026-03-22 13:23:20,786 - handlers.faq_handler - INFO - 📚 Направления запрошены пользователем 1057899073
2026-03-22 13:23:20,962 - aiogram.event - INFO - Update id=370412600 is handled. Duration 188 ms by bot id=8628225993
2026-03-22 13:23:22,735 - aiogram.event - INFO - Update id=370412601 is handled. Duration 157 ms by bot id=8628225993
2026-03-22 13:23:24,401 - handlers.faq_handler - INFO - 📚 Направления запрошены пользователем 1057899073
2026-03-22 13:23:24,574 - aiogram.event - INFO - Update id=370412602 is handled. Duration 172 ms by bot id=8628225993
2026-03-22 13:23:26,705 - aiogram.event - INFO - Update id=370412603 is handled. Duration 156 ms by bot id=8628225993
2026-03-22 13:23:27,948 - handlers.faq_handler - INFO - 📅 Дни открытых дверей запрошены пользователем 1057899073
2026-03-22 13:23:28,219 - aiogram.event - INFO - Update id=370412604 is handled. Duration 266 ms by bot id=8628225993
2026-03-22 13:23:29,024 - handlers.faq_handler - INFO - 🔔 Напоминание установлено пользователем 1057899073
2026-03-22 13:23:29,329 - aiogram.event - INFO - Update id=370412605 is handled. Duration 297 ms by bot id=8628225993
2026-03-22 13:23:30,051 - handlers.faq_handler - INFO - ℹ️ О боте запрошено пользователем 1057899073
2026-03-22 13:23:30,422 - aiogram.event - INFO - Update id=370412606 is handled. Duration 375 ms by bot id=8628225993
2026-03-22 13:25:09,567 - handlers.faq_handler - INFO - 📚 Направления запрошены пользователем 1057899073
2026-03-22 13:25:09,909 - aiogram.event - INFO - Update id=370412607 is handled. Duration 342 ms by bot id=8628225993
2026-03-22 13:25:12,216 - aiogram.event - INFO - Update id=370412608 is handled. Duration 218 ms by bot id=8628225993
2026-03-22 13:25:12,945 - handlers.faq_handler - INFO - ℹ️ О боте запрошено пользователем 1057899073
2026-03-22 13:25:13,324 - aiogram.event - INFO - Update id=370412609 is handled. Duration 375 ms by bot id=8628225993
2026-03-22 13:25:14,238 - handlers.faq_handler - INFO - 📚 Направления запрошены пользователем 1057899073
2026-03-22 13:25:14,545 - aiogram.event - INFO - Update id=370412610 is handled. Duration 311 ms by bot id=8628225993
2026-03-22 13:25:16,051 - handlers.faq_handler - INFO - 🎓 Направление '01.03.04' просмотрено пользователем 1057899073
2026-03-22 13:25:16,291 - aiogram.event - INFO - Update id=370412611 is handled. Duration 250 ms by bot id=8628225993
2026-03-22 13:25:22,429 - aiogram.event - INFO - Update id=370412612 is handled. Duration 109 ms by bot id=8628225993
2026-03-22 13:25:37,563 - handlers.faq_handler - INFO - 📅 Дни открытых дверей запрошены пользователем 1057899073
2026-03-22 13:25:37,799 - aiogram.event - INFO - Update id=370412613 is handled. Duration 233 ms by bot id=8628225993
2026-03-22 13:25:40,821 - handlers.faq_handler - INFO - 🔔 Напоминание установлено пользователем 1057899073
2026-03-22 13:25:41,163 - aiogram.event - INFO - Update id=370412614 is handled. Duration 343 ms by bot id=8628225993
2026-03-22 13:25:45,688 - handlers.faq_handler - INFO - 🤖 ИИ-режим активирован пользователем 1057899073
2026-03-22 13:25:45,859 - aiogram.event - INFO - Update id=370412615 is handled. Duration 172 ms by bot id=8628225993
2026-03-22 13:25:54,221 - handlers.faq_handler - INFO - 🤖 ИИ-запрос от пользователя 1057899073
2026-03-22 13:25:54,406 - httpx - INFO - HTTP Request: POST https://ngw.devices.sberbank.ru:9443/api/v2/oauth "HTTP/1.1 200 OK"
2026-03-22 13:25:57,087 - httpx - INFO - HTTP Request: POST https://gigachat.devices.sberbank.ru/api/v1/chat/completions "HTTP/1.1 200 OK"
2026-03-22 13:25:57,323 - aiogram.event - INFO - Update id=370412616 is handled. Duration 3108 ms by bot id=8628225993
2026-03-22 13:26:12,824 - handlers.feedback_handler - INFO - 👍 Положительный отзыв от пользователя 1057899073
2026-03-22 13:26:12,824 - aiogram.event - INFO - Update id=370412617 is handled. Duration 281 ms by bot id=8628225993
2026-03-22 13:26:15,855 - aiogram.event - INFO - Update id=370412618 is handled. Duration 93 ms by bot id=8628225993
2026-03-22 13:27:17,824 - aiogram.dispatcher - INFO - Polling stopped
2026-03-22 13:27:17,825 - aiogram.dispatcher - ERROR - Failed to fetch updates - TelegramNetworkError: HTTP Client says - ServerDisconnectedError: Server disconnected
2026-03-22 13:27:17,825 - aiogram.dispatcher - WARNING - Sleep for 1.000000 seconds and try again... (tryings = 0, bot id = 8628225993)
2026-03-22 13:27:18,084 - aiogram.dispatcher - INFO - Polling stopped for bot @iivt_dgtu_bot id=8628225993 - 'ИиВТ ДГТУ Помощник'
2026-03-22 13:27:29,733 - utils.logger - INFO - 🔌 Прокси: http://8TTs2K:v79kcs@103.78.189.79:8000
2026-03-22 13:27:29,733 - utils.logger - INFO - ✅ Прокси подключён успешно!
2026-03-22 13:27:29,734 - utils.logger - INFO - ======================================================================
2026-03-22 13:27:29,734 - utils.logger - INFO - 🤖 ИиВТ ДГТУ Помощник
2026-03-22 13:27:29,735 - utils.logger - INFO - ======================================================================
2026-03-22 13:27:29,735 - utils.logger - INFO - ✅ База данных подключена
2026-03-22 13:27:29,735 - utils.logger - INFO - ✅ Кеш токенов активирован
2026-03-22 13:27:29,736 - utils.logger - INFO - ✅ Токен: 8628225993:AAEvnCL9BWCN_zDUkta...
2026-03-22 13:27:29,736 - utils.logger - INFO - 🔌 Прокси: http://8TTs2K:v79kcs@103.78.189.79:8000
2026-03-22 13:27:29,736 - utils.logger - INFO - ✅ Роутеры подключены
2026-03-22 13:27:29,737 - utils.logger - INFO - ✅ ИИ (GigaChat) готов
2026-03-22 13:27:29,737 - utils.logger - INFO - ✅ Кеширование включено
2026-03-22 13:27:29,737 - utils.logger - INFO - ======================================================================
2026-03-22 13:27:29,737 - utils.logger - INFO - 🚀 БОТ ЗАПУЩЕН!
2026-03-22 13:27:29,738 - utils.logger - INFO - 📱 В Telegram: /start
2026-03-22 13:27:29,738 - utils.logger - INFO - 📊 Статистика кеша: /cache
2026-03-22 13:27:29,739 - utils.logger - INFO - 🧹 Очистить кеш: /clearcache
2026-03-22 13:27:29,739 - utils.logger - INFO - 📊 Статистика отзывов: /feedback_stats
2026-03-22 13:27:29,739 - utils.logger - INFO - ⏹️  Остановка: Ctrl + C
2026-03-22 13:27:29,740 - utils.logger - INFO - ======================================================================
2026-03-22 13:27:29,740 - aiogram.dispatcher - INFO - Start polling
2026-03-22 13:27:30,205 - aiogram.dispatcher - INFO - Run polling for bot @iivt_dgtu_bot id=8628225993 - 'ИиВТ ДГТУ Помощник'
2026-03-22 13:27:33,723 - aiogram.event - INFO - Update id=370412619 is handled. Duration 547 ms by bot id=8628225993
2026-03-22 13:27:35,020 - aiogram.event - INFO - Update id=370412620 is handled. Duration 250 ms by bot id=8628225993
2026-03-22 13:27:35,862 - aiogram.event - INFO - Update id=370412621 is handled. Duration 172 ms by bot id=8628225993
2026-03-22 13:27:36,739 - aiogram.event - INFO - Update id=370412622 is handled. Duration 187 ms by bot id=8628225993
2026-03-22 13:27:37,509 - aiogram.event - INFO - Update id=370412623 is handled. Duration 172 ms by bot id=8628225993
2026-03-22 13:27:41,619 - aiogram.event - INFO - Update id=370412624 is handled. Duration 437 ms by bot id=8628225993
2026-03-22 13:27:43,566 - aiogram.event - INFO - Update id=370412625 is handled. Duration 390 ms by bot id=8628225993
2026-03-22 13:27:44,642 - aiogram.event - INFO - Update id=370412626 is handled. Duration 516 ms by bot id=8628225993
2026-03-22 13:27:45,750 - aiogram.event - INFO - Update id=370412627 is handled. Duration 453 ms by bot id=8628225993
2026-03-22 13:27:54,934 - aiogram.dispatcher - INFO - Polling stopped
2026-03-22 13:27:54,935 - aiogram.dispatcher - ERROR - Failed to fetch updates - TelegramNetworkError: HTTP Client says - ServerDisconnectedError: Server disconnected
2026-03-22 13:27:54,935 - aiogram.dispatcher - WARNING - Sleep for 1.000000 seconds and try again... (tryings = 0, bot id = 8628225993)
2026-03-22 13:27:55,192 - aiogram.dispatcher - INFO - Polling stopped for bot @iivt_dgtu_bot id=8628225993 - 'ИиВТ ДГТУ Помощник'
2026-03-22 13:30:29,088 - utils.logger - INFO - 🔌 Прокси: http://8TTs2K:v79kcs@103.78.189.79:8000
2026-03-22 13:30:29,088 - utils.logger - INFO - ✅ Прокси подключён успешно!
2026-03-22 13:30:29,089 - utils.logger - INFO - ======================================================================
2026-03-22 13:30:29,089 - utils.logger - INFO - 🤖 ИиВТ ДГТУ Помощник
2026-03-22 13:30:29,089 - utils.logger - INFO - ======================================================================
2026-03-22 13:30:29,089 - utils.logger - INFO - ✅ База данных подключена
2026-03-22 13:30:29,089 - utils.logger - INFO - ✅ Кеш токенов активирован
2026-03-22 13:30:29,089 - utils.logger - INFO - ✅ Токен: 8628225993:AAEvnCL9BWCN_zDUkta...
2026-03-22 13:30:29,089 - utils.logger - INFO - 🔌 Прокси: http://8TTs2K:v79kcs@103.78.189.79:8000
2026-03-22 13:30:29,089 - utils.logger - INFO - ✅ Роутеры подключены
2026-03-22 13:30:29,089 - utils.logger - INFO - ✅ ИИ (GigaChat) готов
2026-03-22 13:30:29,089 - utils.logger - INFO - ✅ Кеширование включено
2026-03-22 13:30:29,089 - utils.logger - INFO - ======================================================================
2026-03-22 13:30:29,092 - utils.logger - INFO - 🚀 БОТ ЗАПУЩЕН!
2026-03-22 13:30:29,093 - utils.logger - INFO - 📱 В Telegram: /start
2026-03-22 13:30:29,093 - utils.logger - INFO - 📊 Статистика кеша: /cache
2026-03-22 13:30:29,093 - utils.logger - INFO - 🧹 Очистить кеш: /clearcache
2026-03-22 13:30:29,094 - utils.logger - INFO - 📊 Статистика отзывов: /feedback_stats
2026-03-22 13:30:29,094 - utils.logger - INFO - ⏹️  Остановка: Ctrl + C
2026-03-22 13:30:29,094 - utils.logger - INFO - ======================================================================
2026-03-22 14:33:09,693 - aiogram.dispatcher - ERROR - Failed to fetch updates - TelegramNetworkError: HTTP Client says - ServerDisconnectedError: Server disconnected
2026-03-22 14:33:09,693 - aiogram.dispatcher - WARNING - Sleep for 1.000000 seconds and try again... (tryings = 0, bot id = 8628225993)
2026-03-22 14:33:29,344 - utils.logger - INFO - 🔌 Прокси: http://8TTs2K:v79kcs@103.78.189.79:8000
2026-03-22 14:33:29,345 - utils.logger - INFO - ✅ Прокси подключён успешно!
2026-03-22 14:33:29,346 - utils.logger - INFO - ======================================================================
2026-03-22 14:33:29,346 - utils.logger - INFO - 🤖 ИиВТ ДГТУ Помощник
2026-03-22 14:33:29,346 - utils.logger - INFO - ======================================================================
2026-03-22 14:33:29,347 - utils.logger - INFO - ✅ База данных подключена
2026-03-22 14:33:29,347 - utils.logger - INFO - ✅ Кеш токенов активирован
2026-03-22 14:33:29,347 - utils.logger - INFO - ✅ Токен: 8628225993:AAEvnCL9BWCN_zDUkta...
2026-03-22 14:33:29,348 - utils.logger - INFO - 🔌 Прокси: http://8TTs2K:v79kcs@103.78.189.79:8000
2026-03-22 14:33:29,348 - utils.logger - INFO - ✅ Роутеры подключены
2026-03-22 14:33:29,348 - utils.logger - INFO - ✅ ИИ (GigaChat) готов
2026-03-22 14:33:29,349 - utils.logger - INFO - ✅ Кеширование включено
2026-03-22 14:33:29,349 - utils.logger - INFO - ======================================================================
2026-03-22 14:33:29,349 - utils.logger - INFO - 🚀 БОТ ЗАПУЩЕН!
2026-03-22 14:33:29,350 - utils.logger - INFO - 📱 В Telegram: /start
2026-03-22 14:33:29,350 - utils.logger - INFO - 📊 Статистика кеша: /cache
2026-03-22 14:33:29,350 - utils.logger - INFO - 🧹 Очистить кеш: /clearcache
2026-03-22 14:33:29,351 - utils.logger - INFO - 📊 Статистика отзывов: /feedback_stats
2026-03-22 14:33:29,351 - utils.logger - INFO - ⏹️  Остановка: Ctrl + C
2026-03-22 14:33:29,352 - utils.logger - INFO - ======================================================================
2026-03-22 20:32:19,061 - aiogram.dispatcher - ERROR - Failed to fetch updates - TelegramNetworkError: HTTP Client says - Request timeout error
2026-03-22 20:32:19,075 - aiogram.dispatcher - WARNING - Sleep for 1.000000 seconds and try again... (tryings = 0, bot id = 8628225993)
2026-03-22 20:32:20,094 - aiogram.dispatcher - ERROR - Failed to fetch updates - ProxyConnectionError: [Errno 22] Couldn't connect to proxy 103.78.189.79:8000 [Сетевая папка недоступна. За информацией о разрешении проблем в сети обратитесь к справочной системе Windows]
2026-03-22 20:32:20,098 - aiogram.dispatcher - WARNING - Sleep for 1.363469 seconds and try again... (tryings = 1, bot id = 8628225993)
2026-03-22 20:32:21,477 - aiogram.dispatcher - ERROR - Failed to fetch updates - ProxyConnectionError: [Errno 22] Couldn't connect to proxy 103.78.189.79:8000 [Сетевая папка недоступна. За информацией о разрешении проблем в сети обратитесь к справочной системе Windows]
2026-03-22 20:32:21,477 - aiogram.dispatcher - WARNING - Sleep for 1.881375 seconds and try again... (tryings = 2, bot id = 8628225993)
2026-03-22 20:32:23,369 - aiogram.dispatcher - ERROR - Failed to fetch updates - ProxyConnectionError: [Errno 22] Couldn't connect to proxy 103.78.189.79:8000 [Сетевая папка недоступна. За информацией о разрешении проблем в сети обратитесь к справочной системе Windows]
2026-03-22 20:32:23,369 - aiogram.dispatcher - WARNING - Sleep for 2.512384 seconds and try again... (tryings = 3, bot id = 8628225993)
2026-03-22 20:32:25,883 - aiogram.dispatcher - ERROR - Failed to fetch updates - ProxyConnectionError: [Errno 22] Couldn't connect to proxy 103.78.189.79:8000 [Сетевая папка недоступна. За информацией о разрешении проблем в сети обратитесь к справочной системе Windows]
2026-03-22 20:32:25,883 - aiogram.dispatcher - WARNING - Sleep for 3.302147 seconds and try again... (tryings = 4, bot id = 8628225993)
2026-03-22 20:32:29,191 - aiogram.dispatcher - ERROR - Failed to fetch updates - ProxyConnectionError: [Errno 22] Couldn't connect to proxy 103.78.189.79:8000 [Сетевая папка недоступна. За информацией о разрешении проблем в сети обратитесь к справочной системе Windows]
2026-03-22 20:32:29,191 - aiogram.dispatcher - WARNING - Sleep for 4.253779 seconds and try again... (tryings = 5, bot id = 8628225993)
2026-03-22 20:33:34,314 - utils.logger - INFO - 🔌 Прокси: http://8TTs2K:v79kcs@103.78.189.79:8000
2026-03-22 20:33:34,315 - utils.logger - INFO - ✅ Прокси подключён успешно!
2026-03-22 20:33:34,315 - utils.logger - INFO - ======================================================================
2026-03-22 20:33:34,316 - utils.logger - INFO - 🤖 ИиВТ ДГТУ Помощник
2026-03-22 20:33:34,316 - utils.logger - INFO - ======================================================================
2026-03-22 20:33:34,316 - utils.logger - INFO - ✅ База данных подключена
2026-03-22 20:33:34,316 - utils.logger - INFO - ✅ Кеш токенов активирован
2026-03-22 20:33:34,316 - utils.logger - INFO - ✅ Токен: 8628225993:AAEvnCL9BWCN_zDUkta...
2026-03-22 20:33:34,317 - utils.logger - INFO - 🔌 Прокси: http://8TTs2K:v79kcs@103.78.189.79:8000
2026-03-22 20:33:34,317 - utils.logger - INFO - ✅ Роутеры подключены
2026-03-22 20:33:34,317 - utils.logger - INFO - ✅ ИИ (GigaChat) готов
2026-03-22 20:33:34,317 - utils.logger - INFO - ✅ Кеширование включено
2026-03-22 20:33:34,317 - utils.logger - INFO - ======================================================================
2026-03-22 20:33:34,317 - utils.logger - INFO - 🚀 БОТ ЗАПУЩЕН!
2026-03-22 20:33:34,317 - utils.logger - INFO - 📱 В Telegram: /start
2026-03-22 20:33:34,318 - utils.logger - INFO - 📊 Статистика кеша: /cache
2026-03-22 20:33:34,318 - utils.logger - INFO - 🧹 Очистить кеш: /clearcache
2026-03-22 20:33:34,318 - utils.logger - INFO - 📊 Статистика отзывов: /feedback_stats
2026-03-22 20:33:34,319 - utils.logger - INFO - ⏹️  Остановка: Ctrl + C
2026-03-22 20:33:34,319 - utils.logger - INFO - ======================================================================
2026-03-22 20:35:56,691 - handlers.faq_handler - INFO - 🤖 ИИ-запрос от пользователя 853978448
2026-03-22 20:36:08,397 - handlers.feedback_handler - INFO - 👎 Отрицательный отзыв от пользователя 853978448
2026-03-22 20:36:10,667 - handlers.feedback_handler - INFO - 📝 Причина отзыва от 853978448: Нет информации
2026-03-22 20:36:38,819 - handlers.faq_handler - INFO - 🤖 ИИ-запрос от пользователя 853978448
2026-03-23 08:35:48,038 - aiogram.dispatcher - ERROR - Failed to fetch updates - TelegramNetworkError: HTTP Client says - Request timeout error
2026-03-23 08:35:48,041 - aiogram.dispatcher - WARNING - Sleep for 1.000000 seconds and try again... (tryings = 0, bot id = 8628225993)
2026-03-23 08:35:49,682 - aiogram.dispatcher - ERROR - Failed to fetch updates - ProxyConnectionError: [Errno 22] Couldn't connect to proxy 103.78.189.79:8000 [Сетевая папка недоступна. За информацией о разрешении проблем в сети обратитесь к справочной системе Windows]
2026-03-23 08:35:49,683 - aiogram.dispatcher - WARNING - Sleep for 1.304414 seconds and try again... (tryings = 1, bot id = 8628225993)
2026-03-23 08:36:29,554 - aiogram.dispatcher - ERROR - Failed to fetch updates - TelegramNetworkError: HTTP Client says - ServerDisconnectedError: Server disconnected
2026-03-23 08:36:29,555 - aiogram.dispatcher - WARNING - Sleep for 1.000000 seconds and try again... (tryings = 0, bot id = 8628225993)
2026-03-23 08:36:34,216 - utils.logger - INFO - 🔌 Прокси: http://8TTs2K:v79kcs@103.78.189.79:8000
2026-03-23 08:36:34,216 - utils.logger - INFO - ✅ Прокси подключён успешно!
2026-03-23 08:36:34,217 - utils.logger - INFO - ======================================================================
2026-03-23 08:36:34,218 - utils.logger - INFO - 🤖 ИиВТ ДГТУ Помощник
2026-03-23 08:36:34,219 - utils.logger - INFO - ======================================================================
2026-03-23 08:36:34,219 - utils.logger - INFO - ✅ База данных подключена
2026-03-23 08:36:34,220 - utils.logger - INFO - ✅ Кеш токенов активирован
2026-03-23 08:36:34,221 - utils.logger - INFO - ✅ Токен: 8628225993:AAEvnCL9BWCN_zDUkta...
2026-03-23 08:36:34,221 - utils.logger - INFO - 🔌 Прокси: http://8TTs2K:v79kcs@103.78.189.79:8000
2026-03-23 08:36:34,222 - utils.logger - INFO - ✅ Роутеры подключены
2026-03-23 08:36:34,222 - utils.logger - INFO - ✅ ИИ (GigaChat) готов
2026-03-23 08:36:34,223 - utils.logger - INFO - ✅ Кеширование включено
2026-03-23 08:36:34,223 - utils.logger - INFO - ======================================================================
2026-03-23 08:36:34,224 - utils.logger - INFO - 🚀 БОТ ЗАПУЩЕН!
2026-03-23 08:36:34,224 - utils.logger - INFO - 📱 В Telegram: /start
2026-03-23 08:36:34,224 - utils.logger - INFO - 📊 Статистика кеша: /cache
2026-03-23 08:36:34,225 - utils.logger - INFO - 🧹 Очистить кеш: /clearcache
2026-03-23 08:36:34,225 - utils.logger - INFO - 📊 Статистика отзывов: /feedback_stats
2026-03-23 08:36:34,226 - utils.logger - INFO - ⏹️  Остановка: Ctrl + C
2026-03-23 08:36:34,226 - utils.logger - INFO - ======================================================================
2026-03-23 11:16:52,909 - handlers.faq_handler - INFO - 🤖 ИИ-запрос от пользователя 1057899073
2026-03-23 11:17:14,183 - handlers.faq_handler - INFO - 🤖 ИИ-запрос от пользователя 1057899073
2026-03-23 11:17:32,840 - handlers.faq_handler - INFO - 🤖 ИИ-запрос от пользователя 1057899073
2026-03-23 11:17:50,041 - handlers.feedback_handler - INFO - 👍 Положительный отзыв от пользователя 1057899073
2026-03-23 11:17:50,943 - handlers.feedback_handler - INFO - 👍 Положительный отзыв от пользователя 1057899073
2026-03-23 11:17:51,694 - handlers.feedback_handler - INFO - 👍 Положительный отзыв от пользователя 1057899073
2026-03-23 13:02:00,570 - handlers.faq_handler - INFO - 🤖 ИИ-запрос от пользователя 1057899073
2026-03-23 13:03:36,104 - handlers.feedback_handler - INFO - 👍 Положительный отзыв от пользователя 1057899073
2026-03-23 16:41:43,996 - aiogram.dispatcher - ERROR - Failed to fetch updates - TelegramNetworkError: HTTP Client says - Request timeout error
2026-03-23 16:41:44,001 - aiogram.dispatcher - WARNING - Sleep for 1.000000 seconds and try again... (tryings = 0, bot id = 8628225993)
2026-03-23 16:41:45,016 - aiogram.dispatcher - ERROR - Failed to fetch updates - ProxyConnectionError: [Errno 22] Couldn't connect to proxy 103.78.189.79:8000 [Сетевая папка недоступна. За информацией о разрешении проблем в сети обратитесь к справочной системе Windows]
2026-03-23 16:41:45,021 - aiogram.dispatcher - WARNING - Sleep for 1.328442 seconds and try again... (tryings = 1, bot id = 8628225993)
2026-03-23 16:41:46,362 - aiogram.dispatcher - ERROR - Failed to fetch updates - ProxyConnectionError: [Errno 22] Couldn't connect to proxy 103.78.189.79:8000 [Сетевая папка недоступна. За информацией о разрешении проблем в сети обратитесь к справочной системе Windows]
2026-03-23 16:41:46,363 - aiogram.dispatcher - WARNING - Sleep for 1.718321 seconds and try again... (tryings = 2, bot id = 8628225993)
2026-03-23 16:41:48,093 - aiogram.dispatcher - ERROR - Failed to fetch updates - ProxyConnectionError: [Errno 22] Couldn't connect to proxy 103.78.189.79:8000 [Сетевая папка недоступна. За информацией о разрешении проблем в сети обратитесь к справочной системе Windows]
2026-03-23 16:41:48,094 - aiogram.dispatcher - WARNING - Sleep for 2.213540 seconds and try again... (tryings = 3, bot id = 8628225993)
2026-03-23 16:42:09,452 - utils.logger - INFO - 🔌 Прокси: http://8TTs2K:v79kcs@103.78.189.79:8000
2026-03-23 16:42:09,452 - utils.logger - INFO - ✅ Прокси подключён успешно!
2026-03-23 16:42:09,453 - utils.logger - INFO - ======================================================================
2026-03-23 16:42:09,453 - utils.logger - INFO - 🤖 ИиВТ ДГТУ Помощник
2026-03-23 16:42:09,455 - utils.logger - INFO - ======================================================================
2026-03-23 16:42:09,455 - utils.logger - INFO - ✅ База данных подключена
2026-03-23 16:42:09,456 - utils.logger - INFO - ✅ Кеш токенов активирован
2026-03-23 16:42:09,456 - utils.logger - INFO - ✅ Токен: 8628225993:AAEvnCL9BWCN_zDUkta...
2026-03-23 16:42:09,457 - utils.logger - INFO - 🔌 Прокси: http://8TTs2K:v79kcs@103.78.189.79:8000
2026-03-23 16:42:09,457 - utils.logger - INFO - ✅ Роутеры подключены
2026-03-23 16:42:09,458 - utils.logger - INFO - ✅ ИИ (GigaChat) готов
2026-03-23 16:42:09,458 - utils.logger - INFO - ✅ Кеширование включено
2026-03-23 16:42:09,459 - utils.logger - INFO - ======================================================================
2026-03-23 16:42:09,460 - utils.logger - INFO - 🚀 БОТ ЗАПУЩЕН!
2026-03-23 16:42:09,462 - utils.logger - INFO - 📱 В Telegram: /start
2026-03-23 16:42:09,462 - utils.logger - INFO - 📊 Статистика кеша: /cache
2026-03-23 16:42:09,463 - utils.logger - INFO - 🧹 Очистить кеш: /clearcache
2026-03-23 16:42:09,463 - utils.logger - INFO - 📊 Статистика отзывов: /feedback_stats
2026-03-23 16:42:09,464 - utils.logger - INFO - ⏹️  Остановка: Ctrl + C
2026-03-23 16:42:09,465 - utils.logger - INFO - ======================================================================
2026-03-23 16:43:27,160 - handlers.faq_handler - INFO - 🤖 ИИ-запрос от пользователя 1644051874
2026-03-23 16:43:39,770 - handlers.faq_handler - INFO - 🤖 ИИ-запрос от пользователя 1644051874
2026-03-23 16:44:12,070 - handlers.faq_handler - INFO - 🤖 ИИ-запрос от пользователя 1644051874
2026-03-23 16:48:23,493 - aiogram.dispatcher - ERROR - Failed to fetch updates - TelegramNetworkError: HTTP Client says - Request timeout error
2026-03-23 16:48:23,493 - aiogram.dispatcher - WARNING - Sleep for 1.000000 seconds and try again... (tryings = 0, bot id = 8628225993)
2026-03-23 16:48:24,635 - handlers.faq_handler - INFO - 🤖 ИИ-запрос от пользователя 1644051874
2026-03-23 16:48:24,636 - handlers.faq_handler - INFO - 🤖 ИИ-запрос от пользователя 1644051874
2026-03-23 16:48:24,636 - handlers.faq_handler - INFO - 🤖 ИИ-запрос от пользователя 1644051874
2026-03-23 16:48:24,637 - handlers.faq_handler - INFO - 🤖 ИИ-запрос от пользователя 1644051874
2026-03-23 16:48:35,454 - aiogram.dispatcher - ERROR - Failed to fetch updates - TelegramNetworkError: HTTP Client says - ServerDisconnectedError: Server disconnected
2026-03-23 16:48:35,454 - aiogram.dispatcher - WARNING - Sleep for 1.000000 seconds and try again... (tryings = 0, bot id = 8628225993)
2026-03-23 16:48:39,112 - utils.logger - INFO - 🔌 Прокси: http://8TTs2K:v79kcs@103.78.189.79:8000
2026-03-23 16:48:39,113 - utils.logger - INFO - ✅ Прокси подключён успешно!
2026-03-23 16:48:39,114 - utils.logger - INFO - ======================================================================
2026-03-23 16:48:39,114 - utils.logger - INFO - 🤖 ИиВТ ДГТУ Помощник
2026-03-23 16:48:39,116 - utils.logger - INFO - ======================================================================
2026-03-23 16:48:39,116 - utils.logger - INFO - ✅ База данных подключена
2026-03-23 16:48:39,116 - utils.logger - INFO - ✅ Кеш токенов активирован
2026-03-23 16:48:39,117 - utils.logger - INFO - ✅ Токен: 8628225993:AAEvnCL9BWCN_zDUkta...
2026-03-23 16:48:39,117 - utils.logger - INFO - 🔌 Прокси: http://8TTs2K:v79kcs@103.78.189.79:8000
2026-03-23 16:48:39,117 - utils.logger - INFO - ✅ Роутеры подключены
2026-03-23 16:48:39,117 - utils.logger - INFO - ✅ ИИ (GigaChat) готов
2026-03-23 16:48:39,118 - utils.logger - INFO - ✅ Кеширование включено
2026-03-23 16:48:39,118 - utils.logger - INFO - ======================================================================
2026-03-23 16:48:39,118 - utils.logger - INFO - 🚀 БОТ ЗАПУЩЕН!
2026-03-23 16:48:39,119 - utils.logger - INFO - 📱 В Telegram: /start
2026-03-23 16:48:39,119 - utils.logger - INFO - 📊 Статистика кеша: /cache
2026-03-23 16:48:39,119 - utils.logger - INFO - 🧹 Очистить кеш: /clearcache
2026-03-23 16:48:39,120 - utils.logger - INFO - 📊 Статистика отзывов: /feedback_stats
2026-03-23 16:48:39,120 - utils.logger - INFO - ⏹️  Остановка: Ctrl + C
2026-03-23 16:48:39,120 - utils.logger - INFO - ======================================================================
2026-03-23 16:49:04,780 - handlers.faq_handler - INFO - 🤖 ИИ-запрос от пользователя 1644051874
2026-03-23 16:49:45,528 - handlers.faq_handler - INFO - 🤖 ИИ-запрос от пользователя 1644051874
2026-03-23 16:50:11,336 - handlers.faq_handler - INFO - 🤖 ИИ-запрос от пользователя 1057899073
2026-03-23 16:53:46,512 - handlers.feedback_handler - INFO - 👍 Положительный отзыв от пользователя 1057899073
2026-03-23 16:54:01,229 - handlers.faq_handler - INFO - 🤖 ИИ-запрос от пользователя 1644051874
2026-03-23 18:37:30,385 - aiogram.dispatcher - ERROR - Failed to fetch updates - TelegramNetworkError: HTTP Client says - ServerDisconnectedError: Server disconnected
2026-03-23 18:37:30,386 - aiogram.dispatcher - WARNING - Sleep for 1.000000 seconds and try again... (tryings = 0, bot id = 8628225993)
2026-03-23 18:42:08,276 - utils.logger - INFO - 🔌 Прокси: http://8TTs2K:v79kcs@103.78.189.79:8000
2026-03-23 18:42:08,276 - utils.logger - INFO - ✅ Прокси подключён успешно!
2026-03-23 18:42:08,277 - utils.logger - INFO - ======================================================================
2026-03-23 18:42:08,277 - utils.logger - INFO - 🤖 ИиВТ ДГТУ Помощник
2026-03-23 18:42:08,277 - utils.logger - INFO - ======================================================================
2026-03-23 18:42:08,278 - utils.logger - INFO - ✅ База данных подключена
2026-03-23 18:42:08,278 - utils.logger - INFO - ✅ Кеш токенов активирован
2026-03-23 18:42:08,278 - utils.logger - INFO - ✅ Токен: 8628225993:AAEvnCL9BWCN_zDUkta...
2026-03-23 18:42:08,278 - utils.logger - INFO - 🔌 Прокси: http://8TTs2K:v79kcs@103.78.189.79:8000
2026-03-23 18:42:08,278 - utils.logger - INFO - ✅ Роутеры подключены
2026-03-23 18:42:08,278 - utils.logger - INFO - ✅ ИИ (GigaChat) готов
2026-03-23 18:42:08,278 - utils.logger - INFO - ✅ Кеширование включено
2026-03-23 18:42:08,278 - utils.logger - INFO - ======================================================================
2026-03-23 18:42:08,278 - utils.logger - INFO - 🚀 БОТ ЗАПУЩЕН!
2026-03-23 18:42:08,279 - utils.logger - INFO - 📱 В Telegram: /start
2026-03-23 18:42:08,279 - utils.logger - INFO - 📊 Статистика кеша: /cache
2026-03-23 18:42:08,279 - utils.logger - INFO - 🧹 Очистить кеш: /clearcache
2026-03-23 18:42:08,279 - utils.logger - INFO - 📊 Статистика отзывов: /feedback_stats
2026-03-23 18:42:08,279 - utils.logger - INFO - ⏹️  Остановка: Ctrl + C
2026-03-23 18:42:08,279 - utils.logger - INFO - ======================================================================
2026-03-23 18:44:05,117 - handlers.faq_handler - INFO - 🤖 ИИ-запрос от пользователя 1057899073
2026-03-23 18:44:05,118 - aiogram.event - ERROR - Cause exception while process update id=370413022 by bot id=8628225993
AttributeError: 'NoneType' object has no attribute 'generate_answer'
Traceback (most recent call last):
  File "C:\Users\Руслан\AppData\Local\Programs\Python\Python312\Lib\site-packages\aiogram\dispatcher\dispatcher.py", line 320, in _process_update
    response = await self.feed_update(bot, update, **kwargs)
               ^^^^^^^^^^^^^^^^^^^^^^^^^^^^^^^^^^^^^^^^^^^^^
  File "C:\Users\Руслан\AppData\Local\Programs\Python\Python312\Lib\site-packages\aiogram\dispatcher\dispatcher.py", line 164, in feed_update
    response = await self.update.wrap_outer_middleware(
               ^^^^^^^^^^^^^^^^^^^^^^^^^^^^^^^^^^^^^^^^
  File "C:\Users\Руслан\AppData\Local\Programs\Python\Python312\Lib\site-packages\aiogram\dispatcher\middlewares\error.py", line 27, in __call__
    return await handler(event, data)
           ^^^^^^^^^^^^^^^^^^^^^^^^^^
  File "C:\Users\Руслан\AppData\Local\Programs\Python\Python312\Lib\site-packages\aiogram\dispatcher\middlewares\user_context.py", line 58, in __call__
    return await handler(event, data)
           ^^^^^^^^^^^^^^^^^^^^^^^^^^
  File "C:\Users\Руслан\AppData\Local\Programs\Python\Python312\Lib\site-packages\aiogram\fsm\middleware.py", line 43, in __call__
    return await handler(event, data)
           ^^^^^^^^^^^^^^^^^^^^^^^^^^
  File "C:\Users\Руслан\AppData\Local\Programs\Python\Python312\Lib\site-packages\aiogram\dispatcher\event\telegram.py", line 126, in trigger
    return await wrapped_inner(event, kwargs)
           ^^^^^^^^^^^^^^^^^^^^^^^^^^^^^^^^^^
  File "C:\Users\Руслан\AppData\Local\Programs\Python\Python312\Lib\site-packages\aiogram\dispatcher\event\handler.py", line 71, in call
    return await wrapped()
           ^^^^^^^^^^^^^^^
  File "C:\Users\Руслан\AppData\Local\Programs\Python\Python312\Lib\site-packages\aiogram\dispatcher\dispatcher.py", line 283, in _listen_update
    return await self.propagate_event(update_type=update_type, event=event, **kwargs)
           ^^^^^^^^^^^^^^^^^^^^^^^^^^^^^^^^^^^^^^^^^^^^^^^^^^^^^^^^^^^^^^^^^^^^^^^^^^
  File "C:\Users\Руслан\AppData\Local\Programs\Python\Python312\Lib\site-packages\aiogram\dispatcher\router.py", line 161, in propagate_event
    return await observer.wrap_outer_middleware(_wrapped, event=event, data=kwargs)
           ^^^^^^^^^^^^^^^^^^^^^^^^^^^^^^^^^^^^^^^^^^^^^^^^^^^^^^^^^^^^^^^^^^^^^^^^
  File "C:\Users\Руслан\AppData\Local\Programs\Python\Python312\Lib\site-packages\aiogram\dispatcher\router.py", line 153, in _wrapped
    return await self._propagate_event(
           ^^^^^^^^^^^^^^^^^^^^^^^^^^^^
  File "C:\Users\Руслан\AppData\Local\Programs\Python\Python312\Lib\site-packages\aiogram\dispatcher\router.py", line 189, in _propagate_event
    response = await router.propagate_event(update_type=update_type, event=event, **kwargs)
               ^^^^^^^^^^^^^^^^^^^^^^^^^^^^^^^^^^^^^^^^^^^^^^^^^^^^^^^^^^^^^^^^^^^^^^^^^^^^
  File "C:\Users\Руслан\AppData\Local\Programs\Python\Python312\Lib\site-packages\aiogram\dispatcher\router.py", line 161, in propagate_event
    return await observer.wrap_outer_middleware(_wrapped, event=event, data=kwargs)
           ^^^^^^^^^^^^^^^^^^^^^^^^^^^^^^^^^^^^^^^^^^^^^^^^^^^^^^^^^^^^^^^^^^^^^^^^
  File "C:\Users\Руслан\AppData\Local\Programs\Python\Python312\Lib\site-packages\aiogram\dispatcher\router.py", line 153, in _wrapped
    return await self._propagate_event(
           ^^^^^^^^^^^^^^^^^^^^^^^^^^^^
  File "C:\Users\Руслан\AppData\Local\Programs\Python\Python312\Lib\site-packages\aiogram\dispatcher\router.py", line 181, in _propagate_event
    response = await observer.trigger(event, **kwargs)
               ^^^^^^^^^^^^^^^^^^^^^^^^^^^^^^^^^^^^^^^
  File "C:\Users\Руслан\AppData\Local\Programs\Python\Python312\Lib\site-packages\aiogram\dispatcher\event\telegram.py", line 126, in trigger
    return await wrapped_inner(event, kwargs)
           ^^^^^^^^^^^^^^^^^^^^^^^^^^^^^^^^^^
  File "C:\Users\Руслан\AppData\Local\Programs\Python\Python312\Lib\site-packages\aiogram\dispatcher\event\handler.py", line 71, in call
    return await wrapped()
           ^^^^^^^^^^^^^^^
  File "C:\Users\Руслан\OneDrive\Рабочий стол\DGTU_Bot\handlers\faq_handler.py", line 483, in handle_text
    answer = await llm_service.generate_answer(
                   ^^^^^^^^^^^^^^^^^^^^^^^^^^^
AttributeError: 'NoneType' object has no attribute 'generate_answer'
2026-03-23 18:47:23,476 - aiogram.dispatcher - ERROR - Failed to fetch updates - TelegramNetworkError: HTTP Client says - ServerDisconnectedError: Server disconnected
2026-03-23 18:47:23,476 - aiogram.dispatcher - WARNING - Sleep for 1.000000 seconds and try again... (tryings = 0, bot id = 8628225993)
2026-03-23 18:49:36,318 - services.llm_service - INFO - ✅ GigaChat сервис инициализирован (с доступом к сайту ДГТУ)
2026-03-23 18:49:36,318 - utils.logger - INFO - ✅ ИИ-сервис (GigaChat) инициализирован
2026-03-23 18:49:36,566 - utils.logger - INFO - 🔌 Прокси: http://8TTs2K:v79kcs@103.78.189.79:8000
2026-03-23 18:49:36,566 - utils.logger - INFO - ✅ Прокси подключён успешно!
2026-03-23 18:49:36,567 - utils.logger - INFO - ======================================================================
2026-03-23 18:49:36,567 - utils.logger - INFO - 🤖 ИиВТ ДГТУ Помощник
2026-03-23 18:49:36,567 - utils.logger - INFO - ======================================================================
2026-03-23 18:49:36,567 - utils.logger - INFO - ✅ База данных подключена
2026-03-23 18:49:36,567 - utils.logger - INFO - ✅ Кеш токенов активирован
2026-03-23 18:49:36,567 - utils.logger - INFO - ✅ Токен: 8628225993:AAEvnCL9BWCN_zDUkta...
2026-03-23 18:49:36,567 - utils.logger - INFO - 🔌 Прокси: http://8TTs2K:v79kcs@103.78.189.79:8000
2026-03-23 18:49:36,567 - utils.logger - INFO - ✅ Роутеры подключены
2026-03-23 18:49:36,567 - utils.logger - INFO - ✅ ИИ (GigaChat) готов
2026-03-23 18:49:36,567 - utils.logger - INFO - ✅ Кеширование включено
2026-03-23 18:49:36,567 - utils.logger - INFO - ======================================================================
2026-03-23 18:49:36,567 - utils.logger - INFO - 🚀 БОТ ЗАПУЩЕН!
2026-03-23 18:49:36,567 - utils.logger - INFO - 📱 В Telegram: /start
2026-03-23 18:49:36,568 - utils.logger - INFO - 📊 Статистика кеша: /cache
2026-03-23 18:49:36,568 - utils.logger - INFO - 🧹 Очистить кеш: /clearcache
2026-03-23 18:49:36,568 - utils.logger - INFO - 📊 Статистика отзывов: /feedback_stats
2026-03-23 18:49:36,568 - utils.logger - INFO - ⏹️  Остановка: Ctrl + C
2026-03-23 18:49:36,568 - utils.logger - INFO - ======================================================================
2026-03-23 18:49:48,198 - handlers.faq_handler - INFO - 🤖 ИИ-запрос от пользователя 1057899073
2026-03-23 18:49:48,199 - aiogram.event - ERROR - Cause exception while process update id=370413025 by bot id=8628225993
AttributeError: 'NoneType' object has no attribute 'generate_answer'
Traceback (most recent call last):
  File "C:\Users\Руслан\AppData\Local\Programs\Python\Python312\Lib\site-packages\aiogram\dispatcher\dispatcher.py", line 320, in _process_update
    response = await self.feed_update(bot, update, **kwargs)
               ^^^^^^^^^^^^^^^^^^^^^^^^^^^^^^^^^^^^^^^^^^^^^
  File "C:\Users\Руслан\AppData\Local\Programs\Python\Python312\Lib\site-packages\aiogram\dispatcher\dispatcher.py", line 164, in feed_update
    response = await self.update.wrap_outer_middleware(
               ^^^^^^^^^^^^^^^^^^^^^^^^^^^^^^^^^^^^^^^^
  File "C:\Users\Руслан\AppData\Local\Programs\Python\Python312\Lib\site-packages\aiogram\dispatcher\middlewares\error.py", line 27, in __call__
    return await handler(event, data)
           ^^^^^^^^^^^^^^^^^^^^^^^^^^
  File "C:\Users\Руслан\AppData\Local\Programs\Python\Python312\Lib\site-packages\aiogram\dispatcher\middlewares\user_context.py", line 58, in __call__
    return await handler(event, data)
           ^^^^^^^^^^^^^^^^^^^^^^^^^^
  File "C:\Users\Руслан\AppData\Local\Programs\Python\Python312\Lib\site-packages\aiogram\fsm\middleware.py", line 43, in __call__
    return await handler(event, data)
           ^^^^^^^^^^^^^^^^^^^^^^^^^^
  File "C:\Users\Руслан\AppData\Local\Programs\Python\Python312\Lib\site-packages\aiogram\dispatcher\event\telegram.py", line 126, in trigger
    return await wrapped_inner(event, kwargs)
           ^^^^^^^^^^^^^^^^^^^^^^^^^^^^^^^^^^
  File "C:\Users\Руслан\AppData\Local\Programs\Python\Python312\Lib\site-packages\aiogram\dispatcher\event\handler.py", line 71, in call
    return await wrapped()
           ^^^^^^^^^^^^^^^
  File "C:\Users\Руслан\AppData\Local\Programs\Python\Python312\Lib\site-packages\aiogram\dispatcher\dispatcher.py", line 283, in _listen_update
    return await self.propagate_event(update_type=update_type, event=event, **kwargs)
           ^^^^^^^^^^^^^^^^^^^^^^^^^^^^^^^^^^^^^^^^^^^^^^^^^^^^^^^^^^^^^^^^^^^^^^^^^^
  File "C:\Users\Руслан\AppData\Local\Programs\Python\Python312\Lib\site-packages\aiogram\dispatcher\router.py", line 161, in propagate_event
    return await observer.wrap_outer_middleware(_wrapped, event=event, data=kwargs)
           ^^^^^^^^^^^^^^^^^^^^^^^^^^^^^^^^^^^^^^^^^^^^^^^^^^^^^^^^^^^^^^^^^^^^^^^^
  File "C:\Users\Руслан\AppData\Local\Programs\Python\Python312\Lib\site-packages\aiogram\dispatcher\router.py", line 153, in _wrapped
    return await self._propagate_event(
           ^^^^^^^^^^^^^^^^^^^^^^^^^^^^
  File "C:\Users\Руслан\AppData\Local\Programs\Python\Python312\Lib\site-packages\aiogram\dispatcher\router.py", line 189, in _propagate_event
    response = await router.propagate_event(update_type=update_type, event=event, **kwargs)
               ^^^^^^^^^^^^^^^^^^^^^^^^^^^^^^^^^^^^^^^^^^^^^^^^^^^^^^^^^^^^^^^^^^^^^^^^^^^^
  File "C:\Users\Руслан\AppData\Local\Programs\Python\Python312\Lib\site-packages\aiogram\dispatcher\router.py", line 161, in propagate_event
    return await observer.wrap_outer_middleware(_wrapped, event=event, data=kwargs)
           ^^^^^^^^^^^^^^^^^^^^^^^^^^^^^^^^^^^^^^^^^^^^^^^^^^^^^^^^^^^^^^^^^^^^^^^^
  File "C:\Users\Руслан\AppData\Local\Programs\Python\Python312\Lib\site-packages\aiogram\dispatcher\router.py", line 153, in _wrapped
    return await self._propagate_event(
           ^^^^^^^^^^^^^^^^^^^^^^^^^^^^
  File "C:\Users\Руслан\AppData\Local\Programs\Python\Python312\Lib\site-packages\aiogram\dispatcher\router.py", line 181, in _propagate_event
    response = await observer.trigger(event, **kwargs)
               ^^^^^^^^^^^^^^^^^^^^^^^^^^^^^^^^^^^^^^^
  File "C:\Users\Руслан\AppData\Local\Programs\Python\Python312\Lib\site-packages\aiogram\dispatcher\event\telegram.py", line 126, in trigger
    return await wrapped_inner(event, kwargs)
           ^^^^^^^^^^^^^^^^^^^^^^^^^^^^^^^^^^
  File "C:\Users\Руслан\AppData\Local\Programs\Python\Python312\Lib\site-packages\aiogram\dispatcher\event\handler.py", line 71, in call
    return await wrapped()
           ^^^^^^^^^^^^^^^
  File "C:\Users\Руслан\OneDrive\Рабочий стол\DGTU_Bot\handlers\faq_handler.py", line 483, in handle_text
    answer = await llm_service.generate_answer(
                   ^^^^^^^^^^^^^^^^^^^^^^^^^^^
AttributeError: 'NoneType' object has no attribute 'generate_answer'
2026-03-23 18:55:40,140 - aiogram.dispatcher - ERROR - Failed to fetch updates - TelegramNetworkError: HTTP Client says - ServerDisconnectedError: Server disconnected
2026-03-23 18:55:40,140 - aiogram.dispatcher - WARNING - Sleep for 1.000000 seconds and try again... (tryings = 0, bot id = 8628225993)
2026-03-23 18:55:44,191 - utils.logger - INFO - 🔌 Прокси: http://8TTs2K:v79kcs@103.78.189.79:8000
2026-03-23 18:55:44,191 - utils.logger - INFO - ✅ Прокси подключён успешно!
2026-03-23 18:55:44,192 - utils.logger - INFO - ======================================================================
2026-03-23 18:55:44,192 - utils.logger - INFO - 🤖 ИиВТ ДГТУ Помощник
2026-03-23 18:55:44,192 - utils.logger - INFO - ======================================================================
2026-03-23 18:55:44,193 - utils.logger - INFO - ✅ База данных подключена
2026-03-23 18:55:44,193 - utils.logger - INFO - ✅ Кеш токенов активирован
2026-03-23 18:55:44,193 - utils.logger - INFO - ✅ Токен: 8628225993:AAEvnCL9BWCN_zDUkta...
2026-03-23 18:55:44,193 - utils.logger - INFO - 🔌 Прокси: http://8TTs2K:v79kcs@103.78.189.79:8000
2026-03-23 18:55:44,193 - utils.logger - INFO - ✅ Роутеры подключены
2026-03-23 18:55:44,193 - utils.logger - INFO - ✅ ИИ (GigaChat) готов
2026-03-23 18:55:44,193 - utils.logger - INFO - ✅ Кеширование включено
2026-03-23 18:55:44,193 - utils.logger - INFO - ======================================================================
2026-03-23 18:55:44,193 - utils.logger - INFO - 🚀 БОТ ЗАПУЩЕН!
2026-03-23 18:55:44,193 - utils.logger - INFO - 📱 В Telegram: /start
2026-03-23 18:55:44,193 - utils.logger - INFO - 📊 Статистика кеша: /cache
2026-03-23 18:55:44,194 - utils.logger - INFO - 🧹 Очистить кеш: /clearcache
2026-03-23 18:55:44,194 - utils.logger - INFO - 📊 Статистика отзывов: /feedback_stats
2026-03-23 18:55:44,194 - utils.logger - INFO - ⏹️  Остановка: Ctrl + C
2026-03-23 18:55:44,194 - utils.logger - INFO - ======================================================================
2026-03-23 18:55:52,607 - handlers.faq_handler - INFO - 🤖 ИИ-запрос от пользователя 1057899073
2026-03-23 18:55:55,235 - services.llm_service - ERROR - ❌ Ошибка GigaChat: GigaChatSyncClient.chat() got an unexpected keyword argument 'messages'
2026-03-23 18:58:09,545 - aiogram.dispatcher - ERROR - Failed to fetch updates - TelegramNetworkError: HTTP Client says - ServerDisconnectedError: Server disconnected
2026-03-23 18:58:09,545 - aiogram.dispatcher - WARNING - Sleep for 1.000000 seconds and try again... (tryings = 0, bot id = 8628225993)
2026-03-23 18:58:13,905 - utils.logger - INFO - 🔌 Прокси: http://8TTs2K:v79kcs@103.78.189.79:8000
2026-03-23 18:58:13,905 - utils.logger - INFO - ✅ Прокси подключён успешно!
2026-03-23 18:58:13,906 - utils.logger - INFO - ======================================================================
2026-03-23 18:58:13,906 - utils.logger - INFO - 🤖 ИиВТ ДГТУ Помощник
2026-03-23 18:58:13,906 - utils.logger - INFO - ======================================================================
2026-03-23 18:58:13,906 - utils.logger - INFO - ✅ База данных подключена
2026-03-23 18:58:13,906 - utils.logger - INFO - ✅ Кеш токенов активирован
2026-03-23 18:58:13,906 - utils.logger - INFO - ✅ Токен: 8628225993:AAEvnCL9BWCN_zDUkta...
2026-03-23 18:58:13,906 - utils.logger - INFO - 🔌 Прокси: http://8TTs2K:v79kcs@103.78.189.79:8000
2026-03-23 18:58:13,907 - utils.logger - INFO - ✅ Роутеры подключены
2026-03-23 18:58:13,907 - utils.logger - INFO - ✅ ИИ (GigaChat) готов
2026-03-23 18:58:13,907 - utils.logger - INFO - ✅ Кеширование включено
2026-03-23 18:58:13,907 - utils.logger - INFO - ======================================================================
2026-03-23 18:58:13,907 - utils.logger - INFO - 🚀 БОТ ЗАПУЩЕН!
2026-03-23 18:58:13,907 - utils.logger - INFO - 📱 В Telegram: /start
2026-03-23 18:58:13,907 - utils.logger - INFO - 📊 Статистика кеша: /cache
2026-03-23 18:58:13,907 - utils.logger - INFO - 🧹 Очистить кеш: /clearcache
2026-03-23 18:58:13,907 - utils.logger - INFO - 📊 Статистика отзывов: /feedback_stats
2026-03-23 18:58:13,907 - utils.logger - INFO - ⏹️  Остановка: Ctrl + C
2026-03-23 18:58:13,907 - utils.logger - INFO - ======================================================================
2026-03-23 18:58:22,868 - handlers.faq_handler - INFO - 🤖 ИИ-запрос от пользователя 1057899073
2026-03-23 18:58:25,876 - services.llm_service - ERROR - ❌ Ошибка GigaChat: GigaChatSyncClient.chat() got an unexpected keyword argument 'model'
2026-03-23 18:58:59,474 - handlers.faq_handler - INFO - 🤖 ИИ-запрос от пользователя 1057899073
2026-03-23 18:59:01,984 - services.llm_service - ERROR - ❌ Ошибка GigaChat: GigaChatSyncClient.chat() got an unexpected keyword argument 'model'
2026-03-23 19:01:13,893 - aiogram.dispatcher - ERROR - Failed to fetch updates - TelegramNetworkError: HTTP Client says - ServerDisconnectedError: Server disconnected
2026-03-23 19:01:13,893 - aiogram.dispatcher - WARNING - Sleep for 1.000000 seconds and try again... (tryings = 0, bot id = 8628225993)
2026-03-23 19:01:18,001 - utils.logger - INFO - 🔌 Прокси: http://8TTs2K:v79kcs@103.78.189.79:8000
2026-03-23 19:01:18,002 - utils.logger - INFO - ✅ Прокси подключён успешно!
2026-03-23 19:01:18,002 - utils.logger - INFO - ======================================================================
2026-03-23 19:01:18,003 - utils.logger - INFO - 🤖 ИиВТ ДГТУ Помощник
2026-03-23 19:01:18,003 - utils.logger - INFO - ======================================================================
2026-03-23 19:01:18,003 - utils.logger - INFO - ✅ База данных подключена
2026-03-23 19:01:18,003 - utils.logger - INFO - ✅ Кеш токенов активирован
2026-03-23 19:01:18,003 - utils.logger - INFO - ✅ Токен: 8628225993:AAEvnCL9BWCN_zDUkta...
2026-03-23 19:01:18,003 - utils.logger - INFO - 🔌 Прокси: http://8TTs2K:v79kcs@103.78.189.79:8000
2026-03-23 19:01:18,003 - utils.logger - INFO - ✅ Роутеры подключены
2026-03-23 19:01:18,003 - utils.logger - INFO - ✅ ИИ (GigaChat) готов
2026-03-23 19:01:18,003 - utils.logger - INFO - ✅ Кеширование включено
2026-03-23 19:01:18,003 - utils.logger - INFO - ======================================================================
2026-03-23 19:01:18,003 - utils.logger - INFO - 🚀 БОТ ЗАПУЩЕН!
2026-03-23 19:01:18,004 - utils.logger - INFO - 📱 В Telegram: /start
2026-03-23 19:01:18,004 - utils.logger - INFO - 📊 Статистика кеша: /cache
2026-03-23 19:01:18,004 - utils.logger - INFO - 🧹 Очистить кеш: /clearcache
2026-03-23 19:01:18,004 - utils.logger - INFO - 📊 Статистика отзывов: /feedback_stats
2026-03-23 19:01:18,004 - utils.logger - INFO - ⏹️  Остановка: Ctrl + C
2026-03-23 19:01:18,004 - utils.logger - INFO - ======================================================================
2026-03-23 19:01:29,127 - handlers.faq_handler - INFO - 🤖 ИИ-запрос от пользователя 1057899073
2026-03-23 19:01:32,628 - services.llm_service - ERROR - ❌ Ошибка GigaChat: 1 validation error for Chat
  Input should be a valid dictionary or instance of Chat [type=model_type, input_value=[{'role': 'system', 'cont...ьном сайте.'}], input_type=list]
    For further information visit https://errors.pydantic.dev/2.12/v/model_type
2026-03-23 19:03:38,848 - aiogram.dispatcher - ERROR - Failed to fetch updates - TelegramNetworkError: HTTP Client says - ServerDisconnectedError: Server disconnected
2026-03-23 19:03:38,848 - aiogram.dispatcher - WARNING - Sleep for 1.000000 seconds and try again... (tryings = 0, bot id = 8628225993)
2026-03-23 19:04:03,007 - utils.logger - INFO - 🔌 Прокси: http://8TTs2K:v79kcs@103.78.189.79:8000
2026-03-23 19:04:03,007 - utils.logger - INFO - ✅ Прокси подключён успешно!
2026-03-23 19:04:03,008 - utils.logger - INFO - ======================================================================
2026-03-23 19:04:03,008 - utils.logger - INFO - 🤖 ИиВТ ДГТУ Помощник
2026-03-23 19:04:03,008 - utils.logger - INFO - ======================================================================
2026-03-23 19:04:03,008 - utils.logger - INFO - ✅ База данных подключена
2026-03-23 19:04:03,009 - utils.logger - INFO - ✅ Кеш токенов активирован
2026-03-23 19:04:03,009 - utils.logger - INFO - ✅ Токен: 8628225993:AAEvnCL9BWCN_zDUkta...
2026-03-23 19:04:03,009 - utils.logger - INFO - 🔌 Прокси: http://8TTs2K:v79kcs@103.78.189.79:8000
2026-03-23 19:04:03,009 - utils.logger - INFO - ✅ Роутеры подключены
2026-03-23 19:04:03,009 - utils.logger - INFO - ✅ ИИ (GigaChat) готов
2026-03-23 19:04:03,009 - utils.logger - INFO - ✅ Кеширование включено
2026-03-23 19:04:03,009 - utils.logger - INFO - ======================================================================
2026-03-23 19:04:03,009 - utils.logger - INFO - 🚀 БОТ ЗАПУЩЕН!
2026-03-23 19:04:03,009 - utils.logger - INFO - 📱 В Telegram: /start
2026-03-23 19:04:03,009 - utils.logger - INFO - 📊 Статистика кеша: /cache
2026-03-23 19:04:03,009 - utils.logger - INFO - 🧹 Очистить кеш: /clearcache
2026-03-23 19:04:03,009 - utils.logger - INFO - 📊 Статистика отзывов: /feedback_stats
2026-03-23 19:04:03,010 - utils.logger - INFO - ⏹️  Остановка: Ctrl + C
2026-03-23 19:04:03,010 - utils.logger - INFO - ======================================================================
2026-03-23 19:04:15,226 - handlers.faq_handler - INFO - 🤖 ИИ-запрос от пользователя 1057899073
2026-03-23 19:04:18,762 - services.llm_service - INFO - ✅ Ответ сгенерирован для пользователя 1057899073 (с данными с сайта ДГТУ)
2026-03-23 19:04:59,695 - handlers.faq_handler - INFO - 🤖 ИИ-запрос от пользователя 1057899073
2026-03-23 19:05:03,114 - services.llm_service - INFO - ✅ Ответ сгенерирован для пользователя 1057899073 (с данными с сайта ДГТУ)
2026-03-23 19:05:26,480 - handlers.faq_handler - INFO - 🤖 ИИ-запрос от пользователя 1057899073
2026-03-23 19:05:29,649 - services.llm_service - WARNING - ⚠️ Попытка джейлбрейка от пользователя 1057899073
2026-03-23 19:05:42,104 - handlers.faq_handler - INFO - 🤖 ИИ-запрос от пользователя 1057899073
2026-03-23 19:05:47,729 - services.llm_service - INFO - ✅ Ответ сгенерирован для пользователя 1057899073 (с данными с сайта ДГТУ)
2026-03-23 19:06:38,753 - handlers.faq_handler - INFO - 🤖 ИИ-запрос от пользователя 1057899073
2026-03-23 19:06:41,987 - services.llm_service - INFO - ✅ Ответ сгенерирован для пользователя 1057899073 (с данными с сайта ДГТУ)
2026-03-23 19:06:55,102 - handlers.faq_handler - INFO - 🤖 ИИ-запрос от пользователя 1057899073
2026-03-23 19:06:58,578 - services.llm_service - WARNING - ⚠️ Попытка джейлбрейка от пользователя 1057899073
2026-03-23 19:15:47,689 - aiogram.dispatcher - ERROR - Failed to fetch updates - TelegramNetworkError: HTTP Client says - ServerDisconnectedError: Server disconnected
2026-03-23 19:15:47,690 - aiogram.dispatcher - WARNING - Sleep for 1.000000 seconds and try again... (tryings = 0, bot id = 8628225993)
2026-03-23 19:15:51,602 - utils.logger - INFO - 🔌 Прокси: http://8TTs2K:v79kcs@103.78.189.79:8000
2026-03-23 19:15:51,602 - utils.logger - INFO - ✅ Прокси подключён успешно!
2026-03-23 19:15:51,603 - utils.logger - INFO - ======================================================================
2026-03-23 19:15:51,603 - utils.logger - INFO - 🤖 ИиВТ ДГТУ Помощник
2026-03-23 19:15:51,604 - utils.logger - INFO - ======================================================================
2026-03-23 19:15:51,604 - utils.logger - INFO - ✅ База данных подключена
2026-03-23 19:15:51,604 - utils.logger - INFO - ✅ Кеш токенов активирован
2026-03-23 19:15:51,604 - utils.logger - INFO - ✅ Токен: 8628225993:AAEvnCL9BWCN_zDUkta...
2026-03-23 19:15:51,604 - utils.logger - INFO - 🔌 Прокси: http://8TTs2K:v79kcs@103.78.189.79:8000
2026-03-23 19:15:51,604 - utils.logger - INFO - ✅ Роутеры подключены
2026-03-23 19:15:51,604 - utils.logger - INFO - ✅ ИИ (GigaChat) готов
2026-03-23 19:15:51,604 - utils.logger - INFO - ✅ Кеширование включено
2026-03-23 19:15:51,604 - utils.logger - INFO - ======================================================================
2026-03-23 19:15:51,604 - utils.logger - INFO - 🚀 БОТ ЗАПУЩЕН!
2026-03-23 19:15:51,605 - utils.logger - INFO - 📱 В Telegram: /start
2026-03-23 19:15:51,605 - utils.logger - INFO - 📊 Статистика кеша: /cache
2026-03-23 19:15:51,605 - utils.logger - INFO - 🧹 Очистить кеш: /clearcache
2026-03-23 19:15:51,605 - utils.logger - INFO - 📊 Статистика отзывов: /feedback_stats
2026-03-23 19:15:51,605 - utils.logger - INFO - ⏹️  Остановка: Ctrl + C
2026-03-23 19:15:51,605 - utils.logger - INFO - ======================================================================
2026-03-23 19:16:56,280 - aiogram.dispatcher - ERROR - Failed to fetch updates - TelegramNetworkError: HTTP Client says - ServerDisconnectedError: Server disconnected
2026-03-23 19:16:56,280 - aiogram.dispatcher - WARNING - Sleep for 1.000000 seconds and try again... (tryings = 0, bot id = 8628225993)
2026-03-23 19:22:23,578 - utils.logger - INFO - 🔌 Прокси: http://8TTs2K:v79kcs@103.78.189.79:8000
2026-03-23 19:22:23,579 - utils.logger - INFO - ✅ Прокси подключён успешно!
2026-03-23 19:22:23,579 - utils.logger - INFO - ======================================================================
2026-03-23 19:22:23,579 - utils.logger - INFO - 🤖 ИиВТ ДГТУ Помощник
2026-03-23 19:22:23,579 - utils.logger - INFO - ======================================================================
2026-03-23 19:22:23,579 - utils.logger - INFO - ✅ База данных подключена
2026-03-23 19:22:23,579 - utils.logger - INFO - ✅ Кеш токенов активирован
2026-03-23 19:22:23,580 - utils.logger - INFO - ✅ Токен: 8628225993:AAEvnCL9BWCN_zDUkta...
2026-03-23 19:22:23,580 - utils.logger - INFO - 🔌 Прокси: http://8TTs2K:v79kcs@103.78.189.79:8000
2026-03-23 19:22:23,580 - utils.logger - INFO - ✅ Роутеры подключены
2026-03-23 19:22:23,580 - utils.logger - INFO - ✅ ИИ (GigaChat) готов
2026-03-23 19:22:23,580 - utils.logger - INFO - ✅ Кеширование включено
2026-03-23 19:22:23,580 - utils.logger - INFO - ======================================================================
2026-03-23 19:22:23,580 - utils.logger - INFO - 🚀 БОТ ЗАПУЩЕН!
2026-03-23 19:22:23,580 - utils.logger - INFO - 📱 В Telegram: /start
2026-03-23 19:22:23,580 - utils.logger - INFO - 📊 Статистика кеша: /cache
2026-03-23 19:22:23,580 - utils.logger - INFO - 🧹 Очистить кеш: /clearcache
2026-03-23 19:22:23,580 - utils.logger - INFO - 📊 Статистика отзывов: /feedback_stats
2026-03-23 19:22:23,580 - utils.logger - INFO - ⏹️  Остановка: Ctrl + C
2026-03-23 19:22:23,580 - utils.logger - INFO - ======================================================================
2026-03-23 19:24:06,675 - handlers.faq_handler - INFO - 🤖 ИИ-запрос от пользователя 1057899073
2026-03-23 19:24:10,486 - services.llm_service - INFO - ✅ Ответ сгенерирован для пользователя 1057899073 (с данными с сайта ДГТУ)
2026-03-23 19:24:26,517 - handlers.faq_handler - INFO - 🤖 ИИ-запрос от пользователя 1057899073
2026-03-23 19:24:29,566 - services.llm_service - INFO - ✅ Ответ сгенерирован для пользователя 1057899073 (с данными с сайта ДГТУ)
2026-03-23 19:24:47,876 - handlers.faq_handler - INFO - 🤖 ИИ-запрос от пользователя 1057899073
2026-03-23 19:24:58,185 - services.llm_service - INFO - ✅ Ответ сгенерирован для пользователя 1057899073 (с данными с сайта ДГТУ)
2026-03-23 19:25:13,357 - handlers.faq_handler - INFO - 🤖 ИИ-запрос от пользователя 1057899073
2026-03-23 19:25:14,552 - services.llm_service - INFO - ✅ Ответ сгенерирован для пользователя 1057899073 (с данными с сайта ДГТУ)
2026-03-23 19:32:21,968 - aiogram.dispatcher - ERROR - Failed to fetch updates - TelegramNetworkError: HTTP Client says - ServerDisconnectedError: Server disconnected
2026-03-23 19:32:21,969 - aiogram.dispatcher - WARNING - Sleep for 1.000000 seconds and try again... (tryings = 0, bot id = 8628225993)
2026-03-23 19:32:26,874 - utils.logger - INFO - 🔌 Прокси: http://8TTs2K:v79kcs@103.78.189.79:8000
2026-03-23 19:32:26,875 - utils.logger - INFO - ✅ Прокси подключён успешно!
2026-03-23 19:32:26,876 - utils.logger - INFO - ======================================================================
2026-03-23 19:32:26,876 - utils.logger - INFO - 🤖 ИиВТ ДГТУ Помощник
2026-03-23 19:32:26,876 - utils.logger - INFO - ======================================================================
2026-03-23 19:32:26,876 - utils.logger - INFO - ✅ База данных подключена
2026-03-23 19:32:26,876 - utils.logger - INFO - ✅ Кеш токенов активирован
2026-03-23 19:32:26,877 - utils.logger - INFO - ✅ Токен: 8628225993:AAEvnCL9BWCN_zDUkta...
2026-03-23 19:32:26,877 - utils.logger - INFO - 🔌 Прокси: http://8TTs2K:v79kcs@103.78.189.79:8000
2026-03-23 19:32:26,877 - utils.logger - INFO - ✅ Роутеры подключены
2026-03-23 19:32:26,877 - utils.logger - INFO - ✅ ИИ (GigaChat) готов
2026-03-23 19:32:26,877 - utils.logger - INFO - ✅ Кеширование включено
2026-03-23 19:32:26,877 - utils.logger - INFO - ======================================================================
2026-03-23 19:32:26,877 - utils.logger - INFO - 🚀 БОТ ЗАПУЩЕН!
2026-03-23 19:32:26,877 - utils.logger - INFO - 📱 В Telegram: /start
2026-03-23 19:32:26,877 - utils.logger - INFO - 📊 Статистика кеша: /cache
2026-03-23 19:32:26,877 - utils.logger - INFO - 🧹 Очистить кеш: /clearcache
2026-03-23 19:32:26,877 - utils.logger - INFO - 📊 Статистика отзывов: /feedback_stats
2026-03-23 19:32:26,878 - utils.logger - INFO - ⏹️  Остановка: Ctrl + C
2026-03-23 19:32:26,878 - utils.logger - INFO - ======================================================================
2026-03-23 22:21:40,550 - aiogram.dispatcher - ERROR - Failed to fetch updates - TelegramNetworkError: HTTP Client says - Request timeout error
2026-03-23 22:21:40,555 - aiogram.dispatcher - WARNING - Sleep for 1.000000 seconds and try again... (tryings = 0, bot id = 8628225993)
2026-03-23 22:21:41,575 - aiogram.dispatcher - ERROR - Failed to fetch updates - ProxyConnectionError: [Errno 22] Couldn't connect to proxy 103.78.189.79:8000 [Сетевая папка недоступна. За информацией о разрешении проблем в сети обратитесь к справочной системе Windows]
2026-03-23 22:21:41,576 - aiogram.dispatcher - WARNING - Sleep for 1.448738 seconds and try again... (tryings = 1, bot id = 8628225993)
2026-03-23 22:21:43,297 - aiogram.dispatcher - ERROR - Failed to fetch updates - ProxyConnectionError: [Errno 22] Couldn't connect to proxy 103.78.189.79:8000 [Сетевая папка недоступна. За информацией о разрешении проблем в сети обратитесь к справочной системе Windows]
2026-03-23 22:21:43,297 - aiogram.dispatcher - WARNING - Sleep for 1.697950 seconds and try again... (tryings = 2, bot id = 8628225993)
2026-03-23 22:21:45,000 - aiogram.dispatcher - ERROR - Failed to fetch updates - ProxyConnectionError: [Errno 22] Couldn't connect to proxy 103.78.189.79:8000 [Сетевая папка недоступна. За информацией о разрешении проблем в сети обратитесь к справочной системе Windows]
2026-03-23 22:21:45,001 - aiogram.dispatcher - WARNING - Sleep for 2.252097 seconds and try again... (tryings = 3, bot id = 8628225993)
2026-03-23 22:22:08,299 - aiogram.dispatcher - ERROR - Failed to fetch updates - ProxyConnectionError: [Errno 22] Couldn't connect to proxy 103.78.189.79:8000 [Превышен таймаут семафора]
2026-03-23 22:22:08,299 - aiogram.dispatcher - WARNING - Sleep for 3.082815 seconds and try again... (tryings = 4, bot id = 8628225993)
2026-03-23 22:23:59,107 - aiogram.dispatcher - ERROR - Failed to fetch updates - TelegramNetworkError: HTTP Client says - ServerDisconnectedError: Server disconnected
2026-03-23 22:23:59,111 - aiogram.dispatcher - WARNING - Sleep for 1.000000 seconds and try again... (tryings = 0, bot id = 8628225993)
2026-03-23 22:24:04,015 - utils.logger - INFO - 🔌 Прокси: http://8TTs2K:v79kcs@103.78.189.79:8000
2026-03-23 22:24:04,015 - utils.logger - INFO - ✅ Прокси подключён успешно!
2026-03-23 22:24:04,015 - utils.logger - INFO - ======================================================================
2026-03-23 22:24:04,016 - utils.logger - INFO - 🤖 ИиВТ ДГТУ Помощник
2026-03-23 22:24:04,016 - utils.logger - INFO - ======================================================================
2026-03-23 22:24:04,016 - utils.logger - INFO - ✅ База данных подключена
2026-03-23 22:24:04,016 - utils.logger - INFO - ✅ Кеш токенов активирован
2026-03-23 22:24:04,016 - utils.logger - INFO - ✅ Токен: 8628225993:AAEvnCL9BWCN_zDUkta...
2026-03-23 22:24:04,016 - utils.logger - INFO - 🔌 Прокси: http://8TTs2K:v79kcs@103.78.189.79:8000
2026-03-23 22:24:04,016 - utils.logger - INFO - ✅ Роутеры подключены
2026-03-23 22:24:04,016 - utils.logger - INFO - ✅ ИИ (GigaChat) готов
2026-03-23 22:24:04,016 - utils.logger - INFO - ✅ Кеширование включено
2026-03-23 22:24:04,016 - utils.logger - INFO - ======================================================================
2026-03-23 22:24:04,016 - utils.logger - INFO - 🚀 БОТ ЗАПУЩЕН!
2026-03-23 22:24:04,016 - utils.logger - INFO - 📱 В Telegram: /start
2026-03-23 22:24:04,017 - utils.logger - INFO - 📊 Статистика кеша: /cache
2026-03-23 22:24:04,017 - utils.logger - INFO - 🧹 Очистить кеш: /clearcache
2026-03-23 22:24:04,017 - utils.logger - INFO - 📊 Статистика отзывов: /feedback_stats
2026-03-23 22:24:04,017 - utils.logger - INFO - ⏹️  Остановка: Ctrl + C
2026-03-23 22:24:04,017 - utils.logger - INFO - ======================================================================
2026-03-24 08:59:09,067 - aiogram.dispatcher - ERROR - Failed to fetch updates - TelegramNetworkError: HTTP Client says - Request timeout error
2026-03-24 08:59:09,083 - aiogram.dispatcher - WARNING - Sleep for 1.000000 seconds and try again... (tryings = 0, bot id = 8628225993)
2026-03-24 08:59:10,204 - aiogram.dispatcher - ERROR - Failed to fetch updates - ProxyConnectionError: [Errno 22] Couldn't connect to proxy 103.78.189.79:8000 [Сетевая папка недоступна. За информацией о разрешении проблем в сети обратитесь к справочной системе Windows]
2026-03-24 08:59:10,208 - aiogram.dispatcher - WARNING - Sleep for 1.288614 seconds and try again... (tryings = 1, bot id = 8628225993)
2026-03-24 08:59:11,509 - aiogram.dispatcher - ERROR - Failed to fetch updates - ProxyConnectionError: [Errno 22] Couldn't connect to proxy 103.78.189.79:8000 [Сетевая папка недоступна. За информацией о разрешении проблем в сети обратитесь к справочной системе Windows]
2026-03-24 08:59:11,510 - aiogram.dispatcher - WARNING - Sleep for 1.601868 seconds and try again... (tryings = 2, bot id = 8628225993)
2026-03-24 08:59:13,126 - aiogram.dispatcher - ERROR - Failed to fetch updates - ProxyConnectionError: [Errno 22] Couldn't connect to proxy 103.78.189.79:8000 [Сетевая папка недоступна. За информацией о разрешении проблем в сети обратитесь к справочной системе Windows]
2026-03-24 08:59:13,126 - aiogram.dispatcher - WARNING - Sleep for 2.008399 seconds and try again... (tryings = 3, bot id = 8628225993)
2026-03-24 08:59:50,357 - utils.logger - INFO - 🔌 Прокси: http://8TTs2K:v79kcs@103.78.189.79:8000
2026-03-24 08:59:50,357 - utils.logger - INFO - ✅ Прокси подключён успешно!
2026-03-24 08:59:50,358 - utils.logger - INFO - ======================================================================
2026-03-24 08:59:50,359 - utils.logger - INFO - 🤖 ИиВТ ДГТУ Помощник
2026-03-24 08:59:50,359 - utils.logger - INFO - ======================================================================
2026-03-24 08:59:50,359 - utils.logger - INFO - ✅ База данных подключена
2026-03-24 08:59:50,359 - utils.logger - INFO - ✅ Кеш токенов активирован
2026-03-24 08:59:50,359 - utils.logger - INFO - ✅ Токен: 8628225993:AAEvnCL9BWCN_zDUkta...
2026-03-24 08:59:50,359 - utils.logger - INFO - 🔌 Прокси: http://8TTs2K:v79kcs@103.78.189.79:8000
2026-03-24 08:59:50,359 - utils.logger - INFO - ✅ Роутеры подключены
2026-03-24 08:59:50,359 - utils.logger - INFO - ✅ ИИ (GigaChat) готов
2026-03-24 08:59:50,359 - utils.logger - INFO - ✅ Кеширование включено
2026-03-24 08:59:50,359 - utils.logger - INFO - ======================================================================
2026-03-24 08:59:50,359 - utils.logger - INFO - 🚀 БОТ ЗАПУЩЕН!
2026-03-24 08:59:50,359 - utils.logger - INFO - 📱 В Telegram: /start
2026-03-24 08:59:50,359 - utils.logger - INFO - 📊 Статистика кеша: /cache
2026-03-24 08:59:50,359 - utils.logger - INFO - 🧹 Очистить кеш: /clearcache
2026-03-24 08:59:50,360 - utils.logger - INFO - 📊 Статистика отзывов: /feedback_stats
2026-03-24 08:59:50,360 - utils.logger - INFO - ⏹️  Остановка: Ctrl + C
2026-03-24 08:59:50,360 - utils.logger - INFO - ======================================================================
2026-03-24 08:59:55,249 - aiogram.dispatcher - ERROR - Failed to fetch updates - TelegramNetworkError: HTTP Client says - ServerDisconnectedError: Server disconnected
2026-03-24 08:59:55,249 - aiogram.dispatcher - WARNING - Sleep for 1.000000 seconds and try again... (tryings = 0, bot id = 8628225993)
2026-03-24 09:00:03,948 - utils.logger - INFO - 🔌 Прокси: http://8TTs2K:v79kcs@103.78.189.79:8000
2026-03-24 09:00:03,948 - utils.logger - INFO - ✅ Прокси подключён успешно!
2026-03-24 09:00:03,949 - utils.logger - INFO - ======================================================================
2026-03-24 09:00:03,949 - utils.logger - INFO - 🤖 ИиВТ ДГТУ Помощник
2026-03-24 09:00:03,957 - utils.logger - INFO - ======================================================================
2026-03-24 09:00:03,958 - utils.logger - INFO - ✅ База данных подключена
2026-03-24 09:00:03,958 - utils.logger - INFO - ✅ Кеш токенов активирован
2026-03-24 09:00:03,958 - utils.logger - INFO - ✅ Токен: 8628225993:AAEvnCL9BWCN_zDUkta...
2026-03-24 09:00:03,958 - utils.logger - INFO - 🔌 Прокси: http://8TTs2K:v79kcs@103.78.189.79:8000
2026-03-24 09:00:03,958 - utils.logger - INFO - ✅ Роутеры подключены
2026-03-24 09:00:03,959 - utils.logger - INFO - ✅ ИИ (GigaChat) готов
2026-03-24 09:00:03,959 - utils.logger - INFO - ✅ Кеширование включено
2026-03-24 09:00:03,959 - utils.logger - INFO - ======================================================================
2026-03-24 09:00:03,959 - utils.logger - INFO - 🚀 БОТ ЗАПУЩЕН!
2026-03-24 09:00:03,959 - utils.logger - INFO - 📱 В Telegram: /start
2026-03-24 09:00:03,959 - utils.logger - INFO - 📊 Статистика кеша: /cache
2026-03-24 09:00:03,959 - utils.logger - INFO - 🧹 Очистить кеш: /clearcache
2026-03-24 09:00:03,959 - utils.logger - INFO - 📊 Статистика отзывов: /feedback_stats
2026-03-24 09:00:03,959 - utils.logger - INFO - ⏹️  Остановка: Ctrl + C
2026-03-24 09:00:03,959 - utils.logger - INFO - ======================================================================
2026-03-24 11:35:37,549 - handlers.faq_handler - INFO - 🤖 ИИ-запрос от пользователя 1057899073
2026-03-24 11:35:45,672 - services.llm_service - INFO - ✅ Ответ сгенерирован для пользователя 1057899073
2026-03-24 20:06:08,041 - aiogram.dispatcher - ERROR - Failed to fetch updates - TelegramNetworkError: HTTP Client says - Request timeout error
2026-03-24 20:06:08,050 - aiogram.dispatcher - WARNING - Sleep for 1.000000 seconds and try again... (tryings = 0, bot id = 8628225993)
2026-03-24 20:06:09,100 - aiogram.dispatcher - ERROR - Failed to fetch updates - ProxyConnectionError: [Errno 22] Couldn't connect to proxy 103.78.189.79:8000 [Сетевая папка недоступна. За информацией о разрешении проблем в сети обратитесь к справочной системе Windows]
2026-03-24 20:06:09,102 - aiogram.dispatcher - WARNING - Sleep for 1.387819 seconds and try again... (tryings = 1, bot id = 8628225993)
2026-03-24 20:06:10,500 - aiogram.dispatcher - ERROR - Failed to fetch updates - ProxyConnectionError: [Errno 22] Couldn't connect to proxy 103.78.189.79:8000 [Сетевая папка недоступна. За информацией о разрешении проблем в сети обратитесь к справочной системе Windows]
2026-03-24 20:06:10,500 - aiogram.dispatcher - WARNING - Sleep for 1.745977 seconds and try again... (tryings = 2, bot id = 8628225993)
2026-03-24 20:06:12,251 - aiogram.dispatcher - ERROR - Failed to fetch updates - ProxyConnectionError: [Errno 22] Couldn't connect to proxy 103.78.189.79:8000 [Сетевая папка недоступна. За информацией о разрешении проблем в сети обратитесь к справочной системе Windows]
2026-03-24 20:06:12,253 - aiogram.dispatcher - WARNING - Sleep for 2.353829 seconds and try again... (tryings = 3, bot id = 8628225993)
2026-03-24 20:06:35,657 - aiogram.dispatcher - ERROR - Failed to fetch updates - ProxyConnectionError: [Errno 22] Couldn't connect to proxy 103.78.189.79:8000 [Превышен таймаут семафора]
2026-03-24 20:06:35,657 - aiogram.dispatcher - WARNING - Sleep for 3.073529 seconds and try again... (tryings = 4, bot id = 8628225993)
2026-03-24 21:17:33,182 - aiogram.dispatcher - ERROR - Failed to fetch updates - TelegramNetworkError: HTTP Client says - ServerDisconnectedError: Server disconnected
2026-03-24 21:17:33,188 - aiogram.dispatcher - WARNING - Sleep for 1.000000 seconds and try again... (tryings = 0, bot id = 8628225993)
2026-03-24 21:17:38,401 - utils.logger - INFO - 🔌 Прокси: http://8TTs2K:v79kcs@103.78.189.79:8000
2026-03-24 21:17:38,401 - utils.logger - INFO - ✅ Прокси подключён успешно!
2026-03-24 21:17:38,402 - utils.logger - INFO - ======================================================================
2026-03-24 21:17:38,402 - utils.logger - INFO - 🤖 ИиВТ ДГТУ Помощник
2026-03-24 21:17:38,402 - utils.logger - INFO - ======================================================================
2026-03-24 21:17:38,402 - utils.logger - INFO - ✅ База данных подключена
2026-03-24 21:17:38,402 - utils.logger - INFO - ✅ Кеш токенов активирован
2026-03-24 21:17:38,403 - utils.logger - INFO - ✅ Токен: 8628225993:AAEvnCL9BWCN_zDUkta...
2026-03-24 21:17:38,403 - utils.logger - INFO - 🔌 Прокси: http://8TTs2K:v79kcs@103.78.189.79:8000
2026-03-24 21:17:38,403 - utils.logger - INFO - ✅ Роутеры подключены
2026-03-24 21:17:38,403 - utils.logger - INFO - ✅ ИИ (GigaChat) готов
2026-03-24 21:17:38,403 - utils.logger - INFO - ✅ Кеширование включено
2026-03-24 21:17:38,403 - utils.logger - INFO - ======================================================================
2026-03-24 21:17:38,403 - utils.logger - INFO - 🚀 БОТ ЗАПУЩЕН!
2026-03-24 21:17:38,403 - utils.logger - INFO - 📱 В Telegram: /start
2026-03-24 21:17:38,403 - utils.logger - INFO - 📊 Статистика кеша: /cache
2026-03-24 21:17:38,403 - utils.logger - INFO - 🧹 Очистить кеш: /clearcache
2026-03-24 21:17:38,404 - utils.logger - INFO - 📊 Статистика отзывов: /feedback_stats
2026-03-24 21:17:38,404 - utils.logger - INFO - ⏹️  Остановка: Ctrl + C
2026-03-24 21:17:38,404 - utils.logger - INFO - ======================================================================
2026-03-24 21:20:37,482 - handlers.faq_handler - INFO - 🤖 ИИ-запрос от пользователя 1057899073
2026-03-24 21:20:42,208 - services.llm_service - INFO - ✅ Ответ сгенерирован для пользователя 1057899073
2026-03-24 21:26:59,944 - aiogram.dispatcher - ERROR - Failed to fetch updates - TelegramNetworkError: HTTP Client says - ServerDisconnectedError: Server disconnected
2026-03-24 21:26:59,944 - aiogram.dispatcher - WARNING - Sleep for 1.000000 seconds and try again... (tryings = 0, bot id = 8628225993)
2026-03-24 21:27:04,378 - utils.logger - INFO - 🔌 Прокси: http://8TTs2K:v79kcs@103.78.189.79:8000
2026-03-24 21:27:04,380 - utils.logger - INFO - ✅ Прокси подключён успешно!
2026-03-24 21:27:04,381 - utils.logger - INFO - ======================================================================
2026-03-24 21:27:04,381 - utils.logger - INFO - 🤖 ИиВТ ДГТУ Помощник
2026-03-24 21:27:04,381 - utils.logger - INFO - ======================================================================
2026-03-24 21:27:04,381 - utils.logger - INFO - ✅ База данных подключена
2026-03-24 21:27:04,381 - utils.logger - INFO - ✅ Кеш токенов активирован
2026-03-24 21:27:04,381 - utils.logger - INFO - ✅ Токен: 8628225993:AAEvnCL9BWCN_zDUkta...
2026-03-24 21:27:04,381 - utils.logger - INFO - 🔌 Прокси: http://8TTs2K:v79kcs@103.78.189.79:8000
2026-03-24 21:27:04,381 - utils.logger - INFO - ✅ Роутеры подключены
2026-03-24 21:27:04,381 - utils.logger - INFO - ✅ ИИ (GigaChat) готов
2026-03-24 21:27:04,381 - utils.logger - INFO - ✅ Кеширование включено
2026-03-24 21:27:04,381 - utils.logger - INFO - ======================================================================
2026-03-24 21:27:04,382 - utils.logger - INFO - 🚀 БОТ ЗАПУЩЕН!
2026-03-24 21:27:04,382 - utils.logger - INFO - 📱 В Telegram: /start
2026-03-24 21:27:04,382 - utils.logger - INFO - 📊 Статистика кеша: /cache
2026-03-24 21:27:04,382 - utils.logger - INFO - 🧹 Очистить кеш: /clearcache
2026-03-24 21:27:04,382 - utils.logger - INFO - 📊 Статистика отзывов: /feedback_stats
2026-03-24 21:27:04,382 - utils.logger - INFO - ⏹️  Остановка: Ctrl + C
2026-03-24 21:27:04,382 - utils.logger - INFO - ======================================================================
2026-03-24 21:27:33,113 - handlers.faq_handler - INFO - 🧹 Кеш очищен пользователем 1057899073
2026-03-24 21:27:33,113 - services.cache_service - INFO - 🧹 Кеш очищен
2026-03-24 21:28:01,375 - handlers.faq_handler - INFO - 🤖 ИИ-запрос от пользователя 1057899073
2026-03-24 21:28:07,177 - services.llm_service - INFO - ✅ Ответ сгенерирован для пользователя 1057899073
2026-03-24 21:28:21,643 - handlers.feedback_handler - INFO - 👍 Положительный отзыв от пользователя 1057899073
2026-03-26 10:00:50,567 - aiogram.dispatcher - ERROR - Failed to fetch updates - TelegramNetworkError: HTTP Client says - Request timeout error
2026-03-26 10:00:50,728 - aiogram.dispatcher - WARNING - Sleep for 1.000000 seconds and try again... (tryings = 0, bot id = 8628225993)
2026-03-26 10:00:52,067 - aiogram.dispatcher - ERROR - Failed to fetch updates - ProxyConnectionError: [Errno 22] Couldn't connect to proxy 103.78.189.79:8000 [Сетевая папка недоступна. За информацией о разрешении проблем в сети обратитесь к справочной системе Windows]
2026-03-26 10:00:52,080 - aiogram.dispatcher - WARNING - Sleep for 1.334767 seconds and try again... (tryings = 1, bot id = 8628225993)
2026-03-26 10:00:53,419 - aiogram.dispatcher - ERROR - Failed to fetch updates - ProxyConnectionError: [Errno 22] Couldn't connect to proxy 103.78.189.79:8000 [Сетевая папка недоступна. За информацией о разрешении проблем в сети обратитесь к справочной системе Windows]
2026-03-26 10:00:53,420 - aiogram.dispatcher - WARNING - Sleep for 1.626897 seconds and try again... (tryings = 2, bot id = 8628225993)
2026-03-26 10:00:55,059 - aiogram.dispatcher - ERROR - Failed to fetch updates - ProxyConnectionError: [Errno 22] Couldn't connect to proxy 103.78.189.79:8000 [Сетевая папка недоступна. За информацией о разрешении проблем в сети обратитесь к справочной системе Windows]
2026-03-26 10:00:55,066 - aiogram.dispatcher - WARNING - Sleep for 2.102381 seconds and try again... (tryings = 3, bot id = 8628225993)
2026-03-26 10:01:14,998 - utils.logger - INFO - 🔌 Прокси: http://8TTs2K:v79kcs@103.78.189.79:8000
2026-03-26 10:01:14,999 - utils.logger - INFO - ✅ Прокси подключён успешно!
2026-03-26 10:01:15,000 - utils.logger - INFO - ======================================================================
2026-03-26 10:01:15,000 - utils.logger - INFO - 🤖 ИиВТ ДГТУ Помощник
2026-03-26 10:01:15,000 - utils.logger - INFO - ======================================================================
2026-03-26 10:01:15,000 - utils.logger - INFO - ✅ База данных подключена
2026-03-26 10:01:15,000 - utils.logger - INFO - ✅ Кеш токенов активирован
2026-03-26 10:01:15,000 - utils.logger - INFO - ✅ Токен: 8628225993:AAEvnCL9BWCN_zDUkta...
2026-03-26 10:01:15,000 - utils.logger - INFO - 🔌 Прокси: http://8TTs2K:v79kcs@103.78.189.79:8000
2026-03-26 10:01:15,000 - utils.logger - INFO - ✅ Роутеры подключены
2026-03-26 10:01:15,001 - utils.logger - INFO - ✅ ИИ (GigaChat) готов
2026-03-26 10:01:15,001 - utils.logger - INFO - ✅ Кеширование включено
2026-03-26 10:01:15,001 - utils.logger - INFO - ======================================================================
2026-03-26 10:01:15,001 - utils.logger - INFO - 🚀 БОТ ЗАПУЩЕН!
2026-03-26 10:01:15,001 - utils.logger - INFO - 📱 В Telegram: /start
2026-03-26 10:01:15,001 - utils.logger - INFO - 📊 Статистика кеша: /cache
2026-03-26 10:01:15,001 - utils.logger - INFO - 🧹 Очистить кеш: /clearcache
2026-03-26 10:01:15,001 - utils.logger - INFO - 📊 Статистика отзывов: /feedback_stats
2026-03-26 10:01:15,001 - utils.logger - INFO - ⏹️  Остановка: Ctrl + C
2026-03-26 10:01:15,001 - utils.logger - INFO - ======================================================================
2026-03-26 10:01:17,633 - utils.logger - ERROR - ❌ Ошибка: [Errno 22] Couldn't connect to proxy 103.78.189.79:8000 [Удаленный компьютер отклонил это сетевое подключение]
2026-03-26 10:25:17,012 - services.llm_service - INFO - ✅ GigaChat сервис инициализирован (с доступом к сайту ДГТУ)
2026-03-26 10:25:17,012 - utils.logger - INFO - ✅ ИИ-сервис (GigaChat) инициализирован
2026-03-26 10:25:17,012 - utils.logger - INFO - 🔌 Подключаю прокси: http://tBm6Wa:k1z8no@194.53.189.4:8000
2026-03-26 10:25:17,312 - utils.logger - INFO - ✅ Прокси подключён успешно!
2026-03-26 10:25:17,312 - utils.logger - INFO - 🌐 IP прокси: 194.53.189.4:8000
2026-03-26 10:25:17,313 - utils.logger - INFO - ======================================================================
2026-03-26 10:25:17,315 - utils.logger - INFO - 🤖 ИиВТ ДГТУ Помощник
2026-03-26 10:25:17,315 - utils.logger - INFO - ======================================================================
2026-03-26 10:25:17,316 - utils.logger - INFO - ✅ База данных подключена
2026-03-26 10:25:17,316 - utils.logger - INFO - ✅ Кеш токенов активирован
2026-03-26 10:25:17,317 - utils.logger - INFO - ✅ Токен: 8628225993:AAEvnCL9BWCN_zDUkta...
2026-03-26 10:25:17,317 - utils.logger - INFO - 🔌 Прокси: 194.53.189.4:8000
2026-03-26 10:25:17,318 - utils.logger - INFO - ✅ Роутеры подключены
2026-03-26 10:25:17,318 - utils.logger - INFO - ✅ ИИ (GigaChat) готов
2026-03-26 10:25:17,319 - utils.logger - INFO - ✅ Кеширование включено
2026-03-26 10:25:17,319 - utils.logger - INFO - ======================================================================
2026-03-26 10:25:17,320 - utils.logger - INFO - 🚀 БОТ ЗАПУЩЕН!
2026-03-26 10:25:17,321 - utils.logger - INFO - 📱 В Telegram: /start
2026-03-26 10:25:17,321 - utils.logger - INFO - 📊 Статистика кеша: /cache
2026-03-26 10:25:17,323 - utils.logger - INFO - 🧹 Очистить кеш: /clearcache
2026-03-26 10:25:17,325 - utils.logger - INFO - 📊 Статистика отзывов: /feedback_stats
2026-03-26 10:25:17,326 - utils.logger - INFO - ⏹️  Остановка: Ctrl + C
2026-03-26 10:25:17,327 - utils.logger - INFO - ======================================================================
2026-03-26 10:25:36,885 - handlers.feedback_handler - INFO - 👎 Отрицательный отзыв от пользователя 1057899073
2026-03-26 10:26:01,498 - handlers.faq_handler - INFO - 🤖 ИИ-запрос от пользователя 1057899073
2026-03-26 10:26:06,874 - services.llm_service - INFO - ✅ Ответ сгенерирован для пользователя 1057899073
2026-03-26 10:35:05,594 - aiogram.dispatcher - ERROR - Failed to fetch updates - TelegramNetworkError: HTTP Client says - ServerDisconnectedError: Server disconnected
2026-03-26 10:35:05,594 - aiogram.dispatcher - WARNING - Sleep for 1.000000 seconds and try again... (tryings = 0, bot id = 8628225993)
2026-03-26 10:38:03,887 - services.llm_service - INFO - ✅ GigaChat сервис инициализирован (с доступом к сайту ДГТУ)
2026-03-26 10:38:03,888 - utils.logger - INFO - ✅ ИИ-сервис (GigaChat) инициализирован
2026-03-26 10:38:03,888 - utils.logger - INFO - 🔌 Подключаю прокси: http://tBm6Wa:k1z8no@194.53.189.4:8000
2026-03-26 10:38:04,135 - utils.logger - INFO - ✅ Прокси подключён успешно!
2026-03-26 10:38:04,135 - utils.logger - INFO - 🌐 IP прокси: 194.53.189.4:8000
2026-03-26 10:38:04,136 - utils.logger - INFO - ======================================================================
2026-03-26 10:38:04,136 - utils.logger - INFO - 🤖 ИиВТ ДГТУ Помощник
2026-03-26 10:38:04,136 - utils.logger - INFO - ======================================================================
2026-03-26 10:38:04,141 - utils.logger - INFO - ✅ База данных подключена
2026-03-26 10:38:04,141 - utils.logger - INFO - ✅ Кеш токенов активирован
2026-03-26 10:38:04,141 - utils.logger - INFO - ✅ Токен: 8628225993:AAEvnCL9BWCN_zDUkta...
2026-03-26 10:38:04,141 - utils.logger - INFO - 🔌 Прокси: 194.53.189.4:8000
2026-03-26 10:38:04,141 - utils.logger - INFO - ✅ Роутеры подключены
2026-03-26 10:38:04,141 - utils.logger - INFO - ✅ ИИ (GigaChat) готов
2026-03-26 10:38:04,141 - utils.logger - INFO - ✅ Кеширование включено
2026-03-26 10:38:04,142 - utils.logger - INFO - ======================================================================
2026-03-26 10:38:04,143 - utils.logger - INFO - 🚀 БОТ ЗАПУЩЕН!
2026-03-26 10:38:04,143 - utils.logger - INFO - 📱 В Telegram: /start
2026-03-26 10:38:04,144 - utils.logger - INFO - 📊 Статистика кеша: /cache
2026-03-26 10:38:04,144 - utils.logger - INFO - 🧹 Очистить кеш: /clearcache
2026-03-26 10:38:04,145 - utils.logger - INFO - 📊 Статистика отзывов: /feedback_stats
2026-03-26 10:38:04,147 - utils.logger - INFO - ⏹️  Остановка: Ctrl + C
2026-03-26 10:38:04,147 - utils.logger - INFO - ======================================================================
2026-03-26 10:38:34,821 - handlers.faq_handler - INFO - 🤖 ИИ-запрос от пользователя 1057899073
2026-03-26 10:38:39,697 - services.llm_service - INFO - ✅ Ответ сгенерирован для пользователя 1057899073
2026-03-26 10:39:23,419 - handlers.faq_handler - INFO - 🤖 ИИ-запрос от пользователя 1057899073
2026-03-26 10:39:28,743 - services.llm_service - INFO - ✅ Ответ сгенерирован для пользователя 1057899073
2026-03-26 10:39:55,686 - handlers.faq_handler - INFO - 🤖 ИИ-запрос от пользователя 1057899073
2026-03-26 10:40:05,546 - services.llm_service - INFO - ✅ Ответ сгенерирован для пользователя 1057899073
2026-03-26 12:06:59,695 - handlers.faq_handler - INFO - 🤖 ИИ-запрос от пользователя 1057899073
2026-03-26 12:07:04,966 - services.llm_service - INFO - ✅ Ответ сгенерирован для пользователя 1057899073
2026-03-26 13:52:46,870 - handlers.faq_handler - INFO - 🤖 ИИ-запрос от пользователя 1057899073
2026-03-26 13:52:52,602 - services.llm_service - INFO - ✅ Ответ сгенерирован для пользователя 1057899073
2026-03-26 13:54:31,436 - handlers.feedback_handler - INFO - 👍 Положительный отзыв от пользователя 1057899073
2026-03-26 18:07:22,020 - aiogram.dispatcher - ERROR - Failed to fetch updates - TelegramNetworkError: HTTP Client says - Request timeout error
2026-03-26 18:07:22,038 - aiogram.dispatcher - WARNING - Sleep for 1.000000 seconds and try again... (tryings = 0, bot id = 8628225993)
2026-03-26 18:07:23,052 - aiogram.dispatcher - ERROR - Failed to fetch updates - ProxyConnectionError: [Errno 22] Couldn't connect to proxy 194.53.189.4:8000 [Сетевая папка недоступна. За информацией о разрешении проблем в сети обратитесь к справочной системе Windows]
2026-03-26 18:07:23,060 - aiogram.dispatcher - WARNING - Sleep for 1.331144 seconds and try again... (tryings = 1, bot id = 8628225993)
2026-03-26 18:07:24,408 - aiogram.dispatcher - ERROR - Failed to fetch updates - ProxyConnectionError: [Errno 22] Couldn't connect to proxy 194.53.189.4:8000 [Сетевая папка недоступна. За информацией о разрешении проблем в сети обратитесь к справочной системе Windows]
2026-03-26 18:07:24,408 - aiogram.dispatcher - WARNING - Sleep for 1.753147 seconds and try again... (tryings = 2, bot id = 8628225993)
2026-03-26 18:07:26,170 - aiogram.dispatcher - ERROR - Failed to fetch updates - ProxyConnectionError: [Errno 22] Couldn't connect to proxy 194.53.189.4:8000 [Сетевая папка недоступна. За информацией о разрешении проблем в сети обратитесь к справочной системе Windows]
2026-03-26 18:07:26,171 - aiogram.dispatcher - WARNING - Sleep for 2.159158 seconds and try again... (tryings = 3, bot id = 8628225993)
2026-03-26 18:07:28,344 - aiogram.dispatcher - ERROR - Failed to fetch updates - ProxyConnectionError: [Errno 22] Couldn't connect to proxy 194.53.189.4:8000 [Сетевая папка недоступна. За информацией о разрешении проблем в сети обратитесь к справочной системе Windows]
2026-03-26 18:07:28,345 - aiogram.dispatcher - WARNING - Sleep for 2.748068 seconds and try again... (tryings = 4, bot id = 8628225993)
2026-03-26 18:07:31,108 - aiogram.dispatcher - ERROR - Failed to fetch updates - ProxyConnectionError: [Errno 22] Couldn't connect to proxy 194.53.189.4:8000 [Сетевая папка недоступна. За информацией о разрешении проблем в сети обратитесь к справочной системе Windows]
2026-03-26 18:07:31,109 - aiogram.dispatcher - WARNING - Sleep for 3.543886 seconds and try again... (tryings = 5, bot id = 8628225993)
2026-03-26 18:14:04,827 - aiogram.dispatcher - ERROR - Failed to fetch updates - TelegramNetworkError: HTTP Client says - ServerDisconnectedError: Server disconnected
2026-03-26 18:14:04,827 - aiogram.dispatcher - WARNING - Sleep for 1.000000 seconds and try again... (tryings = 0, bot id = 8628225993)
2026-03-26 18:14:10,336 - services.llm_service - INFO - ✅ GigaChat сервис инициализирован (с доступом к сайту ДГТУ)
2026-03-26 18:14:10,336 - utils.logger - INFO - ✅ ИИ-сервис (GigaChat) инициализирован
2026-03-26 18:14:10,338 - utils.logger - INFO - ⚡ Подключаю БЫСТРЫЙ прокси: http://tBm6Wa:k1z8no@194.53.189.4:8000
2026-03-26 18:14:10,339 - utils.logger - ERROR - ❌ Ошибка прокси: BaseSession.__init__() got an unexpected keyword argument 'raise_for_status'
2026-03-26 18:14:10,340 - utils.logger - INFO - 🔄 Пробую без прокси...
2026-03-26 18:14:10,604 - utils.logger - INFO - ======================================================================
2026-03-26 18:14:10,604 - utils.logger - INFO - 🤖 ИиВТ ДГТУ Помощник (ОПТИМИЗИРОВАННАЯ ВЕРСИЯ)
2026-03-26 18:14:10,604 - utils.logger - INFO - ======================================================================
2026-03-26 18:14:10,605 - utils.logger - INFO - ✅ База данных подключена
2026-03-26 18:14:10,605 - utils.logger - INFO - ✅ Кеш токенов активирован
2026-03-26 18:14:10,605 - utils.logger - INFO - ✅ Токен: 8628225993:AAEvnCL9BWCN_zDUkta...
2026-03-26 18:14:10,605 - utils.logger - INFO - ⚡ Прокси: БЫСТРЫЙ режим
2026-03-26 18:14:10,605 - utils.logger - INFO - ✅ Роутеры подключены
2026-03-26 18:14:10,605 - utils.logger - INFO - ✅ ИИ (GigaChat) готов
2026-03-26 18:14:10,605 - utils.logger - INFO - ✅ Кеширование включено
2026-03-26 18:14:10,605 - utils.logger - INFO - ======================================================================
2026-03-26 18:14:10,605 - utils.logger - INFO - 🚀 БОТ ЗАПУЩЕН! (ОПТИМИЗИРОВАН)
2026-03-26 18:14:10,605 - utils.logger - INFO - 📱 В Telegram: /start
2026-03-26 18:14:10,606 - utils.logger - INFO - 📊 Статистика кеша: /cache
2026-03-26 18:14:10,606 - utils.logger - INFO - 🧹 Очистить кеш: /clearcache
2026-03-26 18:14:10,606 - utils.logger - INFO - 📊 Статистика отзывов: /feedback_stats
2026-03-26 18:14:10,606 - utils.logger - INFO - ⏹️  Остановка: Ctrl + C
2026-03-26 18:14:10,606 - utils.logger - INFO - ======================================================================
2026-03-26 18:14:10,606 - utils.logger - ERROR - ❌ Ошибка: 'Dispatcher' object has no attribute 'allowed_updates'
2026-03-26 18:16:12,049 - services.llm_service - INFO - ✅ GigaChat сервис инициализирован (с доступом к сайту ДГТУ)
2026-03-26 18:16:12,049 - utils.logger - INFO - ✅ ИИ-сервис (GigaChat) инициализирован
2026-03-26 18:16:12,050 - utils.logger - INFO - ⚡ Подключаю БЫСТРЫЙ прокси: http://tBm6Wa:k1z8no@194.53.189.4:8000
2026-03-26 18:16:12,050 - utils.logger - ERROR - ❌ Ошибка прокси: BaseSession.__init__() got an unexpected keyword argument 'raise_for_status'
2026-03-26 18:16:12,050 - utils.logger - INFO - 🔄 Пробую без прокси...
2026-03-26 18:16:12,280 - utils.logger - INFO - ======================================================================
2026-03-26 18:16:12,280 - utils.logger - INFO - 🤖 ИиВТ ДГТУ Помощник (ОПТИМИЗИРОВАННАЯ ВЕРСИЯ)
2026-03-26 18:16:12,280 - utils.logger - INFO - ======================================================================
2026-03-26 18:16:12,280 - utils.logger - INFO - ✅ База данных подключена
2026-03-26 18:16:12,281 - utils.logger - INFO - ✅ Кеш токенов активирован
2026-03-26 18:16:12,281 - utils.logger - INFO - ✅ Токен: 8628225993:AAEvnCL9BWCN_zDUkta...
2026-03-26 18:16:12,281 - utils.logger - INFO - ⚡ Прокси: БЫСТРЫЙ режим
2026-03-26 18:16:12,281 - utils.logger - INFO - ✅ Роутеры подключены
2026-03-26 18:16:12,281 - utils.logger - INFO - ✅ ИИ (GigaChat) готов
2026-03-26 18:16:12,281 - utils.logger - INFO - ✅ Кеширование включено
2026-03-26 18:16:12,281 - utils.logger - INFO - ======================================================================
2026-03-26 18:16:12,281 - utils.logger - INFO - 🚀 БОТ ЗАПУЩЕН! (ОПТИМИЗИРОВАН)
2026-03-26 18:16:12,281 - utils.logger - INFO - 📱 В Telegram: /start
2026-03-26 18:16:12,281 - utils.logger - INFO - 📊 Статистика кеша: /cache
2026-03-26 18:16:12,281 - utils.logger - INFO - 🧹 Очистить кеш: /clearcache
2026-03-26 18:16:12,282 - utils.logger - INFO - 📊 Статистика отзывов: /feedback_stats
2026-03-26 18:16:12,282 - utils.logger - INFO - ⏹️  Остановка: Ctrl + C
2026-03-26 18:16:12,282 - utils.logger - INFO - ======================================================================
2026-03-26 18:17:12,633 - utils.logger - ERROR - ❌ Ошибка: HTTP Client says - ClientConnectorError: Cannot connect to host api.telegram.org:443 ssl:default [None]
2026-03-26 18:18:03,599 - services.llm_service - INFO - ✅ GigaChat сервис инициализирован (с доступом к сайту ДГТУ)
2026-03-26 18:18:03,599 - utils.logger - INFO - ✅ ИИ-сервис (GigaChat) инициализирован
2026-03-26 18:18:03,600 - utils.logger - INFO - ⚡ Подключаю БЫСТРЫЙ прокси: http://tBm6Wa:k1z8no@194.53.189.4:8000
2026-03-26 18:18:03,600 - utils.logger - ERROR - ❌ Ошибка прокси: BaseSession.__init__() got an unexpected keyword argument 'connector'
2026-03-26 18:18:03,600 - utils.logger - INFO - 🔄 Пробую без прокси...
2026-03-26 18:18:03,833 - utils.logger - INFO - ======================================================================
2026-03-26 18:18:03,833 - utils.logger - INFO - 🤖 ИиВТ ДГТУ Помощник (ОПТИМИЗИРОВАННАЯ ВЕРСИЯ)
2026-03-26 18:18:03,834 - utils.logger - INFO - ======================================================================
2026-03-26 18:18:03,834 - utils.logger - INFO - ✅ База данных подключена
2026-03-26 18:18:03,834 - utils.logger - INFO - ✅ Кеш токенов активирован
2026-03-26 18:18:03,834 - utils.logger - INFO - ✅ Токен: 8628225993:AAEvnCL9BWCN_zDUkta...
2026-03-26 18:18:03,835 - utils.logger - INFO - ⚡ Прокси: БЫСТРЫЙ режим
2026-03-26 18:18:03,835 - utils.logger - INFO - ✅ Роутеры подключены
2026-03-26 18:18:03,835 - utils.logger - INFO - ✅ ИИ (GigaChat) готов
2026-03-26 18:18:03,835 - utils.logger - INFO - ✅ Кеширование включено
2026-03-26 18:18:03,835 - utils.logger - INFO - ======================================================================
2026-03-26 18:18:03,835 - utils.logger - INFO - 🚀 БОТ ЗАПУЩЕН! (ОПТИМИЗИРОВАН)
2026-03-26 18:18:03,835 - utils.logger - INFO - 📱 В Telegram: /start
2026-03-26 18:18:03,836 - utils.logger - INFO - 📊 Статистика кеша: /cache
2026-03-26 18:18:03,836 - utils.logger - INFO - 🧹 Очистить кеш: /clearcache
2026-03-26 18:18:03,836 - utils.logger - INFO - 📊 Статистика отзывов: /feedback_stats
2026-03-26 18:18:03,836 - utils.logger - INFO - ⏹️  Остановка: Ctrl + C
2026-03-26 18:18:03,836 - utils.logger - INFO - ======================================================================
2026-03-26 18:18:23,429 - utils.logger - ERROR - ❌ Ошибка: HTTP Client says - ClientConnectorError: Cannot connect to host api.telegram.org:443 ssl:default [Превышен таймаут семафора]
2026-03-26 18:20:11,154 - services.llm_service - INFO - ✅ GigaChat сервис инициализирован (с доступом к сайту ДГТУ)
2026-03-26 18:20:11,155 - utils.logger - INFO - ✅ ИИ-сервис (GigaChat) инициализирован
2026-03-26 18:20:11,158 - utils.logger - INFO - 🔌 Подключаю прокси: http://tBm6Wa:k1z8no@194.53.189.4:8000
2026-03-26 18:20:14,220 - utils.logger - INFO - ✅ Прокси подключён! Бот: @iivt_dgtu_bot
2026-03-26 18:20:14,221 - utils.logger - INFO - ======================================================================
2026-03-26 18:20:14,222 - utils.logger - INFO - 🤖 ИиВТ ДГТУ Помощник
2026-03-26 18:20:14,222 - utils.logger - INFO - ======================================================================
2026-03-26 18:20:14,222 - utils.logger - INFO - ✅ База данных подключена
2026-03-26 18:20:14,222 - utils.logger - INFO - ✅ Кеш токенов активирован
2026-03-26 18:20:14,222 - utils.logger - INFO - ✅ Токен: 8628225993:AAEvnCL9BWCN_zDUkta...
2026-03-26 18:20:14,222 - utils.logger - INFO - 🔌 Прокси: 194.53.189.4:8000
2026-03-26 18:20:14,222 - utils.logger - INFO - ✅ Роутеры подключены
2026-03-26 18:20:14,222 - utils.logger - INFO - ✅ ИИ (GigaChat) готов
2026-03-26 18:20:14,222 - utils.logger - INFO - ✅ Кеширование включено
2026-03-26 18:20:14,222 - utils.logger - INFO - ======================================================================
2026-03-26 18:20:14,222 - utils.logger - INFO - 🚀 БОТ ЗАПУЩЕН!
2026-03-26 18:20:14,223 - utils.logger - INFO - 📱 В Telegram: /start
2026-03-26 18:20:14,223 - utils.logger - INFO - 📊 Статистика кеша: /cache
2026-03-26 18:20:14,223 - utils.logger - INFO - 🧹 Очистить кеш: /clearcache
2026-03-26 18:20:14,223 - utils.logger - INFO - 📊 Статистика отзывов: /feedback_stats
2026-03-26 18:20:14,223 - utils.logger - INFO - ⏹️  Остановка: Ctrl + C
2026-03-26 18:20:14,223 - utils.logger - INFO - ======================================================================
2026-03-26 18:20:14,485 - utils.logger - ERROR - ❌ Ошибка: unsupported operand type(s) for +: 'ClientTimeout' and 'int'
2026-03-26 18:22:19,215 - services.llm_service - INFO - ✅ GigaChat сервис инициализирован (с доступом к сайту ДГТУ)
2026-03-26 18:22:19,216 - utils.logger - INFO - ✅ ИИ-сервис (GigaChat) инициализирован
2026-03-26 18:22:19,216 - utils.logger - INFO - 🔌 Подключаю прокси: http://tBm6Wa:k1z8no@194.53.189.4:8000
2026-03-26 18:22:22,282 - utils.logger - INFO - ✅ Прокси подключён! Бот: @iivt_dgtu_bot
2026-03-26 18:22:22,283 - utils.logger - INFO - ======================================================================
2026-03-26 18:22:22,283 - utils.logger - INFO - 🤖 ИиВТ ДГТУ Помощник
2026-03-26 18:22:22,284 - utils.logger - INFO - ======================================================================
2026-03-26 18:22:22,284 - utils.logger - INFO - ✅ База данных подключена
2026-03-26 18:22:22,284 - utils.logger - INFO - ✅ Кеш токенов активирован
2026-03-26 18:22:22,284 - utils.logger - INFO - ✅ Токен: 8628225993:AAEvnCL9BWCN_zDUkta...
2026-03-26 18:22:22,284 - utils.logger - INFO - 🔌 Прокси: 194.53.189.4:8000
2026-03-26 18:22:22,284 - utils.logger - INFO - ✅ Роутеры подключены
2026-03-26 18:22:22,284 - utils.logger - INFO - ✅ ИИ (GigaChat) готов
2026-03-26 18:22:22,284 - utils.logger - INFO - ✅ Кеширование включено
2026-03-26 18:22:22,284 - utils.logger - INFO - ======================================================================
2026-03-26 18:22:22,284 - utils.logger - INFO - 🚀 БОТ ЗАПУЩЕН!
2026-03-26 18:22:22,284 - utils.logger - INFO - 📱 В Telegram: /start
2026-03-26 18:22:22,284 - utils.logger - INFO - 📊 Статистика кеша: /cache
2026-03-26 18:22:22,285 - utils.logger - INFO - 🧹 Очистить кеш: /clearcache
2026-03-26 18:22:22,285 - utils.logger - INFO - 📊 Статистика отзывов: /feedback_stats
2026-03-26 18:22:22,285 - utils.logger - INFO - ⏹️  Остановка: Ctrl + C
2026-03-26 18:22:22,285 - utils.logger - INFO - ======================================================================
2026-03-26 18:22:43,840 - aiogram.dispatcher - ERROR - Failed to fetch updates - TelegramNetworkError: HTTP Client says - ServerDisconnectedError: Server disconnected
2026-03-26 18:22:43,840 - aiogram.dispatcher - WARNING - Sleep for 1.000000 seconds and try again... (tryings = 0, bot id = 8628225993)
2026-03-26 18:28:56,866 - services.llm_service - INFO - ✅ GigaChat сервис инициализирован (с доступом к сайту ДГТУ)
2026-03-26 18:28:56,866 - utils.logger - INFO - ✅ ИИ-сервис (GigaChat) инициализирован
2026-03-26 18:28:56,867 - utils.logger - INFO - 🔌 Подключаю прокси: http://tBm6Wa:k1z8no@194.53.189.4:8000
2026-03-26 18:29:00,325 - utils.logger - INFO - ✅ Прокси подключён! Бот: @iivt_dgtu_bot
2026-03-26 18:29:00,326 - utils.logger - INFO - ======================================================================
2026-03-26 18:29:00,326 - utils.logger - INFO - 🤖 ИиВТ ДГТУ Помощник
2026-03-26 18:29:00,326 - utils.logger - INFO - ======================================================================
2026-03-26 18:29:00,327 - utils.logger - INFO - ✅ База данных подключена
2026-03-26 18:29:00,327 - utils.logger - INFO - ✅ Кеш токенов активирован
2026-03-26 18:29:00,327 - utils.logger - INFO - ✅ Токен: 8628225993:AAEvnCL9BWCN_zDUkta...
2026-03-26 18:29:00,327 - utils.logger - INFO - 🔌 Прокси: 194.53.189.4:8000
2026-03-26 18:29:00,327 - utils.logger - INFO - ✅ Роутеры подключены
2026-03-26 18:29:00,327 - utils.logger - INFO - ✅ ИИ (GigaChat) готов
2026-03-26 18:29:00,327 - utils.logger - INFO - ✅ Кеширование включено
2026-03-26 18:29:00,327 - utils.logger - INFO - ======================================================================
2026-03-26 18:29:00,328 - utils.logger - INFO - 🚀 БОТ ЗАПУЩЕН!
2026-03-26 18:29:00,328 - utils.logger - INFO - 📱 В Telegram: /start
2026-03-26 18:29:00,328 - utils.logger - INFO - 📊 Статистика кеша: /cache
2026-03-26 18:29:00,328 - utils.logger - INFO - 🧹 Очистить кеш: /clearcache
2026-03-26 18:29:00,328 - utils.logger - INFO - 📊 Статистика отзывов: /feedback_stats
2026-03-26 18:29:00,328 - utils.logger - INFO - ⏹️  Остановка: Ctrl + C
2026-03-26 18:29:00,328 - utils.logger - INFO - ======================================================================
2026-03-26 18:35:22,302 - aiogram.dispatcher - ERROR - Failed to fetch updates - TelegramNetworkError: HTTP Client says - ServerDisconnectedError: Server disconnected
2026-03-26 18:35:22,302 - aiogram.dispatcher - WARNING - Sleep for 1.000000 seconds and try again... (tryings = 0, bot id = 8628225993)
2026-03-26 18:35:26,476 - services.llm_service - INFO - ✅ GigaChat сервис инициализирован (с доступом к сайту ДГТУ)
2026-03-26 18:35:26,476 - utils.logger - INFO - ✅ ИИ-сервис (GigaChat) инициализирован
2026-03-26 18:35:26,477 - utils.logger - INFO - 🌐 Прокси (SOCKS5): 194.53.189.4:8000
2026-03-26 18:35:30,121 - utils.logger - INFO - ✅ Бот: @iivt_dgtu_bot
2026-03-26 18:35:30,122 - utils.logger - INFO - ============================================================
2026-03-26 18:35:30,122 - utils.logger - INFO - 🤖 ИиВТ ДГТУ Помощник — ЗАПУЩЕН
2026-03-26 18:35:30,123 - utils.logger - INFO - ============================================================
2026-03-26 18:35:30,123 - utils.logger - INFO - 🔄 Polling запущен...
2026-03-26 18:38:32,905 - aiogram.dispatcher - ERROR - Failed to fetch updates - TelegramNetworkError: HTTP Client says - ServerDisconnectedError: Server disconnected
2026-03-26 18:38:32,905 - aiogram.dispatcher - WARNING - Sleep for 1.000000 seconds and try again... (tryings = 0, bot id = 8628225993)
2026-03-26 18:38:37,318 - services.llm_service - INFO - ✅ GigaChat сервис инициализирован (с доступом к сайту ДГТУ)
2026-03-26 18:38:37,318 - utils.logger - INFO - ✅ ИИ-сервис (GigaChat) инициализирован
2026-03-26 18:38:37,319 - utils.logger - INFO - 🌐 Прокси (SOCKS5): 194.53.189.4:8000
2026-03-26 18:38:41,042 - utils.logger - INFO - ✅ Бот: @iivt_dgtu_bot (ID: 8628225993)
2026-03-26 18:38:41,043 - utils.logger - INFO - ======================================================================
2026-03-26 18:38:41,043 - utils.logger - INFO - 🤖 ИиВТ ДГТУ Помощник
2026-03-26 18:38:41,044 - utils.logger - INFO - ======================================================================
2026-03-26 18:38:41,044 - utils.logger - INFO - ✅ База данных подключена
2026-03-26 18:38:41,044 - utils.logger - INFO - ✅ Кеш токенов активирован
2026-03-26 18:38:41,044 - utils.logger - INFO - ✅ Токен: 8628225993:AAEvnCL9BWCN_zDUkta...
2026-03-26 18:38:41,044 - utils.logger - INFO - 🔌 Прокси: 194.53.189.4:8000
2026-03-26 18:38:41,044 - utils.logger - INFO - ✅ Роутеры подключены
2026-03-26 18:38:41,044 - utils.logger - INFO - ✅ ИИ (GigaChat) готов
2026-03-26 18:38:41,044 - utils.logger - INFO - ✅ Кеширование включено
2026-03-26 18:38:41,044 - utils.logger - INFO - ======================================================================
2026-03-26 18:38:41,044 - utils.logger - INFO - 🚀 БОТ ЗАПУЩЕН!
2026-03-26 18:38:41,045 - utils.logger - INFO - 📱 В Telegram: /start
2026-03-26 18:38:41,045 - utils.logger - INFO - 📊 Статистика кеша: /cache
2026-03-26 18:38:41,045 - utils.logger - INFO - 🧹 Очистить кеш: /clearcache
2026-03-26 18:38:41,045 - utils.logger - INFO - 📊 Статистика отзывов: /feedback_stats
2026-03-26 18:38:41,045 - utils.logger - INFO - ⏹️  Остановка: Ctrl + C
2026-03-26 18:38:41,045 - utils.logger - INFO - ======================================================================
2026-03-26 18:38:41,045 - utils.logger - INFO - 🔄 Polling запущен...
2026-03-26 21:04:53,752 - aiogram.dispatcher - ERROR - Failed to fetch updates - TelegramNetworkError: HTTP Client says - Request timeout error
2026-03-26 21:04:53,758 - aiogram.dispatcher - WARNING - Sleep for 1.000000 seconds and try again... (tryings = 0, bot id = 8628225993)
2026-03-26 21:05:15,823 - aiogram.dispatcher - ERROR - Failed to fetch updates - ProxyConnectionError: [Errno 22] Couldn't connect to proxy 194.53.189.4:8000 [Превышен таймаут семафора]
2026-03-26 21:05:15,823 - aiogram.dispatcher - WARNING - Sleep for 1.551745 seconds and try again... (tryings = 1, bot id = 8628225993)
2026-03-26 21:05:38,445 - aiogram.dispatcher - ERROR - Failed to fetch updates - ProxyConnectionError: [Errno 22] Couldn't connect to proxy 194.53.189.4:8000 [Превышен таймаут семафора]
2026-03-26 21:05:38,445 - aiogram.dispatcher - WARNING - Sleep for 2.034487 seconds and try again... (tryings = 2, bot id = 8628225993)
2026-03-27 09:58:05,083 - aiogram.dispatcher - ERROR - Failed to fetch updates - TelegramNetworkError: HTTP Client says - Request timeout error
2026-03-27 09:58:05,107 - aiogram.dispatcher - WARNING - Sleep for 1.000000 seconds and try again... (tryings = 0, bot id = 8628225993)
2026-03-27 09:58:06,130 - aiogram.dispatcher - ERROR - Failed to fetch updates - ProxyConnectionError: [Errno 22] Couldn't connect to proxy 194.53.189.4:8000 [Сетевая папка недоступна. За информацией о разрешении проблем в сети обратитесь к справочной системе Windows]
2026-03-27 09:58:06,131 - aiogram.dispatcher - WARNING - Sleep for 1.363067 seconds and try again... (tryings = 1, bot id = 8628225993)
2026-03-27 09:58:07,520 - aiogram.dispatcher - ERROR - Failed to fetch updates - ProxyConnectionError: [Errno 22] Couldn't connect to proxy 194.53.189.4:8000 [Сетевая папка недоступна. За информацией о разрешении проблем в сети обратитесь к справочной системе Windows]
2026-03-27 09:58:07,522 - aiogram.dispatcher - WARNING - Sleep for 1.842577 seconds and try again... (tryings = 2, bot id = 8628225993)
2026-03-27 09:58:26,279 - aiogram.dispatcher - ERROR - Failed to fetch updates - TelegramNetworkError: HTTP Client says - ServerDisconnectedError: Server disconnected
2026-03-27 09:58:26,279 - aiogram.dispatcher - WARNING - Sleep for 1.000000 seconds and try again... (tryings = 0, bot id = 8628225993)
2026-03-27 09:58:30,695 - services.llm_service - INFO - ✅ GigaChat сервис инициализирован (с доступом к сайту ДГТУ)
2026-03-27 09:58:30,695 - utils.logger - INFO - ✅ ИИ-сервис (GigaChat) инициализирован
2026-03-27 09:58:30,695 - utils.logger - INFO - 🌐 Прокси (SOCKS5): 194.53.189.4:8000
2026-03-27 09:58:34,393 - utils.logger - INFO - ✅ Бот: @iivt_dgtu_bot (ID: 8628225993)
2026-03-27 09:58:34,393 - utils.logger - INFO - ======================================================================
2026-03-27 09:58:34,393 - utils.logger - INFO - 🤖 ИиВТ ДГТУ Помощник
2026-03-27 09:58:34,394 - utils.logger - INFO - ======================================================================
2026-03-27 09:58:34,394 - utils.logger - INFO - ✅ База данных подключена
2026-03-27 09:58:34,394 - utils.logger - INFO - ✅ Кеш токенов активирован
2026-03-27 09:58:34,394 - utils.logger - INFO - ✅ Токен: 8628225993:AAEvnCL9BWCN_zDUkta...
2026-03-27 09:58:34,394 - utils.logger - INFO - 🔌 Прокси: 194.53.189.4:8000
2026-03-27 09:58:34,394 - utils.logger - INFO - ✅ Роутеры подключены
2026-03-27 09:58:34,394 - utils.logger - INFO - ✅ ИИ (GigaChat) готов
2026-03-27 09:58:34,399 - utils.logger - INFO - ✅ Кеширование включено
2026-03-27 09:58:34,399 - utils.logger - INFO - ======================================================================
2026-03-27 09:58:34,399 - utils.logger - INFO - 🚀 БОТ ЗАПУЩЕН!
2026-03-27 09:58:34,399 - utils.logger - INFO - 📱 В Telegram: /start
2026-03-27 09:58:34,399 - utils.logger - INFO - 📊 Статистика кеша: /cache
2026-03-27 09:58:34,399 - utils.logger - INFO - 🧹 Очистить кеш: /clearcache
2026-03-27 09:58:34,400 - utils.logger - INFO - 📊 Статистика отзывов: /feedback_stats
2026-03-27 09:58:34,400 - utils.logger - INFO - ⏹️  Остановка: Ctrl + C
2026-03-27 09:58:34,400 - utils.logger - INFO - ======================================================================
2026-03-27 09:58:34,400 - utils.logger - INFO - 🔄 Polling запущен...
2026-04-02 16:10:28,038 - aiogram.dispatcher - ERROR - Failed to fetch updates - TelegramNetworkError: HTTP Client says - Request timeout error
2026-04-02 16:10:28,047 - aiogram.dispatcher - WARNING - Sleep for 1.000000 seconds and try again... (tryings = 0, bot id = 8628225993)
2026-04-02 16:10:29,897 - aiogram.dispatcher - ERROR - Failed to fetch updates - ProxyConnectionError: [Errno 22] Couldn't connect to proxy 194.53.189.4:8000 [Сетевая папка недоступна. За информацией о разрешении проблем в сети обратитесь к справочной системе Windows]
2026-04-02 16:10:29,899 - aiogram.dispatcher - WARNING - Sleep for 1.412129 seconds and try again... (tryings = 1, bot id = 8628225993)
2026-04-02 16:10:31,326 - aiogram.dispatcher - ERROR - Failed to fetch updates - ProxyConnectionError: [Errno 22] Couldn't connect to proxy 194.53.189.4:8000 [Сетевая папка недоступна. За информацией о разрешении проблем в сети обратитесь к справочной системе Windows]
2026-04-02 16:10:31,326 - aiogram.dispatcher - WARNING - Sleep for 1.954812 seconds and try again... (tryings = 2, bot id = 8628225993)
2026-04-02 16:10:33,285 - aiogram.dispatcher - ERROR - Failed to fetch updates - ProxyConnectionError: [Errno 22] Couldn't connect to proxy 194.53.189.4:8000 [Сетевая папка недоступна. За информацией о разрешении проблем в сети обратитесь к справочной системе Windows]
2026-04-02 16:10:33,286 - aiogram.dispatcher - WARNING - Sleep for 2.407089 seconds and try again... (tryings = 3, bot id = 8628225993)
2026-04-02 16:10:56,732 - aiogram.dispatcher - ERROR - Failed to fetch updates - ProxyConnectionError: [Errno 22] Couldn't connect to proxy 194.53.189.4:8000 [Превышен таймаут семафора]
2026-04-02 16:10:56,732 - aiogram.dispatcher - WARNING - Sleep for 3.086510 seconds and try again... (tryings = 4, bot id = 8628225993)
2026-04-02 16:11:03,471 - aiogram.dispatcher - ERROR - Failed to fetch updates - ProxyConnectionError: [Errno 22] Couldn't connect to proxy 194.53.189.4:8000 [Удаленный компьютер отклонил это сетевое подключение]
2026-04-02 16:11:03,471 - aiogram.dispatcher - WARNING - Sleep for 3.940370 seconds and try again... (tryings = 5, bot id = 8628225993)
2026-04-02 16:11:10,946 - aiogram.dispatcher - ERROR - Failed to fetch updates - ProxyConnectionError: [Errno 22] Couldn't connect to proxy 194.53.189.4:8000 [Удаленный компьютер отклонил это сетевое подключение]
2026-04-02 16:11:12,784 - aiogram.dispatcher - WARNING - Sleep for 5.103902 seconds and try again... (tryings = 6, bot id = 8628225993)
2026-04-02 16:11:21,403 - aiogram.dispatcher - ERROR - Failed to fetch updates - ProxyConnectionError: [Errno 22] Couldn't connect to proxy 194.53.189.4:8000 [Удаленный компьютер отклонил это сетевое подключение]
2026-04-02 16:11:21,403 - aiogram.dispatcher - WARNING - Sleep for 4.820720 seconds and try again... (tryings = 7, bot id = 8628225993)
2026-04-02 16:11:29,767 - aiogram.dispatcher - ERROR - Failed to fetch updates - ProxyConnectionError: [Errno 22] Couldn't connect to proxy 194.53.189.4:8000 [Удаленный компьютер отклонил это сетевое подключение]
2026-04-02 16:11:29,767 - aiogram.dispatcher - WARNING - Sleep for 4.933819 seconds and try again... (tryings = 8, bot id = 8628225993)
2026-04-02 16:11:38,312 - aiogram.dispatcher - ERROR - Failed to fetch updates - ProxyConnectionError: [Errno 22] Couldn't connect to proxy 194.53.189.4:8000 [Удаленный компьютер отклонил это сетевое подключение]
2026-04-02 16:11:38,312 - aiogram.dispatcher - WARNING - Sleep for 4.815075 seconds and try again... (tryings = 9, bot id = 8628225993)
2026-04-02 16:11:46,711 - aiogram.dispatcher - ERROR - Failed to fetch updates - ProxyConnectionError: [Errno 22] Couldn't connect to proxy 194.53.189.4:8000 [Удаленный компьютер отклонил это сетевое подключение]
2026-04-02 16:11:46,712 - aiogram.dispatcher - WARNING - Sleep for 5.068679 seconds and try again... (tryings = 10, bot id = 8628225993)
2026-04-02 16:11:55,327 - aiogram.dispatcher - ERROR - Failed to fetch updates - ProxyConnectionError: [Errno 22] Couldn't connect to proxy 194.53.189.4:8000 [Удаленный компьютер отклонил это сетевое подключение]
2026-04-02 16:11:55,327 - aiogram.dispatcher - WARNING - Sleep for 4.788539 seconds and try again... (tryings = 11, bot id = 8628225993)
2026-04-02 16:12:03,706 - aiogram.dispatcher - ERROR - Failed to fetch updates - ProxyConnectionError: [Errno 22] Couldn't connect to proxy 194.53.189.4:8000 [Удаленный компьютер отклонил это сетевое подключение]
2026-04-02 16:12:03,706 - aiogram.dispatcher - WARNING - Sleep for 5.206669 seconds and try again... (tryings = 12, bot id = 8628225993)
2026-04-02 16:12:12,464 - aiogram.dispatcher - ERROR - Failed to fetch updates - ProxyConnectionError: [Errno 22] Couldn't connect to proxy 194.53.189.4:8000 [Удаленный компьютер отклонил это сетевое подключение]
2026-04-02 16:12:12,465 - aiogram.dispatcher - WARNING - Sleep for 5.000410 seconds and try again... (tryings = 13, bot id = 8628225993)
2026-04-02 16:12:21,048 - aiogram.dispatcher - ERROR - Failed to fetch updates - ProxyConnectionError: [Errno 22] Couldn't connect to proxy 194.53.189.4:8000 [Удаленный компьютер отклонил это сетевое подключение]
2026-04-02 16:12:21,048 - aiogram.dispatcher - WARNING - Sleep for 4.859321 seconds and try again... (tryings = 14, bot id = 8628225993)
2026-04-02 16:12:29,421 - aiogram.dispatcher - ERROR - Failed to fetch updates - ProxyConnectionError: [Errno 22] Couldn't connect to proxy 194.53.189.4:8000 [Удаленный компьютер отклонил это сетевое подключение]
2026-04-02 16:12:29,421 - aiogram.dispatcher - WARNING - Sleep for 5.005584 seconds and try again... (tryings = 15, bot id = 8628225993)
2026-04-02 16:12:37,981 - aiogram.dispatcher - ERROR - Failed to fetch updates - ProxyConnectionError: [Errno 22] Couldn't connect to proxy 194.53.189.4:8000 [Удаленный компьютер отклонил это сетевое подключение]
2026-04-02 16:12:37,981 - aiogram.dispatcher - WARNING - Sleep for 5.046548 seconds and try again... (tryings = 16, bot id = 8628225993)
2026-04-02 16:12:46,596 - aiogram.dispatcher - ERROR - Failed to fetch updates - ProxyConnectionError: [Errno 22] Couldn't connect to proxy 194.53.189.4:8000 [Удаленный компьютер отклонил это сетевое подключение]
2026-04-02 16:12:46,596 - aiogram.dispatcher - WARNING - Sleep for 4.940715 seconds and try again... (tryings = 17, bot id = 8628225993)
2026-04-02 16:12:55,056 - aiogram.dispatcher - ERROR - Failed to fetch updates - ProxyConnectionError: [Errno 22] Couldn't connect to proxy 194.53.189.4:8000 [Удаленный компьютер отклонил это сетевое подключение]
2026-04-02 16:12:55,056 - aiogram.dispatcher - WARNING - Sleep for 5.009636 seconds and try again... (tryings = 18, bot id = 8628225993)
2026-04-02 16:13:03,597 - aiogram.dispatcher - ERROR - Failed to fetch updates - ProxyConnectionError: [Errno 22] Couldn't connect to proxy 194.53.189.4:8000 [Удаленный компьютер отклонил это сетевое подключение]
2026-04-02 16:13:03,597 - aiogram.dispatcher - WARNING - Sleep for 5.053425 seconds and try again... (tryings = 19, bot id = 8628225993)
2026-04-02 16:13:12,162 - aiogram.dispatcher - ERROR - Failed to fetch updates - ProxyConnectionError: [Errno 22] Couldn't connect to proxy 194.53.189.4:8000 [Удаленный компьютер отклонил это сетевое подключение]
2026-04-02 16:13:12,163 - aiogram.dispatcher - WARNING - Sleep for 5.189138 seconds and try again... (tryings = 20, bot id = 8628225993)
2026-04-02 16:13:20,925 - aiogram.dispatcher - ERROR - Failed to fetch updates - ProxyConnectionError: [Errno 22] Couldn't connect to proxy 194.53.189.4:8000 [Удаленный компьютер отклонил это сетевое подключение]
2026-04-02 16:13:20,925 - aiogram.dispatcher - WARNING - Sleep for 5.043635 seconds and try again... (tryings = 21, bot id = 8628225993)
2026-04-02 16:13:29,511 - aiogram.dispatcher - ERROR - Failed to fetch updates - ProxyConnectionError: [Errno 22] Couldn't connect to proxy 194.53.189.4:8000 [Удаленный компьютер отклонил это сетевое подключение]
2026-04-02 16:13:29,511 - aiogram.dispatcher - WARNING - Sleep for 5.173972 seconds and try again... (tryings = 22, bot id = 8628225993)
2026-04-02 16:13:38,285 - aiogram.dispatcher - ERROR - Failed to fetch updates - ProxyConnectionError: [Errno 22] Couldn't connect to proxy 194.53.189.4:8000 [Удаленный компьютер отклонил это сетевое подключение]
2026-04-02 16:13:38,285 - aiogram.dispatcher - WARNING - Sleep for 5.087078 seconds and try again... (tryings = 23, bot id = 8628225993)
2026-04-02 16:13:46,947 - aiogram.dispatcher - ERROR - Failed to fetch updates - ProxyConnectionError: [Errno 22] Couldn't connect to proxy 194.53.189.4:8000 [Удаленный компьютер отклонил это сетевое подключение]
2026-04-02 16:13:46,947 - aiogram.dispatcher - WARNING - Sleep for 5.013901 seconds and try again... (tryings = 24, bot id = 8628225993)
2026-04-02 16:13:55,526 - aiogram.dispatcher - ERROR - Failed to fetch updates - ProxyConnectionError: [Errno 22] Couldn't connect to proxy 194.53.189.4:8000 [Удаленный компьютер отклонил это сетевое подключение]
2026-04-02 16:13:55,527 - aiogram.dispatcher - WARNING - Sleep for 4.915488 seconds and try again... (tryings = 25, bot id = 8628225993)
2026-04-02 16:14:03,986 - aiogram.dispatcher - ERROR - Failed to fetch updates - ProxyConnectionError: [Errno 22] Couldn't connect to proxy 194.53.189.4:8000 [Удаленный компьютер отклонил это сетевое подключение]
2026-04-02 16:14:03,987 - aiogram.dispatcher - WARNING - Sleep for 5.028349 seconds and try again... (tryings = 26, bot id = 8628225993)
2026-04-02 16:14:12,545 - aiogram.dispatcher - ERROR - Failed to fetch updates - ProxyConnectionError: [Errno 22] Couldn't connect to proxy 194.53.189.4:8000 [Удаленный компьютер отклонил это сетевое подключение]
2026-04-02 16:14:12,546 - aiogram.dispatcher - WARNING - Sleep for 5.078509 seconds and try again... (tryings = 27, bot id = 8628225993)
2026-04-02 16:14:21,180 - aiogram.dispatcher - ERROR - Failed to fetch updates - ProxyConnectionError: [Errno 22] Couldn't connect to proxy 194.53.189.4:8000 [Удаленный компьютер отклонил это сетевое подключение]
2026-04-02 16:14:21,182 - aiogram.dispatcher - WARNING - Sleep for 4.887131 seconds and try again... (tryings = 28, bot id = 8628225993)
2026-04-02 16:14:29,619 - aiogram.dispatcher - ERROR - Failed to fetch updates - ProxyConnectionError: [Errno 22] Couldn't connect to proxy 194.53.189.4:8000 [Удаленный компьютер отклонил это сетевое подключение]
2026-04-02 16:14:29,619 - aiogram.dispatcher - WARNING - Sleep for 5.025678 seconds and try again... (tryings = 29, bot id = 8628225993)
2026-04-02 16:14:38,203 - aiogram.dispatcher - ERROR - Failed to fetch updates - ProxyConnectionError: [Errno 22] Couldn't connect to proxy 194.53.189.4:8000 [Удаленный компьютер отклонил это сетевое подключение]
2026-04-02 16:14:38,203 - aiogram.dispatcher - WARNING - Sleep for 4.914734 seconds and try again... (tryings = 30, bot id = 8628225993)
2026-04-02 16:14:46,701 - aiogram.dispatcher - ERROR - Failed to fetch updates - ProxyConnectionError: [Errno 22] Couldn't connect to proxy 194.53.189.4:8000 [Удаленный компьютер отклонил это сетевое подключение]
2026-04-02 16:14:46,701 - aiogram.dispatcher - WARNING - Sleep for 4.926282 seconds and try again... (tryings = 31, bot id = 8628225993)
2026-04-02 16:14:55,174 - aiogram.dispatcher - ERROR - Failed to fetch updates - ProxyConnectionError: [Errno 22] Couldn't connect to proxy 194.53.189.4:8000 [Удаленный компьютер отклонил это сетевое подключение]
2026-04-02 16:14:55,174 - aiogram.dispatcher - WARNING - Sleep for 4.857135 seconds and try again... (tryings = 32, bot id = 8628225993)
2026-04-02 16:15:03,767 - aiogram.dispatcher - ERROR - Failed to fetch updates - ProxyConnectionError: [Errno 22] Couldn't connect to proxy 194.53.189.4:8000 [Удаленный компьютер отклонил это сетевое подключение]
2026-04-02 16:15:03,767 - aiogram.dispatcher - WARNING - Sleep for 4.971254 seconds and try again... (tryings = 33, bot id = 8628225993)
2026-04-02 16:15:12,287 - aiogram.dispatcher - ERROR - Failed to fetch updates - ProxyConnectionError: [Errno 22] Couldn't connect to proxy 194.53.189.4:8000 [Удаленный компьютер отклонил это сетевое подключение]
2026-04-02 16:15:12,287 - aiogram.dispatcher - WARNING - Sleep for 4.827873 seconds and try again... (tryings = 34, bot id = 8628225993)
2026-04-02 16:15:20,625 - aiogram.dispatcher - ERROR - Failed to fetch updates - ProxyConnectionError: [Errno 22] Couldn't connect to proxy 194.53.189.4:8000 [Удаленный компьютер отклонил это сетевое подключение]
2026-04-02 16:15:20,625 - aiogram.dispatcher - WARNING - Sleep for 4.848980 seconds and try again... (tryings = 35, bot id = 8628225993)
2026-04-02 16:15:28,978 - aiogram.dispatcher - ERROR - Failed to fetch updates - ProxyConnectionError: [Errno 22] Couldn't connect to proxy 194.53.189.4:8000 [Удаленный компьютер отклонил это сетевое подключение]
2026-04-02 16:15:28,978 - aiogram.dispatcher - WARNING - Sleep for 5.090093 seconds and try again... (tryings = 36, bot id = 8628225993)
2026-04-02 16:15:37,644 - aiogram.dispatcher - ERROR - Failed to fetch updates - ProxyConnectionError: [Errno 22] Couldn't connect to proxy 194.53.189.4:8000 [Удаленный компьютер отклонил это сетевое подключение]
2026-04-02 16:15:37,645 - aiogram.dispatcher - WARNING - Sleep for 5.022853 seconds and try again... (tryings = 37, bot id = 8628225993)
2026-04-02 16:15:46,276 - aiogram.dispatcher - ERROR - Failed to fetch updates - ProxyConnectionError: [Errno 22] Couldn't connect to proxy 194.53.189.4:8000 [Удаленный компьютер отклонил это сетевое подключение]
2026-04-02 16:15:46,276 - aiogram.dispatcher - WARNING - Sleep for 4.841739 seconds and try again... (tryings = 38, bot id = 8628225993)
2026-04-02 16:15:54,633 - aiogram.dispatcher - ERROR - Failed to fetch updates - ProxyConnectionError: [Errno 22] Couldn't connect to proxy 194.53.189.4:8000 [Удаленный компьютер отклонил это сетевое подключение]
2026-04-02 16:15:54,633 - aiogram.dispatcher - WARNING - Sleep for 4.960644 seconds and try again... (tryings = 39, bot id = 8628225993)
2026-04-02 16:16:03,123 - aiogram.dispatcher - ERROR - Failed to fetch updates - ProxyConnectionError: [Errno 22] Couldn't connect to proxy 194.53.189.4:8000 [Удаленный компьютер отклонил это сетевое подключение]
2026-04-02 16:16:03,123 - aiogram.dispatcher - WARNING - Sleep for 5.232201 seconds and try again... (tryings = 40, bot id = 8628225993)
2026-04-02 16:16:11,875 - aiogram.dispatcher - ERROR - Failed to fetch updates - ProxyConnectionError: [Errno 22] Couldn't connect to proxy 194.53.189.4:8000 [Удаленный компьютер отклонил это сетевое подключение]
2026-04-02 16:16:11,875 - aiogram.dispatcher - WARNING - Sleep for 5.037263 seconds and try again... (tryings = 41, bot id = 8628225993)
2026-04-02 16:16:20,485 - aiogram.dispatcher - ERROR - Failed to fetch updates - ProxyConnectionError: [Errno 22] Couldn't connect to proxy 194.53.189.4:8000 [Удаленный компьютер отклонил это сетевое подключение]
2026-04-02 16:16:20,485 - aiogram.dispatcher - WARNING - Sleep for 4.919063 seconds and try again... (tryings = 42, bot id = 8628225993)
2026-04-02 16:16:28,922 - aiogram.dispatcher - ERROR - Failed to fetch updates - ProxyConnectionError: [Errno 22] Couldn't connect to proxy 194.53.189.4:8000 [Удаленный компьютер отклонил это сетевое подключение]
2026-04-02 16:16:28,922 - aiogram.dispatcher - WARNING - Sleep for 5.012856 seconds and try again... (tryings = 43, bot id = 8628225993)
2026-04-02 16:16:37,425 - aiogram.dispatcher - ERROR - Failed to fetch updates - ProxyConnectionError: [Errno 22] Couldn't connect to proxy 194.53.189.4:8000 [Удаленный компьютер отклонил это сетевое подключение]
2026-04-02 16:16:37,425 - aiogram.dispatcher - WARNING - Sleep for 4.967965 seconds and try again... (tryings = 44, bot id = 8628225993)
2026-04-02 16:16:45,926 - aiogram.dispatcher - ERROR - Failed to fetch updates - ProxyConnectionError: [Errno 22] Couldn't connect to proxy 194.53.189.4:8000 [Удаленный компьютер отклонил это сетевое подключение]
2026-04-02 16:16:45,926 - aiogram.dispatcher - WARNING - Sleep for 4.971581 seconds and try again... (tryings = 45, bot id = 8628225993)
2026-04-02 16:16:54,394 - aiogram.dispatcher - ERROR - Failed to fetch updates - ProxyConnectionError: [Errno 22] Couldn't connect to proxy 194.53.189.4:8000 [Удаленный компьютер отклонил это сетевое подключение]
2026-04-02 16:16:54,394 - aiogram.dispatcher - WARNING - Sleep for 4.778654 seconds and try again... (tryings = 46, bot id = 8628225993)
2026-04-02 16:17:02,722 - aiogram.dispatcher - ERROR - Failed to fetch updates - ProxyConnectionError: [Errno 22] Couldn't connect to proxy 194.53.189.4:8000 [Удаленный компьютер отклонил это сетевое подключение]
2026-04-02 16:17:02,722 - aiogram.dispatcher - WARNING - Sleep for 4.905467 seconds and try again... (tryings = 47, bot id = 8628225993)
2026-04-02 16:17:11,150 - aiogram.dispatcher - ERROR - Failed to fetch updates - ProxyConnectionError: [Errno 22] Couldn't connect to proxy 194.53.189.4:8000 [Удаленный компьютер отклонил это сетевое подключение]
2026-04-02 16:17:11,150 - aiogram.dispatcher - WARNING - Sleep for 5.027879 seconds and try again... (tryings = 48, bot id = 8628225993)
2026-04-02 16:17:19,686 - aiogram.dispatcher - ERROR - Failed to fetch updates - ProxyConnectionError: [Errno 22] Couldn't connect to proxy 194.53.189.4:8000 [Удаленный компьютер отклонил это сетевое подключение]
2026-04-02 16:17:19,686 - aiogram.dispatcher - WARNING - Sleep for 5.005436 seconds and try again... (tryings = 49, bot id = 8628225993)
2026-04-02 16:17:28,230 - aiogram.dispatcher - ERROR - Failed to fetch updates - ProxyConnectionError: [Errno 22] Couldn't connect to proxy 194.53.189.4:8000 [Удаленный компьютер отклонил это сетевое подключение]
2026-04-02 16:17:28,230 - aiogram.dispatcher - WARNING - Sleep for 4.967043 seconds and try again... (tryings = 50, bot id = 8628225993)
2026-04-02 16:17:36,712 - aiogram.dispatcher - ERROR - Failed to fetch updates - ProxyConnectionError: [Errno 22] Couldn't connect to proxy 194.53.189.4:8000 [Удаленный компьютер отклонил это сетевое подключение]
2026-04-02 16:17:36,712 - aiogram.dispatcher - WARNING - Sleep for 5.080377 seconds and try again... (tryings = 51, bot id = 8628225993)
2026-04-02 16:17:45,364 - aiogram.dispatcher - ERROR - Failed to fetch updates - ProxyConnectionError: [Errno 22] Couldn't connect to proxy 194.53.189.4:8000 [Удаленный компьютер отклонил это сетевое подключение]
2026-04-02 16:17:45,364 - aiogram.dispatcher - WARNING - Sleep for 5.067270 seconds and try again... (tryings = 52, bot id = 8628225993)
2026-04-02 16:17:53,971 - aiogram.dispatcher - ERROR - Failed to fetch updates - ProxyConnectionError: [Errno 22] Couldn't connect to proxy 194.53.189.4:8000 [Удаленный компьютер отклонил это сетевое подключение]
2026-04-02 16:17:53,971 - aiogram.dispatcher - WARNING - Sleep for 4.872326 seconds and try again... (tryings = 53, bot id = 8628225993)
2026-04-02 16:18:02,391 - aiogram.dispatcher - ERROR - Failed to fetch updates - ProxyConnectionError: [Errno 22] Couldn't connect to proxy 194.53.189.4:8000 [Удаленный компьютер отклонил это сетевое подключение]
2026-04-02 16:18:02,391 - aiogram.dispatcher - WARNING - Sleep for 5.087864 seconds and try again... (tryings = 54, bot id = 8628225993)
2026-04-02 16:18:10,997 - aiogram.dispatcher - ERROR - Failed to fetch updates - ProxyConnectionError: [Errno 22] Couldn't connect to proxy 194.53.189.4:8000 [Удаленный компьютер отклонил это сетевое подключение]
2026-04-02 16:18:10,997 - aiogram.dispatcher - WARNING - Sleep for 4.993284 seconds and try again... (tryings = 55, bot id = 8628225993)
2026-04-02 16:18:19,530 - aiogram.dispatcher - ERROR - Failed to fetch updates - ProxyConnectionError: [Errno 22] Couldn't connect to proxy 194.53.189.4:8000 [Удаленный компьютер отклонил это сетевое подключение]
2026-04-02 16:18:19,530 - aiogram.dispatcher - WARNING - Sleep for 5.012449 seconds and try again... (tryings = 56, bot id = 8628225993)
2026-04-02 16:18:28,057 - aiogram.dispatcher - ERROR - Failed to fetch updates - ProxyConnectionError: [Errno 22] Couldn't connect to proxy 194.53.189.4:8000 [Удаленный компьютер отклонил это сетевое подключение]
2026-04-02 16:18:28,057 - aiogram.dispatcher - WARNING - Sleep for 5.123207 seconds and try again... (tryings = 57, bot id = 8628225993)
2026-04-02 16:18:36,724 - aiogram.dispatcher - ERROR - Failed to fetch updates - ProxyConnectionError: [Errno 22] Couldn't connect to proxy 194.53.189.4:8000 [Удаленный компьютер отклонил это сетевое подключение]
2026-04-02 16:18:36,724 - aiogram.dispatcher - WARNING - Sleep for 4.793111 seconds and try again... (tryings = 58, bot id = 8628225993)
2026-04-02 16:18:45,039 - aiogram.dispatcher - ERROR - Failed to fetch updates - ProxyConnectionError: [Errno 22] Couldn't connect to proxy 194.53.189.4:8000 [Удаленный компьютер отклонил это сетевое подключение]
2026-04-02 16:18:45,039 - aiogram.dispatcher - WARNING - Sleep for 5.055318 seconds and try again... (tryings = 59, bot id = 8628225993)
2026-04-02 16:18:53,657 - aiogram.dispatcher - ERROR - Failed to fetch updates - ProxyConnectionError: [Errno 22] Couldn't connect to proxy 194.53.189.4:8000 [Удаленный компьютер отклонил это сетевое подключение]
2026-04-02 16:18:53,657 - aiogram.dispatcher - WARNING - Sleep for 4.883100 seconds and try again... (tryings = 60, bot id = 8628225993)
2026-04-02 16:19:02,099 - aiogram.dispatcher - ERROR - Failed to fetch updates - ProxyConnectionError: [Errno 22] Couldn't connect to proxy 194.53.189.4:8000 [Удаленный компьютер отклонил это сетевое подключение]
2026-04-02 16:19:02,099 - aiogram.dispatcher - WARNING - Sleep for 5.011147 seconds and try again... (tryings = 61, bot id = 8628225993)
2026-04-02 16:19:10,610 - aiogram.dispatcher - ERROR - Failed to fetch updates - ProxyConnectionError: [Errno 22] Couldn't connect to proxy 194.53.189.4:8000 [Удаленный компьютер отклонил это сетевое подключение]
2026-04-02 16:19:10,610 - aiogram.dispatcher - WARNING - Sleep for 5.080266 seconds and try again... (tryings = 62, bot id = 8628225993)
2026-04-02 16:19:19,254 - aiogram.dispatcher - ERROR - Failed to fetch updates - ProxyConnectionError: [Errno 22] Couldn't connect to proxy 194.53.189.4:8000 [Удаленный компьютер отклонил это сетевое подключение]
2026-04-02 16:19:19,254 - aiogram.dispatcher - WARNING - Sleep for 4.872781 seconds and try again... (tryings = 63, bot id = 8628225993)
2026-04-02 16:19:27,660 - aiogram.dispatcher - ERROR - Failed to fetch updates - ProxyConnectionError: [Errno 22] Couldn't connect to proxy 194.53.189.4:8000 [Удаленный компьютер отклонил это сетевое подключение]
2026-04-02 16:19:27,660 - aiogram.dispatcher - WARNING - Sleep for 5.055125 seconds and try again... (tryings = 64, bot id = 8628225993)
2026-04-02 16:19:36,272 - aiogram.dispatcher - ERROR - Failed to fetch updates - ProxyConnectionError: [Errno 22] Couldn't connect to proxy 194.53.189.4:8000 [Удаленный компьютер отклонил это сетевое подключение]
2026-04-02 16:19:36,272 - aiogram.dispatcher - WARNING - Sleep for 4.932680 seconds and try again... (tryings = 65, bot id = 8628225993)
2026-04-02 16:19:44,771 - aiogram.dispatcher - ERROR - Failed to fetch updates - ProxyConnectionError: [Errno 22] Couldn't connect to proxy 194.53.189.4:8000 [Удаленный компьютер отклонил это сетевое подключение]
2026-04-02 16:19:44,771 - aiogram.dispatcher - WARNING - Sleep for 5.078361 seconds and try again... (tryings = 66, bot id = 8628225993)
2026-04-02 16:19:53,372 - aiogram.dispatcher - ERROR - Failed to fetch updates - ProxyConnectionError: [Errno 22] Couldn't connect to proxy 194.53.189.4:8000 [Удаленный компьютер отклонил это сетевое подключение]
2026-04-02 16:19:53,372 - aiogram.dispatcher - WARNING - Sleep for 4.899007 seconds and try again... (tryings = 67, bot id = 8628225993)
2026-04-02 16:20:01,814 - aiogram.dispatcher - ERROR - Failed to fetch updates - ProxyConnectionError: [Errno 22] Couldn't connect to proxy 194.53.189.4:8000 [Удаленный компьютер отклонил это сетевое подключение]
2026-04-02 16:20:01,814 - aiogram.dispatcher - WARNING - Sleep for 4.883029 seconds and try again... (tryings = 68, bot id = 8628225993)
2026-04-02 16:20:10,288 - aiogram.dispatcher - ERROR - Failed to fetch updates - ProxyConnectionError: [Errno 22] Couldn't connect to proxy 194.53.189.4:8000 [Удаленный компьютер отклонил это сетевое подключение]
2026-04-02 16:20:10,289 - aiogram.dispatcher - WARNING - Sleep for 4.916756 seconds and try again... (tryings = 69, bot id = 8628225993)
2026-04-02 16:20:18,702 - aiogram.dispatcher - ERROR - Failed to fetch updates - ProxyConnectionError: [Errno 22] Couldn't connect to proxy 194.53.189.4:8000 [Удаленный компьютер отклонил это сетевое подключение]
2026-04-02 16:20:18,702 - aiogram.dispatcher - WARNING - Sleep for 4.973933 seconds and try again... (tryings = 70, bot id = 8628225993)
2026-04-02 16:20:27,254 - aiogram.dispatcher - ERROR - Failed to fetch updates - ProxyConnectionError: [Errno 22] Couldn't connect to proxy 194.53.189.4:8000 [Удаленный компьютер отклонил это сетевое подключение]
2026-04-02 16:20:27,254 - aiogram.dispatcher - WARNING - Sleep for 4.989205 seconds and try again... (tryings = 71, bot id = 8628225993)
2026-04-02 16:20:35,826 - aiogram.dispatcher - ERROR - Failed to fetch updates - ProxyConnectionError: [Errno 22] Couldn't connect to proxy 194.53.189.4:8000 [Удаленный компьютер отклонил это сетевое подключение]
2026-04-02 16:20:35,826 - aiogram.dispatcher - WARNING - Sleep for 5.187631 seconds and try again... (tryings = 72, bot id = 8628225993)
2026-04-02 16:20:44,569 - aiogram.dispatcher - ERROR - Failed to fetch updates - ProxyConnectionError: [Errno 22] Couldn't connect to proxy 194.53.189.4:8000 [Удаленный компьютер отклонил это сетевое подключение]
2026-04-02 16:20:44,569 - aiogram.dispatcher - WARNING - Sleep for 4.877449 seconds and try again... (tryings = 73, bot id = 8628225993)
2026-04-02 16:20:52,986 - aiogram.dispatcher - ERROR - Failed to fetch updates - ProxyConnectionError: [Errno 22] Couldn't connect to proxy 194.53.189.4:8000 [Удаленный компьютер отклонил это сетевое подключение]
2026-04-02 16:20:52,986 - aiogram.dispatcher - WARNING - Sleep for 4.960903 seconds and try again... (tryings = 74, bot id = 8628225993)
2026-04-02 16:21:01,475 - aiogram.dispatcher - ERROR - Failed to fetch updates - ProxyConnectionError: [Errno 22] Couldn't connect to proxy 194.53.189.4:8000 [Удаленный компьютер отклонил это сетевое подключение]
2026-04-02 16:21:01,475 - aiogram.dispatcher - WARNING - Sleep for 5.129224 seconds and try again... (tryings = 75, bot id = 8628225993)
2026-04-02 16:21:10,129 - aiogram.dispatcher - ERROR - Failed to fetch updates - ProxyConnectionError: [Errno 22] Couldn't connect to proxy 194.53.189.4:8000 [Удаленный компьютер отклонил это сетевое подключение]
2026-04-02 16:21:10,130 - aiogram.dispatcher - WARNING - Sleep for 5.006318 seconds and try again... (tryings = 76, bot id = 8628225993)
2026-04-02 16:21:18,695 - aiogram.dispatcher - ERROR - Failed to fetch updates - ProxyConnectionError: [Errno 22] Couldn't connect to proxy 194.53.189.4:8000 [Удаленный компьютер отклонил это сетевое подключение]
2026-04-02 16:21:18,695 - aiogram.dispatcher - WARNING - Sleep for 5.165142 seconds and try again... (tryings = 77, bot id = 8628225993)
2026-04-02 16:21:27,375 - aiogram.dispatcher - ERROR - Failed to fetch updates - ProxyConnectionError: [Errno 22] Couldn't connect to proxy 194.53.189.4:8000 [Удаленный компьютер отклонил это сетевое подключение]
2026-04-02 16:21:27,376 - aiogram.dispatcher - WARNING - Sleep for 4.934819 seconds and try again... (tryings = 78, bot id = 8628225993)
2026-04-02 16:21:35,823 - aiogram.dispatcher - ERROR - Failed to fetch updates - ProxyConnectionError: [Errno 22] Couldn't connect to proxy 194.53.189.4:8000 [Удаленный компьютер отклонил это сетевое подключение]
2026-04-02 16:21:35,824 - aiogram.dispatcher - WARNING - Sleep for 5.240844 seconds and try again... (tryings = 79, bot id = 8628225993)
2026-04-02 16:21:44,602 - aiogram.dispatcher - ERROR - Failed to fetch updates - ProxyConnectionError: [Errno 22] Couldn't connect to proxy 194.53.189.4:8000 [Удаленный компьютер отклонил это сетевое подключение]
2026-04-02 16:21:44,602 - aiogram.dispatcher - WARNING - Sleep for 4.909368 seconds and try again... (tryings = 80, bot id = 8628225993)
2026-04-02 16:21:53,066 - aiogram.dispatcher - ERROR - Failed to fetch updates - ProxyConnectionError: [Errno 22] Couldn't connect to proxy 194.53.189.4:8000 [Удаленный компьютер отклонил это сетевое подключение]
2026-04-02 16:21:53,066 - aiogram.dispatcher - WARNING - Sleep for 4.952065 seconds and try again... (tryings = 81, bot id = 8628225993)
2026-04-02 16:22:01,554 - aiogram.dispatcher - ERROR - Failed to fetch updates - ProxyConnectionError: [Errno 22] Couldn't connect to proxy 194.53.189.4:8000 [Удаленный компьютер отклонил это сетевое подключение]
2026-04-02 16:22:01,555 - aiogram.dispatcher - WARNING - Sleep for 4.984019 seconds and try again... (tryings = 82, bot id = 8628225993)
2026-04-02 16:22:10,061 - aiogram.dispatcher - ERROR - Failed to fetch updates - ProxyConnectionError: [Errno 22] Couldn't connect to proxy 194.53.189.4:8000 [Удаленный компьютер отклонил это сетевое подключение]
2026-04-02 16:22:10,062 - aiogram.dispatcher - WARNING - Sleep for 5.033215 seconds and try again... (tryings = 83, bot id = 8628225993)
2026-04-02 16:22:18,655 - aiogram.dispatcher - ERROR - Failed to fetch updates - ProxyConnectionError: [Errno 22] Couldn't connect to proxy 194.53.189.4:8000 [Удаленный компьютер отклонил это сетевое подключение]
2026-04-02 16:22:18,655 - aiogram.dispatcher - WARNING - Sleep for 5.223721 seconds and try again... (tryings = 84, bot id = 8628225993)
2026-04-02 16:22:27,414 - aiogram.dispatcher - ERROR - Failed to fetch updates - ProxyConnectionError: [Errno 22] Couldn't connect to proxy 194.53.189.4:8000 [Удаленный компьютер отклонил это сетевое подключение]
2026-04-02 16:22:27,414 - aiogram.dispatcher - WARNING - Sleep for 4.913020 seconds and try again... (tryings = 85, bot id = 8628225993)
2026-04-02 16:22:35,863 - aiogram.dispatcher - ERROR - Failed to fetch updates - ProxyConnectionError: [Errno 22] Couldn't connect to proxy 194.53.189.4:8000 [Удаленный компьютер отклонил это сетевое подключение]
2026-04-02 16:22:35,863 - aiogram.dispatcher - WARNING - Sleep for 4.982014 seconds and try again... (tryings = 86, bot id = 8628225993)
2026-04-02 16:22:44,407 - aiogram.dispatcher - ERROR - Failed to fetch updates - ProxyConnectionError: [Errno 22] Couldn't connect to proxy 194.53.189.4:8000 [Удаленный компьютер отклонил это сетевое подключение]
2026-04-02 16:22:44,407 - aiogram.dispatcher - WARNING - Sleep for 4.957788 seconds and try again... (tryings = 87, bot id = 8628225993)
2026-04-02 16:22:53,003 - aiogram.dispatcher - ERROR - Failed to fetch updates - ProxyConnectionError: [Errno 22] Couldn't connect to proxy 194.53.189.4:8000 [Удаленный компьютер отклонил это сетевое подключение]
2026-04-02 16:22:53,004 - aiogram.dispatcher - WARNING - Sleep for 5.071747 seconds and try again... (tryings = 88, bot id = 8628225993)
2026-04-02 16:23:01,601 - aiogram.dispatcher - ERROR - Failed to fetch updates - ProxyConnectionError: [Errno 22] Couldn't connect to proxy 194.53.189.4:8000 [Удаленный компьютер отклонил это сетевое подключение]
2026-04-02 16:23:01,601 - aiogram.dispatcher - WARNING - Sleep for 5.117540 seconds and try again... (tryings = 89, bot id = 8628225993)
2026-04-02 16:23:10,247 - aiogram.dispatcher - ERROR - Failed to fetch updates - ProxyConnectionError: [Errno 22] Couldn't connect to proxy 194.53.189.4:8000 [Удаленный компьютер отклонил это сетевое подключение]
2026-04-02 16:23:10,247 - aiogram.dispatcher - WARNING - Sleep for 5.082239 seconds and try again... (tryings = 90, bot id = 8628225993)
2026-04-02 16:23:18,891 - aiogram.dispatcher - ERROR - Failed to fetch updates - ProxyConnectionError: [Errno 22] Couldn't connect to proxy 194.53.189.4:8000 [Удаленный компьютер отклонил это сетевое подключение]
2026-04-02 16:23:18,891 - aiogram.dispatcher - WARNING - Sleep for 4.953570 seconds and try again... (tryings = 91, bot id = 8628225993)
2026-04-02 16:23:27,357 - aiogram.dispatcher - ERROR - Failed to fetch updates - ProxyConnectionError: [Errno 22] Couldn't connect to proxy 194.53.189.4:8000 [Удаленный компьютер отклонил это сетевое подключение]
2026-04-02 16:23:27,357 - aiogram.dispatcher - WARNING - Sleep for 4.997804 seconds and try again... (tryings = 92, bot id = 8628225993)
2026-04-02 16:23:36,085 - aiogram.dispatcher - ERROR - Failed to fetch updates - ProxyConnectionError: [Errno 22] Couldn't connect to proxy 194.53.189.4:8000 [Удаленный компьютер отклонил это сетевое подключение]
2026-04-02 16:23:36,085 - aiogram.dispatcher - WARNING - Sleep for 4.997778 seconds and try again... (tryings = 93, bot id = 8628225993)
2026-04-02 16:23:44,622 - aiogram.dispatcher - ERROR - Failed to fetch updates - ProxyConnectionError: [Errno 22] Couldn't connect to proxy 194.53.189.4:8000 [Удаленный компьютер отклонил это сетевое подключение]
2026-04-02 16:23:44,622 - aiogram.dispatcher - WARNING - Sleep for 4.932283 seconds and try again... (tryings = 94, bot id = 8628225993)
2026-04-02 16:23:53,093 - aiogram.dispatcher - ERROR - Failed to fetch updates - ProxyConnectionError: [Errno 22] Couldn't connect to proxy 194.53.189.4:8000 [Удаленный компьютер отклонил это сетевое подключение]
2026-04-02 16:23:53,093 - aiogram.dispatcher - WARNING - Sleep for 5.012185 seconds and try again... (tryings = 95, bot id = 8628225993)
2026-04-02 16:24:01,616 - aiogram.dispatcher - ERROR - Failed to fetch updates - ProxyConnectionError: [Errno 22] Couldn't connect to proxy 194.53.189.4:8000 [Удаленный компьютер отклонил это сетевое подключение]
2026-04-02 16:24:01,616 - aiogram.dispatcher - WARNING - Sleep for 4.967464 seconds and try again... (tryings = 96, bot id = 8628225993)
2026-04-02 16:24:10,152 - aiogram.dispatcher - ERROR - Failed to fetch updates - ProxyConnectionError: [Errno 22] Couldn't connect to proxy 194.53.189.4:8000 [Удаленный компьютер отклонил это сетевое подключение]
2026-04-02 16:24:10,153 - aiogram.dispatcher - WARNING - Sleep for 4.977864 seconds and try again... (tryings = 97, bot id = 8628225993)
2026-04-02 16:24:18,650 - aiogram.dispatcher - ERROR - Failed to fetch updates - ProxyConnectionError: [Errno 22] Couldn't connect to proxy 194.53.189.4:8000 [Удаленный компьютер отклонил это сетевое подключение]
2026-04-02 16:24:18,650 - aiogram.dispatcher - WARNING - Sleep for 4.897952 seconds and try again... (tryings = 98, bot id = 8628225993)
2026-04-02 16:24:27,100 - aiogram.dispatcher - ERROR - Failed to fetch updates - ProxyConnectionError: [Errno 22] Couldn't connect to proxy 194.53.189.4:8000 [Удаленный компьютер отклонил это сетевое подключение]
2026-04-02 16:24:27,100 - aiogram.dispatcher - WARNING - Sleep for 4.896557 seconds and try again... (tryings = 99, bot id = 8628225993)
2026-04-02 16:24:35,517 - aiogram.dispatcher - ERROR - Failed to fetch updates - ProxyConnectionError: [Errno 22] Couldn't connect to proxy 194.53.189.4:8000 [Удаленный компьютер отклонил это сетевое подключение]
2026-04-02 16:24:35,518 - aiogram.dispatcher - WARNING - Sleep for 4.796965 seconds and try again... (tryings = 100, bot id = 8628225993)
2026-04-02 16:24:43,855 - aiogram.dispatcher - ERROR - Failed to fetch updates - ProxyConnectionError: [Errno 22] Couldn't connect to proxy 194.53.189.4:8000 [Удаленный компьютер отклонил это сетевое подключение]
2026-04-02 16:24:43,856 - aiogram.dispatcher - WARNING - Sleep for 4.924984 seconds and try again... (tryings = 101, bot id = 8628225993)
2026-04-02 16:24:52,301 - aiogram.dispatcher - ERROR - Failed to fetch updates - ProxyConnectionError: [Errno 22] Couldn't connect to proxy 194.53.189.4:8000 [Удаленный компьютер отклонил это сетевое подключение]
2026-04-02 16:24:52,301 - aiogram.dispatcher - WARNING - Sleep for 5.037175 seconds and try again... (tryings = 102, bot id = 8628225993)
2026-04-02 16:25:00,883 - aiogram.dispatcher - ERROR - Failed to fetch updates - ProxyConnectionError: [Errno 22] Couldn't connect to proxy 194.53.189.4:8000 [Удаленный компьютер отклонил это сетевое подключение]
2026-04-02 16:25:00,883 - aiogram.dispatcher - WARNING - Sleep for 4.881835 seconds and try again... (tryings = 103, bot id = 8628225993)
2026-04-02 16:25:09,312 - aiogram.dispatcher - ERROR - Failed to fetch updates - ProxyConnectionError: [Errno 22] Couldn't connect to proxy 194.53.189.4:8000 [Удаленный компьютер отклонил это сетевое подключение]
2026-04-02 16:25:09,312 - aiogram.dispatcher - WARNING - Sleep for 4.963400 seconds and try again... (tryings = 104, bot id = 8628225993)
2026-04-02 16:25:17,800 - aiogram.dispatcher - ERROR - Failed to fetch updates - ProxyConnectionError: [Errno 22] Couldn't connect to proxy 194.53.189.4:8000 [Удаленный компьютер отклонил это сетевое подключение]
2026-04-02 16:25:17,800 - aiogram.dispatcher - WARNING - Sleep for 4.938515 seconds and try again... (tryings = 105, bot id = 8628225993)
2026-04-02 16:25:26,267 - aiogram.dispatcher - ERROR - Failed to fetch updates - ProxyConnectionError: [Errno 22] Couldn't connect to proxy 194.53.189.4:8000 [Удаленный компьютер отклонил это сетевое подключение]
2026-04-02 16:25:26,267 - aiogram.dispatcher - WARNING - Sleep for 5.128575 seconds and try again... (tryings = 106, bot id = 8628225993)
2026-04-02 16:25:34,918 - aiogram.dispatcher - ERROR - Failed to fetch updates - ProxyConnectionError: [Errno 22] Couldn't connect to proxy 194.53.189.4:8000 [Удаленный компьютер отклонил это сетевое подключение]
2026-04-02 16:25:34,918 - aiogram.dispatcher - WARNING - Sleep for 4.955751 seconds and try again... (tryings = 107, bot id = 8628225993)
2026-04-02 16:25:43,426 - aiogram.dispatcher - ERROR - Failed to fetch updates - ProxyConnectionError: [Errno 22] Couldn't connect to proxy 194.53.189.4:8000 [Удаленный компьютер отклонил это сетевое подключение]
2026-04-02 16:25:43,427 - aiogram.dispatcher - WARNING - Sleep for 4.906996 seconds and try again... (tryings = 108, bot id = 8628225993)
2026-04-02 16:25:51,889 - aiogram.dispatcher - ERROR - Failed to fetch updates - ProxyConnectionError: [Errno 22] Couldn't connect to proxy 194.53.189.4:8000 [Удаленный компьютер отклонил это сетевое подключение]
2026-04-02 16:25:51,889 - aiogram.dispatcher - WARNING - Sleep for 5.057096 seconds and try again... (tryings = 109, bot id = 8628225993)
2026-04-02 16:26:02,633 - services.llm_service - INFO - ✅ GigaChat сервис инициализирован (с доступом к сайту ДГТУ)
2026-04-02 16:26:02,634 - utils.logger - INFO - ✅ ИИ-сервис (GigaChat) инициализирован
2026-04-02 16:26:02,634 - utils.logger - INFO - 🌐 Прокси (SOCKS5): 45.130.124.72:8000
2026-04-02 16:26:03,523 - utils.logger - INFO - ✅ Бот: @iivt_dgtu_bot (ID: 8628225993)
2026-04-02 16:26:03,524 - utils.logger - INFO - ======================================================================
2026-04-02 16:26:03,524 - utils.logger - INFO - 🤖 ИиВТ ДГТУ Помощник
2026-04-02 16:26:03,524 - utils.logger - INFO - ======================================================================
2026-04-02 16:26:03,524 - utils.logger - INFO - ✅ База данных подключена
2026-04-02 16:26:03,524 - utils.logger - INFO - ✅ Кеш токенов активирован
2026-04-02 16:26:03,524 - utils.logger - INFO - ✅ Токен: 8628225993:AAEvnCL9BWCN_zDUkta...
2026-04-02 16:26:03,524 - utils.logger - INFO - 🔌 Прокси: 45.130.124.72:8000
2026-04-02 16:26:03,525 - utils.logger - INFO - ✅ Роутеры подключены
2026-04-02 16:26:03,525 - utils.logger - INFO - ✅ ИИ (GigaChat) готов
2026-04-02 16:26:03,525 - utils.logger - INFO - ✅ Кеширование включено
2026-04-02 16:26:03,525 - utils.logger - INFO - ======================================================================
2026-04-02 16:26:03,525 - utils.logger - INFO - 🚀 БОТ ЗАПУЩЕН!
2026-04-02 16:26:03,525 - utils.logger - INFO - 📱 В Telegram: /start
2026-04-02 16:26:03,525 - utils.logger - INFO - 📊 Статистика кеша: /cache
2026-04-02 16:26:03,525 - utils.logger - INFO - 🧹 Очистить кеш: /clearcache
2026-04-02 16:26:03,525 - utils.logger - INFO - 📊 Статистика отзывов: /feedback_stats
2026-04-02 16:26:03,527 - utils.logger - INFO - ⏹️  Остановка: Ctrl + C
2026-04-02 16:26:03,527 - utils.logger - INFO - ======================================================================
2026-04-02 16:26:03,527 - utils.logger - INFO - 🔄 Polling запущен...
2026-04-02 16:41:28,506 - aiogram.dispatcher - ERROR - Failed to fetch updates - TelegramNetworkError: HTTP Client says - ServerDisconnectedError: Server disconnected
2026-04-02 16:41:28,507 - aiogram.dispatcher - WARNING - Sleep for 1.000000 seconds and try again... (tryings = 0, bot id = 8628225993)
2026-04-02 16:50:40,581 - services.database - INFO - ✅ База данных подключена (SQLite)
2026-04-02 16:50:40,581 - services.llm_service - INFO - ✅ GigaChat сервис инициализирован (с доступом к сайту ДГТУ)
2026-04-02 16:50:40,582 - utils.logger - INFO - ✅ ИИ-сервис (GigaChat) инициализирован
2026-04-02 16:50:40,582 - utils.logger - INFO - 🌐 Прокси (SOCKS5): 45.130.124.72:8000
2026-04-02 16:50:41,394 - utils.logger - INFO - ✅ Бот: @iivt_dgtu_bot (ID: 8628225993)
2026-04-02 16:50:41,395 - utils.logger - INFO - ======================================================================
2026-04-02 16:50:41,396 - utils.logger - INFO - 🤖 ИиВТ ДГТУ Помощник (v2.0)
2026-04-02 16:50:41,396 - utils.logger - INFO - ======================================================================
2026-04-02 16:50:41,396 - utils.logger - INFO - ✅ База данных подключена (SQLite)
2026-04-02 16:50:41,396 - utils.logger - INFO - ✅ Кеш токенов активирован
2026-04-02 16:50:41,396 - utils.logger - INFO - ✅ Токен: 8628225993:AAEvnCL9BWCN_zDUkta...
2026-04-02 16:50:41,396 - utils.logger - INFO - 🔌 Прокси: 45.130.124.72:8000
2026-04-02 16:50:41,396 - utils.logger - INFO - ✅ Роутеры подключены
2026-04-02 16:50:41,397 - utils.logger - INFO - ✅ ИИ (GigaChat) готов
2026-04-02 16:50:41,397 - utils.logger - INFO - ✅ Кеширование включено
2026-04-02 16:50:41,397 - utils.logger - INFO - ======================================================================
2026-04-02 16:50:41,397 - utils.logger - INFO - 🚀 БОТ ЗАПУЩЕН!
2026-04-02 16:50:41,397 - utils.logger - INFO - 📱 В Telegram: /start
2026-04-02 16:50:41,397 - utils.logger - INFO - 📊 Статистика: /stats
2026-04-02 16:50:41,397 - utils.logger - INFO - 📋 Чек-лист: /checklist
2026-04-02 16:50:41,397 - utils.logger - INFO - 🧮 Калькулятор: /calculator
2026-04-02 16:50:41,397 - utils.logger - INFO - ⏹️  Остановка: Ctrl + C
2026-04-02 16:50:41,397 - utils.logger - INFO - ======================================================================
2026-04-02 16:50:41,397 - utils.logger - INFO - 🔄 Polling запущен...
2026-04-02 16:58:44,595 - aiogram.dispatcher - ERROR - Failed to fetch updates - TelegramNetworkError: HTTP Client says - ServerDisconnectedError: Server disconnected
2026-04-02 16:58:44,595 - aiogram.dispatcher - WARNING - Sleep for 1.000000 seconds and try again... (tryings = 0, bot id = 8628225993)
2026-04-02 16:58:44,853 - services.database - INFO - 🔌 База данных отключена
2026-04-02 17:00:25,546 - services.database - INFO - ✅ База данных подключена (SQLite)
2026-04-02 17:00:25,546 - services.llm_service - INFO - ✅ GigaChat сервис инициализирован (с доступом к сайту ДГТУ)
2026-04-02 17:00:25,546 - utils.logger - INFO - ✅ ИИ-сервис (GigaChat) инициализирован
2026-04-02 17:00:25,547 - utils.logger - INFO - 🌐 Прокси (SOCKS5): 45.130.124.72:8000
2026-04-02 17:00:26,389 - utils.logger - INFO - ✅ Бот: @iivt_dgtu_bot (ID: 8628225993)
2026-04-02 17:00:26,390 - utils.logger - INFO - ======================================================================
2026-04-02 17:00:26,390 - utils.logger - INFO - 🤖 ИиВТ ДГТУ Помощник (v2.0)
2026-04-02 17:00:26,390 - utils.logger - INFO - ======================================================================
2026-04-02 17:00:26,391 - utils.logger - INFO - ✅ База данных подключена (SQLite)
2026-04-02 17:00:26,391 - utils.logger - INFO - ✅ Кеш токенов активирован
2026-04-02 17:00:26,391 - utils.logger - INFO - ✅ Токен: 8628225993:AAEvnCL9BWCN_zDUkta...
2026-04-02 17:00:26,391 - utils.logger - INFO - 🔌 Прокси: 45.130.124.72:8000
2026-04-02 17:00:26,391 - utils.logger - INFO - ✅ Роутеры подключены
2026-04-02 17:00:26,391 - utils.logger - INFO - ✅ ИИ (GigaChat) готов
2026-04-02 17:00:26,391 - utils.logger - INFO - ✅ Кеширование включено
2026-04-02 17:00:26,391 - utils.logger - INFO - ======================================================================
2026-04-02 17:00:26,391 - utils.logger - INFO - 🚀 БОТ ЗАПУЩЕН!
2026-04-02 17:00:26,391 - utils.logger - INFO - 📱 В Telegram: /start
2026-04-02 17:00:26,391 - utils.logger - INFO - 📊 Статистика: /stats
2026-04-02 17:00:26,392 - utils.logger - INFO - 📋 Чек-лист: /checklist
2026-04-02 17:00:26,392 - utils.logger - INFO - 🧮 Калькулятор: /calculator
2026-04-02 17:00:26,392 - utils.logger - INFO - ⏹️  Остановка: Ctrl + C
2026-04-02 17:00:26,392 - utils.logger - INFO - ======================================================================
2026-04-02 17:00:26,392 - utils.logger - INFO - 🔄 Polling запущен...
2026-04-02 17:07:32,644 - aiogram.dispatcher - ERROR - Failed to fetch updates - TelegramNetworkError: HTTP Client says - ServerDisconnectedError: Server disconnected
2026-04-02 17:07:32,645 - aiogram.dispatcher - WARNING - Sleep for 1.000000 seconds and try again... (tryings = 0, bot id = 8628225993)
2026-04-02 17:07:32,899 - services.database - INFO - 🔌 База данных отключена
2026-04-02 17:10:42,160 - services.database - INFO - ✅ База данных подключена (SQLite)
2026-04-02 17:10:42,160 - services.llm_service - INFO - ✅ GigaChat сервис инициализирован (с доступом к сайту ДГТУ)
2026-04-02 17:10:42,160 - utils.logger - INFO - ✅ ИИ-сервис (GigaChat) инициализирован
2026-04-02 17:10:42,160 - utils.logger - INFO - 🌐 Прокси (SOCKS5): 45.130.124.72:8000
2026-04-02 17:10:42,996 - utils.logger - INFO - ✅ Бот: @iivt_dgtu_bot (ID: 8628225993)
2026-04-02 17:10:42,997 - utils.logger - INFO - ======================================================================
2026-04-02 17:10:42,997 - utils.logger - INFO - 🤖 ИиВТ ДГТУ Помощник (v2.0)
2026-04-02 17:10:42,997 - utils.logger - INFO - ======================================================================
2026-04-02 17:10:42,997 - utils.logger - INFO - ✅ База данных подключена (SQLite)
2026-04-02 17:10:42,997 - utils.logger - INFO - ✅ Кеш токенов активирован
2026-04-02 17:10:42,997 - utils.logger - INFO - ✅ Токен: 8628225993:AAEvnCL9BWCN_zDUkta...
2026-04-02 17:10:42,997 - utils.logger - INFO - 🔌 Прокси: 45.130.124.72:8000
2026-04-02 17:10:42,997 - utils.logger - INFO - ✅ Роутеры подключены
2026-04-02 17:10:42,997 - utils.logger - INFO - ✅ ИИ (GigaChat) готов
2026-04-02 17:10:42,997 - utils.logger - INFO - ✅ Кеширование включено
2026-04-02 17:10:42,997 - utils.logger - INFO - ======================================================================
2026-04-02 17:10:42,998 - utils.logger - INFO - 🚀 БОТ ЗАПУЩЕН!
2026-04-02 17:10:42,998 - utils.logger - INFO - 📱 В Telegram: /start
2026-04-02 17:10:42,998 - utils.logger - INFO - 📊 Статистика: /stats
2026-04-02 17:10:42,998 - utils.logger - INFO - 📋 Чек-лист: /checklist
2026-04-02 17:10:42,998 - utils.logger - INFO - 🧮 Калькулятор: /calculator
2026-04-02 17:10:42,998 - utils.logger - INFO - ⏹️  Остановка: Ctrl + C
2026-04-02 17:10:42,998 - utils.logger - INFO - ======================================================================
2026-04-02 17:10:42,998 - utils.logger - INFO - 🔄 Polling запущен...
2026-04-02 17:13:06,178 - aiogram.dispatcher - ERROR - Failed to fetch updates - TelegramNetworkError: HTTP Client says - ServerDisconnectedError: Server disconnected
2026-04-02 17:13:06,178 - aiogram.dispatcher - WARNING - Sleep for 1.000000 seconds and try again... (tryings = 0, bot id = 8628225993)
2026-04-02 17:13:06,443 - services.database - INFO - 🔌 База данных отключена
2026-04-02 17:24:59,892 - services.database - INFO - ✅ База данных подключена (SQLite)
2026-04-02 17:24:59,893 - services.llm_service - INFO - ✅ GigaChat сервис инициализирован (с доступом к сайту ДГТУ)
2026-04-02 17:24:59,894 - utils.logger - INFO - ✅ ИИ-сервис (GigaChat) инициализирован
2026-04-02 17:24:59,895 - utils.logger - INFO - 🌐 Прокси (SOCKS5): 45.130.124.72:8000
2026-04-02 17:25:00,808 - utils.logger - INFO - ✅ Бот: @iivt_dgtu_bot (ID: 8628225993)
2026-04-02 17:25:00,808 - utils.logger - INFO - 🔌 Подключаю роутеры...
2026-04-02 17:25:00,809 - utils.logger - INFO -   ✅ commands.router
2026-04-02 17:25:00,810 - utils.logger - INFO -   ✅ feedback_handler.router
2026-04-02 17:25:00,810 - utils.logger - INFO -   ✅ faq_handler.router
2026-04-02 17:25:00,811 - utils.logger - INFO -   ✅ admin.router
2026-04-02 17:25:00,812 - utils.logger - INFO -   ✅ checklist.router
2026-04-02 17:25:00,812 - utils.logger - INFO -   ✅ calculator.router
2026-04-02 17:25:00,813 - utils.logger - INFO - ======================================================================
2026-04-02 17:25:00,814 - utils.logger - INFO - 🤖 ИиВТ ДГТУ Помощник (v2.0)
2026-04-02 17:25:00,814 - utils.logger - INFO - ======================================================================
2026-04-02 17:25:00,815 - utils.logger - INFO - ✅ База данных подключена (SQLite)
2026-04-02 17:25:00,815 - utils.logger - INFO - ✅ Кеш токенов активирован
2026-04-02 17:25:00,816 - utils.logger - INFO - ✅ Токен: 8628225993:AAEvnCL9BWCN_zDUkta...
2026-04-02 17:25:00,816 - utils.logger - INFO - 🔌 Прокси: 45.130.124.72:8000
2026-04-02 17:25:00,817 - utils.logger - INFO - ✅ Роутеры подключены
2026-04-02 17:25:00,818 - utils.logger - INFO - ✅ ИИ (GigaChat) готов
2026-04-02 17:25:00,822 - utils.logger - INFO - ✅ Кеширование включено
2026-04-02 17:25:00,823 - utils.logger - INFO - ======================================================================
2026-04-02 17:25:00,824 - utils.logger - INFO - 🚀 БОТ ЗАПУЩЕН!
2026-04-02 17:25:00,824 - utils.logger - INFO - 📱 В Telegram: /start
2026-04-02 17:25:00,825 - utils.logger - INFO - 📊 Статистика: /stats
2026-04-02 17:25:00,825 - utils.logger - INFO - 📋 Чек-лист: /checklist
2026-04-02 17:25:00,826 - utils.logger - INFO - 🧮 Калькулятор: /calculator
2026-04-02 17:25:00,826 - utils.logger - INFO - ⏹️  Остановка: Ctrl + C
2026-04-02 17:25:00,827 - utils.logger - INFO - ======================================================================
2026-04-02 17:25:00,827 - utils.logger - INFO - 🔄 Polling запущен...
2026-04-02 17:28:46,808 - aiogram.dispatcher - ERROR - Failed to fetch updates - TelegramNetworkError: HTTP Client says - ServerDisconnectedError: Server disconnected
2026-04-02 17:28:46,809 - aiogram.dispatcher - WARNING - Sleep for 1.000000 seconds and try again... (tryings = 0, bot id = 8628225993)
2026-04-02 17:28:47,070 - services.database - INFO - 🔌 База данных отключена
2026-04-02 17:28:52,242 - services.database - INFO - ✅ База данных подключена (SQLite)
2026-04-02 17:28:52,243 - services.llm_service - INFO - ✅ GigaChat сервис инициализирован (с доступом к сайту ДГТУ)
2026-04-02 17:28:52,244 - utils.logger - INFO - ✅ ИИ-сервис (GigaChat) инициализирован
2026-04-02 17:28:52,247 - utils.logger - INFO - 🌐 Прокси (SOCKS5): 45.130.124.72:8000
2026-04-02 17:28:53,102 - utils.logger - INFO - ✅ Бот: @iivt_dgtu_bot (ID: 8628225993)
2026-04-02 17:28:53,103 - utils.logger - INFO - 🔌 Подключаю роутеры...
2026-04-02 17:28:53,103 - utils.logger - INFO -   ✅ commands.router
2026-04-02 17:28:53,104 - utils.logger - INFO -   ✅ feedback_handler.router
2026-04-02 17:28:53,105 - utils.logger - INFO -   ✅ faq_handler.router
2026-04-02 17:28:53,106 - utils.logger - INFO -   ✅ admin.router
2026-04-02 17:28:53,107 - utils.logger - INFO -   ✅ checklist.router
2026-04-02 17:28:53,107 - utils.logger - INFO -   ✅ calculator.router
2026-04-02 17:28:53,108 - utils.logger - INFO - ======================================================================
2026-04-02 17:28:53,108 - utils.logger - INFO - 🤖 ИиВТ ДГТУ Помощник (v2.0)
2026-04-02 17:28:53,109 - utils.logger - INFO - ======================================================================
2026-04-02 17:28:53,109 - utils.logger - INFO - ✅ База данных подключена (SQLite)
2026-04-02 17:28:53,110 - utils.logger - INFO - ✅ Кеш токенов активирован
2026-04-02 17:28:53,110 - utils.logger - INFO - ✅ Токен: 8628225993:AAEvnCL9BWCN_zDUkta...
2026-04-02 17:28:53,111 - utils.logger - INFO - 🔌 Прокси: 45.130.124.72:8000
2026-04-02 17:28:53,112 - utils.logger - INFO - ✅ Роутеры подключены
2026-04-02 17:28:53,112 - utils.logger - INFO - ✅ ИИ (GigaChat) готов
2026-04-02 17:28:53,115 - utils.logger - INFO - ✅ Кеширование включено
2026-04-02 17:28:53,116 - utils.logger - INFO - ======================================================================
2026-04-02 17:28:53,117 - utils.logger - INFO - 🚀 БОТ ЗАПУЩЕН!
2026-04-02 17:28:53,118 - utils.logger - INFO - 📱 В Telegram: /start
2026-04-02 17:28:53,119 - utils.logger - INFO - 📊 Статистика: /stats
2026-04-02 17:28:53,119 - utils.logger - INFO - 📋 Чек-лист: /checklist
2026-04-02 17:28:53,120 - utils.logger - INFO - 🧮 Калькулятор: /calculator
2026-04-02 17:28:53,120 - utils.logger - INFO - ⏹️  Остановка: Ctrl + C
2026-04-02 17:28:53,121 - utils.logger - INFO - ======================================================================
2026-04-02 17:28:53,121 - utils.logger - INFO - 🔄 Polling запущен...
2026-04-02 17:37:14,900 - aiogram.dispatcher - ERROR - Failed to fetch updates - TelegramNetworkError: HTTP Client says - ServerDisconnectedError: Server disconnected
2026-04-02 17:37:14,900 - aiogram.dispatcher - WARNING - Sleep for 1.000000 seconds and try again... (tryings = 0, bot id = 8628225993)
2026-04-02 17:37:15,155 - services.database - INFO - 🔌 База данных отключена
2026-04-02 17:37:26,695 - services.database - INFO - ✅ База данных подключена (SQLite)
2026-04-02 17:37:26,696 - services.llm_service - INFO - ✅ GigaChat сервис инициализирован (с доступом к сайту ДГТУ)
2026-04-02 17:37:26,696 - utils.logger - INFO - ✅ ИИ-сервис (GigaChat) инициализирован
2026-04-02 17:37:26,702 - utils.logger - INFO - 🌐 Прокси (SOCKS5): 45.130.124.72:8000
2026-04-02 17:37:27,582 - utils.logger - INFO - ✅ Бот: @iivt_dgtu_bot (ID: 8628225993)
2026-04-02 17:37:27,583 - utils.logger - INFO - 🔌 Подключаю роутеры...
2026-04-02 17:37:27,584 - utils.logger - INFO -   ✅ commands.router
2026-04-02 17:37:27,585 - utils.logger - INFO -   ✅ feedback_handler.router
2026-04-02 17:37:27,586 - utils.logger - INFO -   ✅ faq_handler.router
2026-04-02 17:37:27,586 - utils.logger - INFO -   ✅ admin.router
2026-04-02 17:37:27,587 - utils.logger - INFO -   ✅ checklist.router
2026-04-02 17:37:27,588 - utils.logger - INFO -   ✅ calculator.router
2026-04-02 17:37:27,588 - utils.logger - INFO - ======================================================================
2026-04-02 17:37:27,589 - utils.logger - INFO - 🤖 ИиВТ ДГТУ Помощник (v2.0)
2026-04-02 17:37:27,589 - utils.logger - INFO - ======================================================================
2026-04-02 17:37:27,590 - utils.logger - INFO - ✅ База данных подключена (SQLite)
2026-04-02 17:37:27,591 - utils.logger - INFO - ✅ Кеш токенов активирован
2026-04-02 17:37:27,592 - utils.logger - INFO - ✅ Токен: 8628225993:AAEvnCL9BWCN_zDUkta...
2026-04-02 17:37:27,593 - utils.logger - INFO - 🔌 Прокси: 45.130.124.72:8000
2026-04-02 17:37:27,594 - utils.logger - INFO - ✅ Роутеры подключены
2026-04-02 17:37:27,594 - utils.logger - INFO - ✅ ИИ (GigaChat) готов
2026-04-02 17:37:27,596 - utils.logger - INFO - ✅ Кеширование включено
2026-04-02 17:37:27,599 - utils.logger - INFO - ======================================================================
2026-04-02 17:37:27,600 - utils.logger - INFO - 🚀 БОТ ЗАПУЩЕН!
2026-04-02 17:37:27,601 - utils.logger - INFO - 📱 В Telegram: /start
2026-04-02 17:37:27,602 - utils.logger - INFO - 📊 Статистика: /stats
2026-04-02 17:37:27,603 - utils.logger - INFO - 📋 Чек-лист: /checklist
2026-04-02 17:37:27,604 - utils.logger - INFO - 🧮 Калькулятор: /calculator
2026-04-02 17:37:27,605 - utils.logger - INFO - ⏹️  Остановка: Ctrl + C
2026-04-02 17:37:27,606 - utils.logger - INFO - ======================================================================
2026-04-02 17:37:27,607 - utils.logger - INFO - 🔄 Polling запущен...
2026-04-02 17:37:34,415 - handlers.calculator - INFO - 🧮 /calculator ПОЛУЧЕН от пользователя 1057899073
2026-04-02 17:37:34,415 - handlers.calculator - INFO -    Текст: /calculator
2026-04-02 17:37:34,417 - handlers.calculator - INFO -    Отправляю калькулятор...
2026-04-02 17:37:34,975 - handlers.calculator - INFO -    ✅ Калькулятор отправлен
2026-04-02 17:37:39,693 - handlers.calculator - INFO - 💰 Выбрана стоимость: 135000 ₽
2026-04-02 17:37:39,888 - handlers.calculator - INFO -    ✅ Отправлен выбор лет
2026-04-02 17:37:42,793 - handlers.calculator - INFO - 📊 Расчёт: 135000 ₽ × 2 лет
2026-04-02 17:37:42,966 - handlers.calculator - INFO -    ✅ Расчёт отправлен: 180,000 ₽
2026-04-02 17:38:01,802 - handlers.checklist - INFO - 📋 /checklist ПОЛУЧЕН от пользователя 1057899073
2026-04-02 17:38:01,802 - handlers.checklist - INFO -    Текст: /checklist
2026-04-02 17:38:01,804 - handlers.checklist - INFO -    Задайдено в БД: 0
2026-04-02 17:38:01,806 - handlers.checklist - INFO -    Создаю новый чек-лист...
2026-04-02 17:38:01,810 - handlers.checklist - INFO -      + Добавлена задача: 📄 Подготовить паспорт и копии
2026-04-02 17:38:01,814 - handlers.checklist - INFO -      + Добавлена задача: 📚 Получить документ об образовании
2026-04-02 17:38:01,818 - handlers.checklist - INFO -      + Добавлена задача: 📸 Сделать фотографии 3×4 (4 шт.)
2026-04-02 17:38:01,821 - handlers.checklist - INFO -      + Добавлена задача: 📋 Получить СНИЛС
2026-04-02 17:38:01,825 - handlers.checklist - INFO -      + Добавлена задача: 📝 Подготовить результаты ЕГЭ
2026-04-02 17:38:01,829 - handlers.checklist - INFO -      + Добавлена задача: 📅 Подать документы (с 20 июня)
2026-04-02 17:38:01,833 - handlers.checklist - INFO -      + Добавлена задача: ✍️ Подать согласие на зачисление (до 1 августа)
2026-04-02 17:38:01,837 - handlers.checklist - INFO -      + Добавлена задача: 🏠 Подать заявку на общежитие
2026-04-02 17:38:01,837 - handlers.checklist - INFO -    Отправляю чек-лист с 8 задачами...
2026-04-02 17:38:01,976 - handlers.checklist - INFO -    ✅ Чек-лист успешно отправлен!
2026-04-02 17:38:04,969 - handlers.checklist - INFO - 🔄 Переключение задачи 1
2026-04-02 17:38:05,126 - handlers.checklist - INFO - 📋 /checklist ПОЛУЧЕН от пользователя 8628225993
2026-04-02 17:38:05,126 - handlers.checklist - INFO -    Текст: 📋 Твой чек-лист абитуриента:

⬜ 📄 Подготовить паспорт и копии
⬜ 📚 Получить документ об образовании
⬜ 📸 Сделать фотографии 3×4 (4 шт.)
⬜ 📋 Получить СНИЛС
⬜ 📝 Подготовить результаты ЕГЭ
⬜ 📅 Подать документы (с 20 июня)
⬜ ✍️ Подать согласие на зачисление (до 1 августа)
⬜ 🏠 Подать заявку на общежитие
2026-04-02 17:38:05,127 - handlers.checklist - INFO -    Задайдено в БД: 0
2026-04-02 17:38:05,129 - handlers.checklist - INFO -    Создаю новый чек-лист...
2026-04-02 17:38:05,134 - handlers.checklist - INFO -      + Добавлена задача: 📄 Подготовить паспорт и копии
2026-04-02 17:38:05,138 - handlers.checklist - INFO -      + Добавлена задача: 📚 Получить документ об образовании
2026-04-02 17:38:05,141 - handlers.checklist - INFO -      + Добавлена задача: 📸 Сделать фотографии 3×4 (4 шт.)
2026-04-02 17:38:05,145 - handlers.checklist - INFO -      + Добавлена задача: 📋 Получить СНИЛС
2026-04-02 17:38:05,149 - handlers.checklist - INFO -      + Добавлена задача: 📝 Подготовить результаты ЕГЭ
2026-04-02 17:38:05,152 - handlers.checklist - INFO -      + Добавлена задача: 📅 Подать документы (с 20 июня)
2026-04-02 17:38:05,156 - handlers.checklist - INFO -      + Добавлена задача: ✍️ Подать согласие на зачисление (до 1 августа)
2026-04-02 17:38:05,159 - handlers.checklist - INFO -      + Добавлена задача: 🏠 Подать заявку на общежитие
2026-04-02 17:38:05,161 - handlers.checklist - INFO -    Отправляю чек-лист с 8 задачами...
2026-04-02 17:38:05,415 - handlers.checklist - INFO -    ✅ Чек-лист успешно отправлен!
2026-04-02 17:38:05,415 - handlers.checklist - INFO -    ✅ Задача переключена
2026-04-02 17:38:06,486 - handlers.checklist - INFO - 🔄 Переключение задачи 11
2026-04-02 17:38:06,584 - handlers.checklist - INFO - 📋 /checklist ПОЛУЧЕН от пользователя 8628225993
2026-04-02 17:38:06,584 - handlers.checklist - INFO -    Текст: 📋 Твой чек-лист абитуриента:

⬜ 📄 Подготовить паспорт и копии
⬜ 📚 Получить документ об образовании
⬜ 📸 Сделать фотографии 3×4 (4 шт.)
⬜ 📋 Получить СНИЛС
⬜ 📝 Подготовить результаты ЕГЭ
⬜ 📅 Подать документы (с 20 июня)
⬜ ✍️ Подать согласие на зачисление (до 1 августа)
⬜ 🏠 Подать заявку на общежитие
2026-04-02 17:38:06,585 - handlers.checklist - INFO -    Задайдено в БД: 8
2026-04-02 17:38:06,587 - handlers.checklist - INFO -    Отправляю чек-лист с 8 задачами...
2026-04-02 17:38:06,712 - handlers.checklist - INFO -    ✅ Чек-лист успешно отправлен!
2026-04-02 17:38:06,712 - handlers.checklist - INFO -    ✅ Задача переключена
2026-04-02 17:38:07,524 - handlers.checklist - INFO - 🔄 Переключение задачи 12
2026-04-02 17:38:07,612 - handlers.checklist - INFO - 📋 /checklist ПОЛУЧЕН от пользователя 8628225993
2026-04-02 17:38:07,612 - handlers.checklist - INFO -    Текст: 📋 Твой чек-лист абитуриента:

⬜ 📄 Подготовить паспорт и копии
⬜ 📚 Получить документ об образовании
✅ 📸 Сделать фотографии 3×4 (4 шт.)
⬜ 📋 Получить СНИЛС
⬜ 📝 Подготовить результаты ЕГЭ
⬜ 📅 Подать документы (с 20 июня)
⬜ ✍️ Подать согласие на зачисление (до 1 августа)
⬜ 🏠 Подать заявку на общежитие
2026-04-02 17:38:07,614 - handlers.checklist - INFO -    Задайдено в БД: 8
2026-04-02 17:38:07,615 - handlers.checklist - INFO -    Отправляю чек-лист с 8 задачами...
2026-04-02 17:38:07,718 - handlers.checklist - INFO -    ✅ Чек-лист успешно отправлен!
2026-04-02 17:38:07,718 - handlers.checklist - INFO -    ✅ Задача переключена
2026-04-02 17:38:09,193 - handlers.checklist - INFO - 🔄 Переключение задачи 14
2026-04-02 17:38:09,296 - handlers.checklist - INFO - 📋 /checklist ПОЛУЧЕН от пользователя 8628225993
2026-04-02 17:38:09,296 - handlers.checklist - INFO -    Текст: 📋 Твой чек-лист абитуриента:

⬜ 📄 Подготовить паспорт и копии
⬜ 📚 Получить документ об образовании
✅ 📸 Сделать фотографии 3×4 (4 шт.)
✅ 📋 Получить СНИЛС
⬜ 📝 Подготовить результаты ЕГЭ
⬜ 📅 Подать документы (с 20 июня)
⬜ ✍️ Подать согласие на зачисление (до 1 августа)
⬜ 🏠 Подать заявку на общежитие
2026-04-02 17:38:09,302 - handlers.checklist - INFO -    Задайдено в БД: 8
2026-04-02 17:38:09,302 - handlers.checklist - INFO -    Отправляю чек-лист с 8 задачами...
2026-04-02 17:38:09,431 - handlers.checklist - INFO -    ✅ Чек-лист успешно отправлен!
2026-04-02 17:38:09,431 - handlers.checklist - INFO -    ✅ Задача переключена
2026-04-02 17:38:10,042 - handlers.checklist - INFO - 🔄 Переключение задачи 15
2026-04-02 17:38:10,133 - handlers.checklist - INFO - 📋 /checklist ПОЛУЧЕН от пользователя 8628225993
2026-04-02 17:38:10,133 - handlers.checklist - INFO -    Текст: 📋 Твой чек-лист абитуриента:

⬜ 📄 Подготовить паспорт и копии
⬜ 📚 Получить документ об образовании
✅ 📸 Сделать фотографии 3×4 (4 шт.)
✅ 📋 Получить СНИЛС
⬜ 📝 Подготовить результаты ЕГЭ
✅ 📅 Подать документы (с 20 июня)
⬜ ✍️ Подать согласие на зачисление (до 1 августа)
⬜ 🏠 Подать заявку на общежитие
2026-04-02 17:38:10,135 - handlers.checklist - INFO -    Задайдено в БД: 8
2026-04-02 17:38:10,136 - handlers.checklist - INFO -    Отправляю чек-лист с 8 задачами...
2026-04-02 17:38:10,247 - handlers.checklist - INFO -    ✅ Чек-лист успешно отправлен!
2026-04-02 17:38:10,247 - handlers.checklist - INFO -    ✅ Задача переключена
2026-04-02 17:38:11,232 - handlers.checklist - INFO - 🔄 Переключение задачи 16
2026-04-02 17:38:11,331 - handlers.checklist - INFO - 📋 /checklist ПОЛУЧЕН от пользователя 8628225993
2026-04-02 17:38:11,331 - handlers.checklist - INFO -    Текст: 📋 Твой чек-лист абитуриента:

⬜ 📄 Подготовить паспорт и копии
⬜ 📚 Получить документ об образовании
✅ 📸 Сделать фотографии 3×4 (4 шт.)
✅ 📋 Получить СНИЛС
⬜ 📝 Подготовить результаты ЕГЭ
✅ 📅 Подать документы (с 20 июня)
✅ ✍️ Подать согласие на зачисление (до 1 августа)
⬜ 🏠 Подать заявку на общежитие
2026-04-02 17:38:11,333 - handlers.checklist - INFO -    Задайдено в БД: 8
2026-04-02 17:38:11,334 - handlers.checklist - INFO -    Отправляю чек-лист с 8 задачами...
2026-04-02 17:38:11,462 - handlers.checklist - INFO -    ✅ Чек-лист успешно отправлен!
2026-04-02 17:38:11,462 - handlers.checklist - INFO -    ✅ Задача переключена
2026-04-02 17:38:12,285 - handlers.checklist - INFO - 🔄 Переключение задачи 13
2026-04-02 17:38:12,397 - handlers.checklist - INFO - 📋 /checklist ПОЛУЧЕН от пользователя 8628225993
2026-04-02 17:38:12,397 - handlers.checklist - INFO -    Текст: 📋 Твой чек-лист абитуриента:

⬜ 📄 Подготовить паспорт и копии
⬜ 📚 Получить документ об образовании
✅ 📸 Сделать фотографии 3×4 (4 шт.)
✅ 📋 Получить СНИЛС
⬜ 📝 Подготовить результаты ЕГЭ
✅ 📅 Подать документы (с 20 июня)
✅ ✍️ Подать согласие на зачисление (до 1 августа)
✅ 🏠 Подать заявку на общежитие
2026-04-02 17:38:12,399 - handlers.checklist - INFO -    Задайдено в БД: 8
2026-04-02 17:38:12,400 - handlers.checklist - INFO -    Отправляю чек-лист с 8 задачами...
2026-04-02 17:38:12,969 - handlers.checklist - INFO -    ✅ Чек-лист успешно отправлен!
2026-04-02 17:38:12,969 - handlers.checklist - INFO -    ✅ Задача переключена
2026-04-02 17:38:13,772 - handlers.checklist - INFO - 🔄 Переключение задачи 10
2026-04-02 17:38:13,862 - handlers.checklist - INFO - 📋 /checklist ПОЛУЧЕН от пользователя 8628225993
2026-04-02 17:38:13,863 - handlers.checklist - INFO -    Текст: 📋 Твой чек-лист абитуриента:

⬜ 📄 Подготовить паспорт и копии
⬜ 📚 Получить документ об образовании
✅ 📸 Сделать фотографии 3×4 (4 шт.)
✅ 📋 Получить СНИЛС
✅ 📝 Подготовить результаты ЕГЭ
✅ 📅 Подать документы (с 20 июня)
✅ ✍️ Подать согласие на зачисление (до 1 августа)
✅ 🏠 Подать заявку на общежитие
2026-04-02 17:38:13,864 - handlers.checklist - INFO -    Задайдено в БД: 8
2026-04-02 17:38:13,865 - handlers.checklist - INFO -    Отправляю чек-лист с 8 задачами...
2026-04-02 17:38:13,973 - handlers.checklist - INFO -    ✅ Чек-лист успешно отправлен!
2026-04-02 17:38:13,973 - handlers.checklist - INFO -    ✅ Задача переключена
2026-04-02 17:38:14,774 - handlers.checklist - INFO - 🔄 Переключение задачи 9
2026-04-02 17:38:14,856 - handlers.checklist - INFO - 📋 /checklist ПОЛУЧЕН от пользователя 8628225993
2026-04-02 17:38:14,856 - handlers.checklist - INFO -    Текст: 📋 Твой чек-лист абитуриента:

⬜ 📄 Подготовить паспорт и копии
✅ 📚 Получить документ об образовании
✅ 📸 Сделать фотографии 3×4 (4 шт.)
✅ 📋 Получить СНИЛС
✅ 📝 Подготовить результаты ЕГЭ
✅ 📅 Подать документы (с 20 июня)
✅ ✍️ Подать согласие на зачисление (до 1 августа)
✅ 🏠 Подать заявку на общежитие
2026-04-02 17:38:14,859 - handlers.checklist - INFO -    Задайдено в БД: 8
2026-04-02 17:38:14,860 - handlers.checklist - INFO -    Отправляю чек-лист с 8 задачами...
2026-04-02 17:38:14,959 - handlers.checklist - INFO -    ✅ Чек-лист успешно отправлен!
2026-04-02 17:38:14,959 - handlers.checklist - INFO -    ✅ Задача переключена
2026-04-02 18:03:32,695 - aiogram.dispatcher - ERROR - Failed to fetch updates - TelegramNetworkError: HTTP Client says - ServerDisconnectedError: Server disconnected
2026-04-02 18:03:32,695 - aiogram.dispatcher - WARNING - Sleep for 1.000000 seconds and try again... (tryings = 0, bot id = 8628225993)
2026-04-02 18:03:32,950 - services.database - INFO - 🔌 База данных отключена
2026-04-02 18:17:07,541 - services.database - INFO - ✅ База данных подключена (SQLite)
2026-04-02 18:17:07,541 - services.llm_service - INFO - ✅ GigaChat сервис инициализирован (с доступом к сайту ДГТУ)
2026-04-02 18:17:08,454 - utils.logger - INFO - ✅ Бот: @iivt_dgtu_bot | Прокси: 45.130.124.72:8000
2026-04-02 18:17:08,455 - utils.logger - INFO - ==================================================
2026-04-02 18:17:08,456 - utils.logger - INFO - 🤖 ИиВТ ДГТУ Помощник — ЗАПУЩЕН
2026-04-02 18:17:08,457 - utils.logger - INFO - ==================================================
2026-04-02 18:17:08,457 - utils.logger - INFO - 📱 Telegram: /start
2026-04-02 18:17:08,458 - utils.logger - INFO - 📋 Чек-лист: /checklist
2026-04-02 18:17:08,459 - utils.logger - INFO - 🧮 Калькулятор: /calculator
2026-04-02 18:17:08,459 - utils.logger - INFO - ==================================================
2026-04-02 18:17:37,876 - handlers.faq_handler - INFO - 📚 Запрос направления: 09.03.02_zaoch
2026-04-02 18:17:41,613 - handlers.faq_handler - INFO - 📚 Запрос направления: 01.03.04
2026-04-02 18:28:51,937 - aiogram.dispatcher - ERROR - Failed to fetch updates - TelegramNetworkError: HTTP Client says - ServerDisconnectedError: Server disconnected
2026-04-02 18:28:51,938 - aiogram.dispatcher - WARNING - Sleep for 1.000000 seconds and try again... (tryings = 0, bot id = 8628225993)
2026-04-02 18:28:52,190 - services.database - INFO - 🔌 База данных отключена
2026-04-02 18:28:55,798 - services.database - INFO - ✅ База данных подключена (SQLite)
2026-04-02 18:28:55,798 - services.llm_service - INFO - ✅ GigaChat сервис инициализирован (с доступом к сайту ДГТУ)
2026-04-02 18:28:56,700 - utils.logger - INFO - ✅ Бот: @iivt_dgtu_bot | Прокси: 45.130.124.72:8000
2026-04-02 18:28:56,701 - utils.logger - INFO - ======================================================================
2026-04-02 18:28:56,701 - utils.logger - INFO - 🤖 ИиВТ ДГТУ Помощник — ЗАПУЩЕН
2026-04-02 18:28:56,702 - utils.logger - INFO - ======================================================================
2026-04-02 18:28:56,703 - utils.logger - INFO - ✅ База данных подключена (SQLite)
2026-04-02 18:28:56,704 - utils.logger - INFO - ✅ Кеш токенов активирован
2026-04-02 18:28:56,705 - utils.logger - INFO - ✅ Токен: 8628225993:AAEvnCL9BWCN_zDUkta...
2026-04-02 18:28:56,705 - utils.logger - INFO - 🔌 Прокси: 45.130.124.72:8000
2026-04-02 18:28:56,706 - utils.logger - INFO - ✅ Роутеры подключены
2026-04-02 18:28:56,706 - utils.logger - INFO - ✅ ИИ (GigaChat) готов
2026-04-02 18:28:56,707 - utils.logger - INFO - ✅ Кеширование включено
2026-04-02 18:28:56,707 - utils.logger - INFO - ======================================================================
2026-04-02 18:28:56,708 - utils.logger - INFO - 🚀 БОТ ЗАПУЩЕН!
2026-04-02 18:28:56,708 - utils.logger - INFO - 📱 Telegram: /start
2026-04-02 18:28:56,709 - utils.logger - INFO - 📊 Статистика: /stats
2026-04-02 18:28:56,709 - utils.logger - INFO - 📋 Чек-лист: /checklist
2026-04-02 18:28:56,712 - utils.logger - INFO - 🧮 Калькулятор: /calculator
2026-04-02 18:28:56,713 - utils.logger - INFO - ⏹️  Остановка: Ctrl + C
2026-04-02 18:28:56,713 - utils.logger - INFO - ======================================================================
2026-04-02 18:46:03,724 - aiogram.dispatcher - ERROR - Failed to fetch updates - TelegramNetworkError: HTTP Client says - ServerDisconnectedError: Server disconnected
2026-04-02 18:46:03,724 - aiogram.dispatcher - WARNING - Sleep for 1.000000 seconds and try again... (tryings = 0, bot id = 8628225993)
2026-04-02 18:46:03,988 - services.database - INFO - 🔌 База данных отключена
2026-04-02 18:46:07,151 - services.database - INFO - ✅ База данных подключена (SQLite)
2026-04-02 18:46:07,152 - services.llm_service - INFO - ✅ GigaChat сервис инициализирован (с доступом к сайту ДГТУ)
2026-04-02 18:46:08,005 - utils.logger - INFO - ✅ Бот: @iivt_dgtu_bot | Прокси: 45.130.124.72:8000
2026-04-02 18:46:08,006 - utils.logger - INFO - ======================================================================
2026-04-02 18:46:08,006 - utils.logger - INFO - 🤖 ИиВТ ДГТУ Помощник — ЗАПУЩЕН
2026-04-02 18:46:08,009 - utils.logger - INFO - ======================================================================
2026-04-02 18:46:08,009 - utils.logger - INFO - ✅ База данных подключена (SQLite)
2026-04-02 18:46:08,010 - utils.logger - INFO - ✅ Кеш токенов активирован
2026-04-02 18:46:08,010 - utils.logger - INFO - ✅ Токен: 8628225993:AAEvnCL9BWCN_zDUkta...
2026-04-02 18:46:08,010 - utils.logger - INFO - 🔌 Прокси: 45.130.124.72:8000
2026-04-02 18:46:08,010 - utils.logger - INFO - ✅ Роутеры подключены
2026-04-02 18:46:08,011 - utils.logger - INFO - ✅ ИИ (GigaChat) готов
2026-04-02 18:46:08,012 - utils.logger - INFO - ✅ Кеширование включено
2026-04-02 18:46:08,012 - utils.logger - INFO - ======================================================================
2026-04-02 18:46:08,014 - utils.logger - INFO - 🚀 БОТ ЗАПУЩЕН!
2026-04-02 18:46:08,014 - utils.logger - INFO - 📱 Telegram: /start
2026-04-02 18:46:08,017 - utils.logger - INFO - 📊 Статистика: /stats
2026-04-02 18:46:08,017 - utils.logger - INFO - 📋 Чек-лист: /checklist
2026-04-02 18:46:08,018 - utils.logger - INFO - 🧮 Калькулятор: /calculator
2026-04-02 18:46:08,018 - utils.logger - INFO - ⏹️  Остановка: Ctrl + C
2026-04-02 18:46:08,019 - utils.logger - INFO - ======================================================================
2026-04-02 19:26:54,460 - handlers.calculator - INFO - 🧮 /calculator от пользователя 1644051874
2026-04-02 19:28:03,739 - httpx - INFO - HTTP Request: POST https://ngw.devices.sberbank.ru:9443/api/v2/oauth "HTTP/1.1 200 OK"
2026-04-02 19:28:04,509 - httpx - INFO - HTTP Request: POST https://gigachat.devices.sberbank.ru/api/v1/chat/completions "HTTP/1.1 200 OK"
2026-04-02 19:28:04,509 - services.llm_service - INFO - ✅ Ответ сгенерирован для пользователя 1644051874
2026-04-02 19:28:38,459 - httpx - INFO - HTTP Request: POST https://gigachat.devices.sberbank.ru/api/v1/chat/completions "HTTP/1.1 200 OK"
2026-04-02 19:28:38,460 - services.llm_service - INFO - ✅ Ответ сгенерирован для пользователя 1644051874
2026-04-02 22:51:14,721 - handlers.checklist - INFO - 📋 /checklist от пользователя 1057899073
2026-04-02 22:51:15,321 - handlers.checklist - INFO -    ✅ Отправлено
2026-04-02 22:53:52,732 - handlers.checklist - INFO - 📋 /checklist от пользователя 853978448
2026-04-02 22:53:52,770 - handlers.checklist - INFO -    ✅ Создан новый чек-лист (8 задач)
2026-04-02 22:53:52,975 - handlers.checklist - INFO -    ✅ Отправлено
2026-04-02 22:54:28,195 - handlers.calculator - INFO - 🧮 /calculator от пользователя 853978448
2026-04-02 23:57:51,567 - handlers.calculator - INFO - 🧮 /calculator от пользователя 813898018
2026-04-03 15:10:41,234 - aiogram.dispatcher - ERROR - Failed to fetch updates - TelegramNetworkError: HTTP Client says - Request timeout error
2026-04-03 15:10:41,248 - aiogram.dispatcher - WARNING - Sleep for 1.000000 seconds and try again... (tryings = 0, bot id = 8628225993)
2026-04-03 15:10:42,941 - aiogram.dispatcher - ERROR - Failed to fetch updates - ProxyConnectionError: [Errno 22] Couldn't connect to proxy 45.130.124.72:8000 [Сетевая папка недоступна. За информацией о разрешении проблем в сети обратитесь к справочной системе Windows]
2026-04-03 15:10:42,945 - aiogram.dispatcher - WARNING - Sleep for 1.308634 seconds and try again... (tryings = 1, bot id = 8628225993)
2026-04-03 15:10:58,328 - aiogram.dispatcher - ERROR - Failed to fetch updates - TelegramNetworkError: HTTP Client says - ServerDisconnectedError: Server disconnected
2026-04-03 15:10:58,328 - aiogram.dispatcher - WARNING - Sleep for 1.000000 seconds and try again... (tryings = 0, bot id = 8628225993)
2026-04-03 15:10:58,618 - services.database - INFO - 🔌 База данных отключена
2026-04-03 15:11:07,872 - services.database - INFO - ✅ База данных подключена (SQLite)
2026-04-03 15:11:07,872 - services.llm_service - INFO - ✅ GigaChat сервис инициализирован (с доступом к сайту ДГТУ)
2026-04-03 15:11:08,777 - utils.logger - INFO - ✅ Бот: @iivt_dgtu_bot | Прокси: 45.130.124.72:8000
2026-04-03 15:11:08,777 - utils.logger - INFO - ======================================================================
2026-04-03 15:11:08,778 - utils.logger - INFO - 🤖 ИиВТ ДГТУ Помощник — ЗАПУЩЕН
2026-04-03 15:11:08,778 - utils.logger - INFO - ======================================================================
2026-04-03 15:11:08,779 - utils.logger - INFO - ✅ База данных подключена (SQLite)
2026-04-03 15:11:08,779 - utils.logger - INFO - ✅ Кеш токенов активирован
2026-04-03 15:11:08,779 - utils.logger - INFO - ✅ Токен: 8628225993:AAEvnCL9BWCN_zDUkta...
2026-04-03 15:11:08,780 - utils.logger - INFO - 🔌 Прокси: 45.130.124.72:8000
2026-04-03 15:11:08,780 - utils.logger - INFO - ✅ Роутеры подключены
2026-04-03 15:11:08,781 - utils.logger - INFO - ✅ ИИ (GigaChat) готов
2026-04-03 15:11:08,781 - utils.logger - INFO - ✅ Кеширование включено
2026-04-03 15:11:08,781 - utils.logger - INFO - ======================================================================
2026-04-03 15:11:08,782 - utils.logger - INFO - 🚀 БОТ ЗАПУЩЕН!
2026-04-03 15:11:08,782 - utils.logger - INFO - 📱 Telegram: /start
2026-04-03 15:11:08,783 - utils.logger - INFO - 📊 Статистика: /stats
2026-04-03 15:11:08,783 - utils.logger - INFO - 📋 Чек-лист: /checklist
2026-04-03 15:11:08,784 - utils.logger - INFO - 🧮 Калькулятор: /calculator
2026-04-03 15:11:08,784 - utils.logger - INFO - ⏹️  Остановка: Ctrl + C
2026-04-03 15:11:08,784 - utils.logger - INFO - ======================================================================
2026-04-03 21:27:29,017 - aiogram.dispatcher - ERROR - Failed to fetch updates - TelegramNetworkError: HTTP Client says - Request timeout error
2026-04-03 21:27:29,019 - aiogram.dispatcher - WARNING - Sleep for 1.000000 seconds and try again... (tryings = 0, bot id = 8628225993)
2026-04-03 21:27:30,041 - aiogram.dispatcher - ERROR - Failed to fetch updates - ProxyConnectionError: [Errno 22] Couldn't connect to proxy 45.130.124.72:8000 [Сетевая папка недоступна. За информацией о разрешении проблем в сети обратитесь к справочной системе Windows]
2026-04-03 21:27:30,049 - aiogram.dispatcher - WARNING - Sleep for 1.434878 seconds and try again... (tryings = 1, bot id = 8628225993)
2026-04-03 21:27:31,507 - aiogram.dispatcher - ERROR - Failed to fetch updates - ProxyConnectionError: [Errno 22] Couldn't connect to proxy 45.130.124.72:8000 [Сетевая папка недоступна. За информацией о разрешении проблем в сети обратитесь к справочной системе Windows]
2026-04-03 21:27:31,507 - aiogram.dispatcher - WARNING - Sleep for 1.948948 seconds and try again... (tryings = 2, bot id = 8628225993)
2026-04-03 21:27:33,463 - aiogram.dispatcher - ERROR - Failed to fetch updates - ProxyConnectionError: [Errno 22] Couldn't connect to proxy 45.130.124.72:8000 [Сетевая папка недоступна. За информацией о разрешении проблем в сети обратитесь к справочной системе Windows]
2026-04-03 21:27:33,463 - aiogram.dispatcher - WARNING - Sleep for 2.623778 seconds and try again... (tryings = 3, bot id = 8628225993)
2026-04-03 21:27:57,133 - aiogram.dispatcher - ERROR - Failed to fetch updates - ProxyConnectionError: [Errno 22] Couldn't connect to proxy 45.130.124.72:8000 [Превышен таймаут семафора]
2026-04-03 21:27:57,134 - aiogram.dispatcher - WARNING - Sleep for 3.490374 seconds and try again... (tryings = 4, bot id = 8628225993)
2026-04-03 21:28:06,799 - aiogram.dispatcher - ERROR - Failed to fetch updates - TelegramNetworkError: HTTP Client says - ServerDisconnectedError: Server disconnected
2026-04-03 21:28:06,799 - aiogram.dispatcher - WARNING - Sleep for 4.374766 seconds and try again... (tryings = 5, bot id = 8628225993)
2026-04-03 21:28:07,064 - services.database - INFO - 🔌 База данных отключена
2026-04-03 21:28:11,744 - services.database - INFO - ✅ База данных подключена (SQLite)
2026-04-03 21:28:11,744 - services.llm_service - INFO - ✅ GigaChat сервис инициализирован (с доступом к сайту ДГТУ)
2026-04-03 21:28:12,655 - utils.logger - INFO - ✅ Бот: @iivt_dgtu_bot | Прокси: 45.130.124.72:8000
2026-04-03 21:28:12,656 - utils.logger - INFO - ======================================================================
2026-04-03 21:28:12,656 - utils.logger - INFO - 🤖 ИиВТ ДГТУ Помощник — ЗАПУЩЕН
2026-04-03 21:28:12,656 - utils.logger - INFO - ======================================================================
2026-04-03 21:28:12,657 - utils.logger - INFO - ✅ База данных подключена (SQLite)
2026-04-03 21:28:12,657 - utils.logger - INFO - ✅ Кеш токенов активирован
2026-04-03 21:28:12,658 - utils.logger - INFO - ✅ Токен: 8628225993:AAEvnCL9BWCN_zDUkta...
2026-04-03 21:28:12,658 - utils.logger - INFO - 🔌 Прокси: 45.130.124.72:8000
2026-04-03 21:28:12,659 - utils.logger - INFO - ✅ Роутеры подключены
2026-04-03 21:28:12,659 - utils.logger - INFO - ✅ ИИ (GigaChat) готов
2026-04-03 21:28:12,661 - utils.logger - INFO - ✅ Кеширование включено
2026-04-03 21:28:12,661 - utils.logger - INFO - ======================================================================
2026-04-03 21:28:12,661 - utils.logger - INFO - 🚀 БОТ ЗАПУЩЕН!
2026-04-03 21:28:12,661 - utils.logger - INFO - 📱 Telegram: /start
2026-04-03 21:28:12,662 - utils.logger - INFO - 📊 Статистика: /stats
2026-04-03 21:28:12,662 - utils.logger - INFO - 📋 Чек-лист: /checklist
2026-04-03 21:28:12,662 - utils.logger - INFO - 🧮 Калькулятор: /calculator
2026-04-03 21:28:12,663 - utils.logger - INFO - ⏹️  Остановка: Ctrl + C
2026-04-03 21:28:12,663 - utils.logger - INFO - ======================================================================
2026-04-03 21:38:14,248 - aiogram.dispatcher - ERROR - Failed to fetch updates - TelegramNetworkError: HTTP Client says - ServerDisconnectedError: Server disconnected
2026-04-03 21:38:14,248 - aiogram.dispatcher - WARNING - Sleep for 1.000000 seconds and try again... (tryings = 0, bot id = 8628225993)
2026-04-03 21:38:14,510 - services.database - INFO - 🔌 База данных отключена
2026-04-03 21:38:18,738 - services.database - INFO - ✅ База данных подключена (SQLite)
2026-04-03 21:38:18,739 - services.llm_service - INFO - ✅ GigaChat сервис инициализирован (с доступом к сайту ДГТУ)
2026-04-03 21:38:19,621 - utils.logger - INFO - ✅ Бот: @iivt_dgtu_bot | Прокси: 45.130.124.72:8000
2026-04-03 21:38:19,622 - utils.logger - INFO - ======================================================================
2026-04-03 21:38:19,622 - utils.logger - INFO - 🤖 ИиВТ ДГТУ Помощник — ЗАПУЩЕН
2026-04-03 21:38:19,624 - utils.logger - INFO - ======================================================================
2026-04-03 21:38:19,624 - utils.logger - INFO - ✅ База данных подключена (SQLite)
2026-04-03 21:38:19,625 - utils.logger - INFO - ✅ Кеш токенов активирован
2026-04-03 21:38:19,625 - utils.logger - INFO - ✅ Токен: 8628225993:AAEvnCL9BWCN_zDUkta...
2026-04-03 21:38:19,626 - utils.logger - INFO - 🔌 Прокси: 45.130.124.72:8000
2026-04-03 21:38:19,626 - utils.logger - INFO - ✅ Роутеры подключены
2026-04-03 21:38:19,627 - utils.logger - INFO - ✅ ИИ (GigaChat) готов
2026-04-03 21:38:19,628 - utils.logger - INFO - ✅ Кеширование включено
2026-04-03 21:38:19,630 - utils.logger - INFO - ======================================================================
2026-04-03 21:38:19,630 - utils.logger - INFO - 🚀 БОТ ЗАПУЩЕН!
2026-04-03 21:38:19,631 - utils.logger - INFO - 📱 Telegram: /start
2026-04-03 21:38:19,631 - utils.logger - INFO - 📊 Статистика: /stats
2026-04-03 21:38:19,632 - utils.logger - INFO - 📋 Чек-лист: /checklist
2026-04-03 21:38:19,632 - utils.logger - INFO - 🧮 Калькулятор: /calculator
2026-04-03 21:38:19,633 - utils.logger - INFO - ⏹️  Остановка: Ctrl + C
2026-04-03 21:38:19,633 - utils.logger - INFO - ======================================================================
2026-04-03 21:51:03,155 - aiogram.dispatcher - ERROR - Failed to fetch updates - TelegramNetworkError: HTTP Client says - ServerDisconnectedError: Server disconnected
2026-04-03 21:51:03,155 - aiogram.dispatcher - WARNING - Sleep for 1.000000 seconds and try again... (tryings = 0, bot id = 8628225993)
2026-04-03 21:51:03,418 - services.database - INFO - 🔌 База данных отключена
2026-04-03 21:51:07,030 - services.database - INFO - ✅ База данных подключена (SQLite)
2026-04-03 21:51:07,030 - services.llm_service - INFO - ✅ GigaChat сервис инициализирован (с доступом к сайту ДГТУ)
2026-04-03 21:51:07,900 - utils.logger - INFO - ✅ Бот: @iivt_dgtu_bot | Прокси: 45.130.124.72:8000
2026-04-03 21:51:07,901 - utils.logger - INFO - ======================================================================
2026-04-03 21:51:07,901 - utils.logger - INFO - 🤖 ИиВТ ДГТУ Помощник — ЗАПУЩЕН
2026-04-03 21:51:07,903 - utils.logger - INFO - ======================================================================
2026-04-03 21:51:07,903 - utils.logger - INFO - ✅ База данных подключена (SQLite)
2026-04-03 21:51:07,904 - utils.logger - INFO - ✅ Кеш токенов активирован
2026-04-03 21:51:07,904 - utils.logger - INFO - ✅ Токен: 8628225993:AAEvnCL9BWCN_zDUkta...
2026-04-03 21:51:07,905 - utils.logger - INFO - 🔌 Прокси: 45.130.124.72:8000
2026-04-03 21:51:07,905 - utils.logger - INFO - ✅ Роутеры подключены
2026-04-03 21:51:07,911 - utils.logger - INFO - ✅ ИИ (GigaChat) готов
2026-04-03 21:51:07,912 - utils.logger - INFO - ✅ Кеширование включено
2026-04-03 21:51:07,914 - utils.logger - INFO - ======================================================================
2026-04-03 21:51:07,914 - utils.logger - INFO - 🚀 БОТ ЗАПУЩЕН!
2026-04-03 21:51:07,915 - utils.logger - INFO - 📱 Telegram: /start
2026-04-03 21:51:07,915 - utils.logger - INFO - 📊 Статистика: /stats
2026-04-03 21:51:07,916 - utils.logger - INFO - 📋 Чек-лист: /checklist
2026-04-03 21:51:07,916 - utils.logger - INFO - 🧮 Калькулятор: /calculator
2026-04-03 21:51:07,917 - utils.logger - INFO - ⏹️  Остановка: Ctrl + C
2026-04-03 21:51:07,917 - utils.logger - INFO - ======================================================================
2026-04-03 22:03:49,147 - aiogram.dispatcher - ERROR - Failed to fetch updates - TelegramNetworkError: HTTP Client says - ServerDisconnectedError: Server disconnected
2026-04-03 22:03:49,147 - aiogram.dispatcher - WARNING - Sleep for 1.000000 seconds and try again... (tryings = 0, bot id = 8628225993)
2026-04-03 22:03:49,402 - services.database - INFO - 🔌 База данных отключена
2026-04-03 22:03:52,750 - services.database - INFO - ✅ База данных подключена (SQLite)
2026-04-03 22:03:52,750 - services.llm_service - INFO - ✅ GigaChat сервис инициализирован (с доступом к сайту ДГТУ)
2026-04-03 22:03:53,608 - utils.logger - INFO - ✅ Бот: @iivt_dgtu_bot | Прокси: 45.130.124.72:8000
2026-04-03 22:03:53,609 - utils.logger - INFO - ======================================================================
2026-04-03 22:03:53,610 - utils.logger - INFO - 🤖 ИиВТ ДГТУ Помощник — ЗАПУЩЕН
2026-04-03 22:03:53,612 - utils.logger - INFO - ======================================================================
2026-04-03 22:03:53,612 - utils.logger - INFO - ✅ База данных подключена (SQLite)
2026-04-03 22:03:53,613 - utils.logger - INFO - ✅ Кеш токенов активирован
2026-04-03 22:03:53,613 - utils.logger - INFO - ✅ Токен: 8628225993:AAEvnCL9BWCN_zDUkta...
2026-04-03 22:03:53,614 - utils.logger - INFO - 🔌 Прокси: 45.130.124.72:8000
2026-04-03 22:03:53,614 - utils.logger - INFO - ✅ Роутеры подключены
2026-04-03 22:03:53,615 - utils.logger - INFO - ✅ ИИ (GigaChat) готов
2026-04-03 22:03:53,615 - utils.logger - INFO - ✅ Кеширование включено
2026-04-03 22:03:53,616 - utils.logger - INFO - ======================================================================
2026-04-03 22:03:53,616 - utils.logger - INFO - 🚀 БОТ ЗАПУЩЕН!
2026-04-03 22:03:53,618 - utils.logger - INFO - 📱 Telegram: /start
2026-04-03 22:03:53,618 - utils.logger - INFO - 📊 Статистика: /stats
2026-04-03 22:03:53,619 - utils.logger - INFO - 📋 Чек-лист: /checklist
2026-04-03 22:03:53,620 - utils.logger - INFO - 🧮 Калькулятор: /calculator
2026-04-03 22:03:53,620 - utils.logger - INFO - ⏹️  Остановка: Ctrl + C
2026-04-03 22:03:53,622 - utils.logger - INFO - ======================================================================
2026-04-03 22:10:36,882 - aiogram.dispatcher - ERROR - Failed to fetch updates - TelegramNetworkError: HTTP Client says - ServerDisconnectedError: Server disconnected
2026-04-03 22:10:36,882 - aiogram.dispatcher - WARNING - Sleep for 1.000000 seconds and try again... (tryings = 0, bot id = 8628225993)
2026-04-03 22:10:37,143 - services.database - INFO - 🔌 База данных отключена
2026-04-03 22:10:40,376 - services.database - INFO - ✅ База данных подключена (SQLite)
2026-04-03 22:10:40,377 - services.llm_service - INFO - ✅ GigaChat сервис инициализирован (с доступом к сайту ДГТУ)
2026-04-03 22:10:41,251 - utils.logger - INFO - ✅ Бот: @iivt_dgtu_bot | Прокси: 45.130.124.72:8000
2026-04-03 22:10:41,252 - utils.logger - INFO - ======================================================================
2026-04-03 22:10:41,253 - utils.logger - INFO - 🤖 ИиВТ ДГТУ Помощник — ЗАПУЩЕН
2026-04-03 22:10:41,253 - utils.logger - INFO - ======================================================================
2026-04-03 22:10:41,255 - utils.logger - INFO - ✅ База данных подключена (SQLite)
2026-04-03 22:10:41,255 - utils.logger - INFO - ✅ Кеш токенов активирован
2026-04-03 22:10:41,256 - utils.logger - INFO - ✅ Токен: 8628225993:AAEvnCL9BWCN_zDUkta...
2026-04-03 22:10:41,256 - utils.logger - INFO - 🔌 Прокси: 45.130.124.72:8000
2026-04-03 22:10:41,257 - utils.logger - INFO - ✅ Роутеры подключены
2026-04-03 22:10:41,257 - utils.logger - INFO - ✅ ИИ (GigaChat) готов
2026-04-03 22:10:41,258 - utils.logger - INFO - ✅ Кеширование включено
2026-04-03 22:10:41,258 - utils.logger - INFO - ======================================================================
2026-04-03 22:10:41,259 - utils.logger - INFO - 🚀 БОТ ЗАПУЩЕН!
2026-04-03 22:10:41,259 - utils.logger - INFO - 📱 Telegram: /start
2026-04-03 22:10:41,260 - utils.logger - INFO - 📊 Статистика: /stats
2026-04-03 22:10:41,260 - utils.logger - INFO - 📋 Чек-лист: /checklist
2026-04-03 22:10:41,261 - utils.logger - INFO - 🧮 Калькулятор: /calculator
2026-04-03 22:10:41,261 - utils.logger - INFO - ⏹️  Остановка: Ctrl + C
2026-04-03 22:10:41,262 - utils.logger - INFO - ======================================================================
2026-04-04 00:02:34,137 - aiogram.dispatcher - ERROR - Failed to fetch updates - TelegramNetworkError: HTTP Client says - ServerDisconnectedError: Server disconnected
2026-04-04 00:02:34,139 - aiogram.dispatcher - WARNING - Sleep for 1.000000 seconds and try again... (tryings = 0, bot id = 8628225993)
2026-04-04 00:02:34,406 - services.database - INFO - 🔌 База данных отключена
2026-04-04 00:02:38,563 - services.database - INFO - ✅ База данных подключена (SQLite)
2026-04-04 00:02:38,563 - services.llm_service - INFO - ✅ GigaChat сервис инициализирован (с доступом к сайту ДГТУ)
2026-04-04 00:02:39,487 - utils.logger - INFO - ✅ Бот: @iivt_dgtu_bot | Прокси: 45.130.124.72:8000
2026-04-04 00:02:39,488 - utils.logger - INFO - ======================================================================
2026-04-04 00:02:39,489 - utils.logger - INFO - 🤖 ИиВТ ДГТУ Помощник — ЗАПУЩЕН
2026-04-04 00:02:39,490 - utils.logger - INFO - ======================================================================
2026-04-04 00:02:39,490 - utils.logger - INFO - ✅ База данных подключена (SQLite)
2026-04-04 00:02:39,491 - utils.logger - INFO - ✅ Кеш токенов активирован
2026-04-04 00:02:39,491 - utils.logger - INFO - ✅ Токен: 8628225993:AAEvnCL9BWCN_zDUkta...
2026-04-04 00:02:39,494 - utils.logger - INFO - 🔌 Прокси: 45.130.124.72:8000
2026-04-04 00:02:39,494 - utils.logger - INFO - ✅ Роутеры подключены
2026-04-04 00:02:39,495 - utils.logger - INFO - ✅ ИИ (GigaChat) готов
2026-04-04 00:02:39,495 - utils.logger - INFO - ✅ Кеширование включено
2026-04-04 00:02:39,496 - utils.logger - INFO - ✅ Умный поиск: /search
2026-04-04 00:02:39,496 - utils.logger - INFO - ✅ Связь с волонтёром: /quick_help
2026-04-04 00:02:39,497 - utils.logger - INFO - ✅ Тест направления: /quiz
2026-04-04 00:02:39,498 - utils.logger - INFO - ======================================================================
2026-04-04 00:02:39,500 - utils.logger - INFO - 🚀 БОТ ЗАПУЩЕН!
2026-04-04 00:02:39,500 - utils.logger - INFO - 📱 Telegram: /start
2026-04-04 00:02:39,501 - utils.logger - INFO - 📊 Статистика: /stats
2026-04-04 00:02:39,501 - utils.logger - INFO - 📋 Чек-лист: /checklist
2026-04-04 00:02:39,502 - utils.logger - INFO - 🧮 Калькулятор: /calculator
2026-04-04 00:02:39,502 - utils.logger - INFO - 🔍 Поиск: /search
2026-04-04 00:02:39,503 - utils.logger - INFO - 📞 Помощь: /quick_help
2026-04-04 00:02:39,503 - utils.logger - INFO - 🎯 Тест: /quiz
2026-04-04 00:02:39,504 - utils.logger - INFO - ⏹️  Остановка: Ctrl + C
2026-04-04 00:02:39,504 - utils.logger - INFO - ======================================================================
2026-04-04 00:13:13,537 - aiogram.dispatcher - ERROR - Failed to fetch updates - TelegramNetworkError: HTTP Client says - ServerDisconnectedError: Server disconnected
2026-04-04 00:13:13,537 - aiogram.dispatcher - WARNING - Sleep for 1.000000 seconds and try again... (tryings = 0, bot id = 8628225993)
2026-04-04 00:13:13,802 - services.database - INFO - 🔌 База данных отключена
2026-04-04 00:13:17,619 - services.database - INFO - ✅ База данных подключена (SQLite)
2026-04-04 00:13:17,619 - services.llm_service - INFO - ✅ GigaChat сервис инициализирован (с доступом к сайту ДГТУ)
2026-04-04 00:13:18,456 - utils.logger - INFO - ✅ Бот: @iivt_dgtu_bot | Прокси: 45.130.124.72:8000
2026-04-04 00:13:18,457 - utils.logger - INFO - ======================================================================
2026-04-04 00:13:18,458 - utils.logger - INFO - 🤖 ИиВТ ДГТУ Помощник — ЗАПУЩЕН
2026-04-04 00:13:18,459 - utils.logger - INFO - ======================================================================
2026-04-04 00:13:18,460 - utils.logger - INFO - ✅ База данных подключена (SQLite)
2026-04-04 00:13:18,460 - utils.logger - INFO - ✅ Кеш токенов активирован
2026-04-04 00:13:18,461 - utils.logger - INFO - ✅ Токен: 8628225993:AAEvnCL9BWCN_zDUkta...
2026-04-04 00:13:18,461 - utils.logger - INFO - 🔌 Прокси: 45.130.124.72:8000
2026-04-04 00:13:18,461 - utils.logger - INFO - ✅ Роутеры подключены
2026-04-04 00:13:18,462 - utils.logger - INFO - ✅ ИИ (GigaChat) готов
2026-04-04 00:13:18,462 - utils.logger - INFO - ✅ Кеширование включено
2026-04-04 00:13:18,466 - utils.logger - INFO - ✅ Умный поиск: /search
2026-04-04 00:13:18,466 - utils.logger - INFO - ✅ Связь с волонтёром: /quick_help
2026-04-04 00:13:18,467 - utils.logger - INFO - ✅ Тест направления: /quiz
2026-04-04 00:13:18,467 - utils.logger - INFO - ======================================================================
2026-04-04 00:13:18,468 - utils.logger - INFO - 🚀 БОТ ЗАПУЩЕН!
2026-04-04 00:13:18,469 - utils.logger - INFO - 📱 Telegram: /start
2026-04-04 00:13:18,469 - utils.logger - INFO - 📊 Статистика: /stats
2026-04-04 00:13:18,470 - utils.logger - INFO - 📋 Чек-лист: /checklist
2026-04-04 00:13:18,471 - utils.logger - INFO - 🧮 Калькулятор: /calculator
2026-04-04 00:13:18,473 - utils.logger - INFO - 🔍 Поиск: /search
2026-04-04 00:13:18,474 - utils.logger - INFO - 📞 Помощь: /quick_help
2026-04-04 00:13:18,475 - utils.logger - INFO - 🎯 Тест: /quiz
2026-04-04 00:13:18,475 - utils.logger - INFO - ⏹️  Остановка: Ctrl + C
2026-04-04 00:13:18,475 - utils.logger - INFO - ======================================================================
2026-04-04 00:35:52,232 - aiogram.dispatcher - ERROR - Failed to fetch updates - TelegramNetworkError: HTTP Client says - ServerDisconnectedError: Server disconnected
2026-04-04 00:35:52,232 - aiogram.dispatcher - WARNING - Sleep for 1.000000 seconds and try again... (tryings = 0, bot id = 8628225993)
2026-04-04 00:35:52,494 - services.database - INFO - 🔌 База данных отключена
2026-04-04 00:35:56,320 - services.database - INFO - ✅ База данных подключена (SQLite)
2026-04-04 00:35:56,320 - services.llm_service - INFO - ✅ GigaChat сервис инициализирован (с доступом к сайту ДГТУ)
2026-04-04 00:35:57,210 - utils.logger - INFO - ✅ Бот: @iivt_dgtu_bot | Прокси: 45.130.124.72:8000
2026-04-04 00:35:57,211 - utils.logger - INFO - ======================================================================
2026-04-04 00:35:57,211 - utils.logger - INFO - 🤖 ИиВТ ДГТУ Помощник — ЗАПУЩЕН
2026-04-04 00:35:57,213 - utils.logger - INFO - ======================================================================
2026-04-04 00:35:57,213 - utils.logger - INFO - ✅ База данных подключена (SQLite)
2026-04-04 00:35:57,215 - utils.logger - INFO - ✅ Кеш токенов активирован
2026-04-04 00:35:57,215 - utils.logger - INFO - ✅ Токен: 8628225993:AAEvnCL9BWCN_zDUkta...
2026-04-04 00:35:57,216 - utils.logger - INFO - 🔌 Прокси: 45.130.124.72:8000
2026-04-04 00:35:57,216 - utils.logger - INFO - ✅ Роутеры подключены
2026-04-04 00:35:57,217 - utils.logger - INFO - ✅ ИИ (GigaChat) готов
2026-04-04 00:35:57,217 - utils.logger - INFO - ✅ Кеширование включено
2026-04-04 00:35:57,218 - utils.logger - INFO - ✅ Умный поиск: /search
2026-04-04 00:35:57,218 - utils.logger - INFO - ✅ Связь с волонтёром: /quick_help
2026-04-04 00:35:57,219 - utils.logger - INFO - ✅ Тест направления: /quiz
2026-04-04 00:35:57,219 - utils.logger - INFO - ======================================================================
2026-04-04 00:35:57,220 - utils.logger - INFO - 🚀 БОТ ЗАПУЩЕН!
2026-04-04 00:35:57,224 - utils.logger - INFO - 📱 Telegram: /start
2026-04-04 00:35:57,225 - utils.logger - INFO - 📊 Статистика: /stats
2026-04-04 00:35:57,225 - utils.logger - INFO - 📋 Чек-лист: /checklist
2026-04-04 00:35:57,226 - utils.logger - INFO - 🧮 Калькулятор: /calculator
2026-04-04 00:35:57,227 - utils.logger - INFO - 🔍 Поиск: /search
2026-04-04 00:35:57,227 - utils.logger - INFO - 📞 Помощь: /quick_help
2026-04-04 00:35:57,228 - utils.logger - INFO - 🎯 Тест: /quiz
2026-04-04 00:35:57,228 - utils.logger - INFO - ⏹️  Остановка: Ctrl + C
2026-04-04 00:35:57,229 - utils.logger - INFO - ======================================================================
2026-04-04 00:49:20,273 - aiogram.dispatcher - ERROR - Failed to fetch updates - TelegramNetworkError: HTTP Client says - ServerDisconnectedError: Server disconnected
2026-04-04 00:49:20,274 - aiogram.dispatcher - WARNING - Sleep for 1.000000 seconds and try again... (tryings = 0, bot id = 8628225993)
2026-04-04 00:49:20,527 - services.database - INFO - 🔌 База данных отключена
2026-04-04 00:49:23,760 - services.database - INFO - ✅ База данных подключена (SQLite)
2026-04-04 00:49:23,760 - services.llm_service - INFO - ✅ GigaChat сервис инициализирован (с доступом к сайту ДГТУ)
2026-04-04 00:49:24,629 - utils.logger - INFO - ✅ Бот: @iivt_dgtu_bot | Прокси: 45.130.124.72:8000
2026-04-04 00:49:24,629 - utils.logger - INFO - ======================================================================
2026-04-04 00:49:24,630 - utils.logger - INFO - 🤖 ИиВТ ДГТУ Помощник — ЗАПУЩЕН
2026-04-04 00:49:24,632 - utils.logger - INFO - ======================================================================
2026-04-04 00:49:24,632 - utils.logger - INFO - ✅ База данных подключена (SQLite)
2026-04-04 00:49:24,632 - utils.logger - INFO - ✅ Кеш токенов активирован
2026-04-04 00:49:24,635 - utils.logger - INFO - ✅ Токен: 8628225993:AAEvnCL9BWCN_zDUkta...
2026-04-04 00:49:24,636 - utils.logger - INFO - 🔌 Прокси: 45.130.124.72:8000
2026-04-04 00:49:24,637 - utils.logger - INFO - ✅ Роутеры подключены
2026-04-04 00:49:24,637 - utils.logger - INFO - ✅ ИИ (GigaChat) готов
2026-04-04 00:49:24,638 - utils.logger - INFO - ✅ Кеширование включено
2026-04-04 00:49:24,638 - utils.logger - INFO - ✅ Умный поиск: /search
2026-04-04 00:49:24,638 - utils.logger - INFO - ✅ Связь с волонтёром: /quick_help
2026-04-04 00:49:24,639 - utils.logger - INFO - ✅ Тест направления: /quiz
2026-04-04 00:49:24,640 - utils.logger - INFO - ======================================================================
2026-04-04 00:49:24,641 - utils.logger - INFO - 🚀 БОТ ЗАПУЩЕН!
2026-04-04 00:49:24,641 - utils.logger - INFO - 📱 Telegram: /start
2026-04-04 00:49:24,642 - utils.logger - INFO - 📊 Статистика: /stats
2026-04-04 00:49:24,644 - utils.logger - INFO - 📋 Чек-лист: /checklist
2026-04-04 00:49:24,644 - utils.logger - INFO - 🧮 Калькулятор: /calculator
2026-04-04 00:49:24,645 - utils.logger - INFO - 🔍 Поиск: /search
2026-04-04 00:49:24,646 - utils.logger - INFO - 📞 Помощь: /quick_help
2026-04-04 00:49:24,646 - utils.logger - INFO - 🎯 Тест: /quiz
2026-04-04 00:49:24,647 - utils.logger - INFO - ⏹️  Остановка: Ctrl + C
2026-04-04 00:49:24,648 - utils.logger - INFO - ======================================================================
2026-04-04 01:24:03,286 - aiogram.dispatcher - ERROR - Failed to fetch updates - TelegramNetworkError: HTTP Client says - ServerDisconnectedError: Server disconnected
2026-04-04 01:24:03,287 - aiogram.dispatcher - WARNING - Sleep for 1.000000 seconds and try again... (tryings = 0, bot id = 8628225993)
2026-04-04 01:24:03,555 - services.database - INFO - 🔌 База данных отключена
2026-04-04 01:24:06,994 - services.database - INFO - ✅ База данных подключена (SQLite)
2026-04-04 01:24:06,994 - services.llm_service - INFO - ✅ GigaChat сервис инициализирован (с доступом к сайту ДГТУ)
2026-04-04 01:24:07,876 - utils.logger - INFO - ✅ Бот: @iivt_dgtu_bot | Прокси: 45.130.124.72:8000
2026-04-04 01:24:07,877 - utils.logger - INFO - ======================================================================
2026-04-04 01:24:07,878 - utils.logger - INFO - 🤖 ИиВТ ДГТУ Помощник — ЗАПУЩЕН
2026-04-04 01:24:07,879 - utils.logger - INFO - ======================================================================
2026-04-04 01:24:07,880 - utils.logger - INFO - ✅ База данных подключена (SQLite)
2026-04-04 01:24:07,880 - utils.logger - INFO - ✅ Кеш токенов активирован
2026-04-04 01:24:07,881 - utils.logger - INFO - ✅ Токен: 8628225993:AAEvnCL9BWCN_zDUkta...
2026-04-04 01:24:07,881 - utils.logger - INFO - 🔌 Прокси: 45.130.124.72:8000
2026-04-04 01:24:07,883 - utils.logger - INFO - ✅ Роутеры подключены
2026-04-04 01:24:07,883 - utils.logger - INFO - ✅ ИИ (GigaChat) готов
2026-04-04 01:24:07,884 - utils.logger - INFO - ✅ Кеширование включено
2026-04-04 01:24:07,884 - utils.logger - INFO - ✅ Умный поиск: /search
2026-04-04 01:24:07,885 - utils.logger - INFO - ✅ Связь с волонтёром: /quick_help
2026-04-04 01:24:07,885 - utils.logger - INFO - ✅ Тест направления: /quiz
2026-04-04 01:24:07,886 - utils.logger - INFO - ======================================================================
2026-04-04 01:24:07,886 - utils.logger - INFO - 🚀 БОТ ЗАПУЩЕН!
2026-04-04 01:24:07,887 - utils.logger - INFO - 📱 Telegram: /start
2026-04-04 01:24:07,888 - utils.logger - INFO - 📊 Статистика: /stats
2026-04-04 01:24:07,888 - utils.logger - INFO - 📋 Чек-лист: /checklist
2026-04-04 01:24:07,888 - utils.logger - INFO - 🧮 Калькулятор: /calculator
2026-04-04 01:24:07,889 - utils.logger - INFO - 🔍 Поиск: /search
2026-04-04 01:24:07,889 - utils.logger - INFO - 📞 Помощь: /quick_help
2026-04-04 01:24:07,890 - utils.logger - INFO - 🎯 Тест: /quiz
2026-04-04 01:24:07,890 - utils.logger - INFO - ⏹️  Остановка: Ctrl + C
2026-04-04 01:24:07,891 - utils.logger - INFO - ======================================================================
2026-04-04 01:32:13,839 - aiogram.dispatcher - ERROR - Failed to fetch updates - TelegramNetworkError: HTTP Client says - ServerDisconnectedError: Server disconnected
2026-04-04 01:32:13,839 - aiogram.dispatcher - WARNING - Sleep for 1.000000 seconds and try again... (tryings = 0, bot id = 8628225993)
2026-04-04 01:32:14,097 - services.database - INFO - 🔌 База данных отключена
2026-04-04 01:32:32,518 - services.database - INFO - ✅ База данных подключена (SQLite)
2026-04-04 01:32:32,518 - services.llm_service - INFO - ✅ GigaChat сервис инициализирован (с доступом к сайту ДГТУ)
2026-04-04 01:32:33,365 - utils.logger - INFO - ✅ Бот: @iivt_dgtu_bot | Прокси: 45.130.124.72:8000
2026-04-04 01:32:33,366 - utils.logger - INFO - ======================================================================
2026-04-04 01:32:33,367 - utils.logger - INFO - 🤖 ИиВТ ДГТУ Помощник — ЗАПУЩЕН
2026-04-04 01:32:33,371 - utils.logger - INFO - ======================================================================
2026-04-04 01:32:33,372 - utils.logger - INFO - ✅ База данных подключена (SQLite)
2026-04-04 01:32:33,376 - utils.logger - INFO - ✅ Кеш токенов активирован
2026-04-04 01:32:33,378 - utils.logger - INFO - ✅ Токен: 8628225993:AAEvnCL9BWCN_zDUkta...
2026-04-04 01:32:33,382 - utils.logger - INFO - 🔌 Прокси: 45.130.124.72:8000
2026-04-04 01:32:33,389 - utils.logger - INFO - ✅ Роутеры подключены
2026-04-04 01:32:33,393 - utils.logger - INFO - ✅ ИИ (GigaChat) готов
2026-04-04 01:32:33,395 - utils.logger - INFO - ✅ Кеширование включено
2026-04-04 01:32:33,396 - utils.logger - INFO - ✅ Умный поиск: /search
2026-04-04 01:32:33,398 - utils.logger - INFO - ✅ Связь с волонтёром: /quick_help
2026-04-04 01:32:33,398 - utils.logger - INFO - ✅ Тест направления: /quiz
2026-04-04 01:32:33,399 - utils.logger - INFO - ======================================================================
2026-04-04 01:32:33,399 - utils.logger - INFO - 🚀 БОТ ЗАПУЩЕН!
2026-04-04 01:32:33,400 - utils.logger - INFO - 📱 Telegram: /start
2026-04-04 01:32:33,407 - utils.logger - INFO - 📊 Статистика: /stats
2026-04-04 01:32:33,410 - utils.logger - INFO - 📋 Чек-лист: /checklist
2026-04-04 01:32:33,414 - utils.logger - INFO - 🧮 Калькулятор: /calculator
2026-04-04 01:32:33,422 - utils.logger - INFO - 🔍 Поиск: /search
2026-04-04 01:32:33,425 - utils.logger - INFO - 📞 Помощь: /quick_help
2026-04-04 01:32:33,425 - utils.logger - INFO - 🎯 Тест: /quiz
2026-04-04 01:32:33,426 - utils.logger - INFO - ⏹️  Остановка: Ctrl + C
2026-04-04 01:32:33,434 - utils.logger - INFO - ======================================================================
2026-04-04 01:37:15,853 - aiogram.event - ERROR - Cause exception while process update id=370414489 by bot id=8628225993
AttributeError: 'int' object has no attribute 'get'
Traceback (most recent call last):
  File "C:\Users\Руслан\AppData\Local\Programs\Python\Python312\Lib\site-packages\aiogram\dispatcher\dispatcher.py", line 320, in _process_update
    response = await self.feed_update(bot, update, **kwargs)
               ^^^^^^^^^^^^^^^^^^^^^^^^^^^^^^^^^^^^^^^^^^^^^
  File "C:\Users\Руслан\AppData\Local\Programs\Python\Python312\Lib\site-packages\aiogram\dispatcher\dispatcher.py", line 164, in feed_update
    response = await self.update.wrap_outer_middleware(
               ^^^^^^^^^^^^^^^^^^^^^^^^^^^^^^^^^^^^^^^^
  File "C:\Users\Руслан\AppData\Local\Programs\Python\Python312\Lib\site-packages\aiogram\dispatcher\middlewares\error.py", line 27, in __call__
    return await handler(event, data)
           ^^^^^^^^^^^^^^^^^^^^^^^^^^
  File "C:\Users\Руслан\AppData\Local\Programs\Python\Python312\Lib\site-packages\aiogram\dispatcher\middlewares\user_context.py", line 58, in __call__
    return await handler(event, data)
           ^^^^^^^^^^^^^^^^^^^^^^^^^^
  File "C:\Users\Руслан\AppData\Local\Programs\Python\Python312\Lib\site-packages\aiogram\fsm\middleware.py", line 43, in __call__
    return await handler(event, data)
           ^^^^^^^^^^^^^^^^^^^^^^^^^^
  File "C:\Users\Руслан\AppData\Local\Programs\Python\Python312\Lib\site-packages\aiogram\dispatcher\event\telegram.py", line 126, in trigger
    return await wrapped_inner(event, kwargs)
           ^^^^^^^^^^^^^^^^^^^^^^^^^^^^^^^^^^
  File "C:\Users\Руслан\AppData\Local\Programs\Python\Python312\Lib\site-packages\aiogram\dispatcher\event\handler.py", line 71, in call
    return await wrapped()
           ^^^^^^^^^^^^^^^
  File "C:\Users\Руслан\AppData\Local\Programs\Python\Python312\Lib\site-packages\aiogram\dispatcher\dispatcher.py", line 283, in _listen_update
    return await self.propagate_event(update_type=update_type, event=event, **kwargs)
           ^^^^^^^^^^^^^^^^^^^^^^^^^^^^^^^^^^^^^^^^^^^^^^^^^^^^^^^^^^^^^^^^^^^^^^^^^^
  File "C:\Users\Руслан\AppData\Local\Programs\Python\Python312\Lib\site-packages\aiogram\dispatcher\router.py", line 161, in propagate_event
    return await observer.wrap_outer_middleware(_wrapped, event=event, data=kwargs)
           ^^^^^^^^^^^^^^^^^^^^^^^^^^^^^^^^^^^^^^^^^^^^^^^^^^^^^^^^^^^^^^^^^^^^^^^^
  File "C:\Users\Руслан\AppData\Local\Programs\Python\Python312\Lib\site-packages\aiogram\dispatcher\router.py", line 153, in _wrapped
    return await self._propagate_event(
           ^^^^^^^^^^^^^^^^^^^^^^^^^^^^
  File "C:\Users\Руслан\AppData\Local\Programs\Python\Python312\Lib\site-packages\aiogram\dispatcher\router.py", line 189, in _propagate_event
    response = await router.propagate_event(update_type=update_type, event=event, **kwargs)
               ^^^^^^^^^^^^^^^^^^^^^^^^^^^^^^^^^^^^^^^^^^^^^^^^^^^^^^^^^^^^^^^^^^^^^^^^^^^^
  File "C:\Users\Руслан\AppData\Local\Programs\Python\Python312\Lib\site-packages\aiogram\dispatcher\router.py", line 161, in propagate_event
    return await observer.wrap_outer_middleware(_wrapped, event=event, data=kwargs)
           ^^^^^^^^^^^^^^^^^^^^^^^^^^^^^^^^^^^^^^^^^^^^^^^^^^^^^^^^^^^^^^^^^^^^^^^^
  File "C:\Users\Руслан\AppData\Local\Programs\Python\Python312\Lib\site-packages\aiogram\dispatcher\router.py", line 153, in _wrapped
    return await self._propagate_event(
           ^^^^^^^^^^^^^^^^^^^^^^^^^^^^
  File "C:\Users\Руслан\AppData\Local\Programs\Python\Python312\Lib\site-packages\aiogram\dispatcher\router.py", line 181, in _propagate_event
    response = await observer.trigger(event, **kwargs)
               ^^^^^^^^^^^^^^^^^^^^^^^^^^^^^^^^^^^^^^^
  File "C:\Users\Руслан\AppData\Local\Programs\Python\Python312\Lib\site-packages\aiogram\dispatcher\event\telegram.py", line 126, in trigger
    return await wrapped_inner(event, kwargs)
           ^^^^^^^^^^^^^^^^^^^^^^^^^^^^^^^^^^
  File "C:\Users\Руслан\AppData\Local\Programs\Python\Python312\Lib\site-packages\aiogram\dispatcher\event\handler.py", line 71, in call
    return await wrapped()
           ^^^^^^^^^^^^^^^
  File "C:\Users\Руслан\OneDrive\Рабочий стол\DGTU_Bot\handlers\faq_handler.py", line 769, in handle_text
    if user_id in user_last_message and user_last_message[user_id].get("mode") == "waiting_volunteer":
                                        ^^^^^^^^^^^^^^^^^^^^^^^^^^^^^^
AttributeError: 'int' object has no attribute 'get'
2026-04-04 01:37:19,950 - aiogram.event - ERROR - Cause exception while process update id=370414490 by bot id=8628225993
AttributeError: 'int' object has no attribute 'get'
Traceback (most recent call last):
  File "C:\Users\Руслан\AppData\Local\Programs\Python\Python312\Lib\site-packages\aiogram\dispatcher\dispatcher.py", line 320, in _process_update
    response = await self.feed_update(bot, update, **kwargs)
               ^^^^^^^^^^^^^^^^^^^^^^^^^^^^^^^^^^^^^^^^^^^^^
  File "C:\Users\Руслан\AppData\Local\Programs\Python\Python312\Lib\site-packages\aiogram\dispatcher\dispatcher.py", line 164, in feed_update
    response = await self.update.wrap_outer_middleware(
               ^^^^^^^^^^^^^^^^^^^^^^^^^^^^^^^^^^^^^^^^
  File "C:\Users\Руслан\AppData\Local\Programs\Python\Python312\Lib\site-packages\aiogram\dispatcher\middlewares\error.py", line 27, in __call__
    return await handler(event, data)
           ^^^^^^^^^^^^^^^^^^^^^^^^^^
  File "C:\Users\Руслан\AppData\Local\Programs\Python\Python312\Lib\site-packages\aiogram\dispatcher\middlewares\user_context.py", line 58, in __call__
    return await handler(event, data)
           ^^^^^^^^^^^^^^^^^^^^^^^^^^
  File "C:\Users\Руслан\AppData\Local\Programs\Python\Python312\Lib\site-packages\aiogram\fsm\middleware.py", line 43, in __call__
    return await handler(event, data)
           ^^^^^^^^^^^^^^^^^^^^^^^^^^
  File "C:\Users\Руслан\AppData\Local\Programs\Python\Python312\Lib\site-packages\aiogram\dispatcher\event\telegram.py", line 126, in trigger
    return await wrapped_inner(event, kwargs)
           ^^^^^^^^^^^^^^^^^^^^^^^^^^^^^^^^^^
  File "C:\Users\Руслан\AppData\Local\Programs\Python\Python312\Lib\site-packages\aiogram\dispatcher\event\handler.py", line 71, in call
    return await wrapped()
           ^^^^^^^^^^^^^^^
  File "C:\Users\Руслан\AppData\Local\Programs\Python\Python312\Lib\site-packages\aiogram\dispatcher\dispatcher.py", line 283, in _listen_update
    return await self.propagate_event(update_type=update_type, event=event, **kwargs)
           ^^^^^^^^^^^^^^^^^^^^^^^^^^^^^^^^^^^^^^^^^^^^^^^^^^^^^^^^^^^^^^^^^^^^^^^^^^
  File "C:\Users\Руслан\AppData\Local\Programs\Python\Python312\Lib\site-packages\aiogram\dispatcher\router.py", line 161, in propagate_event
    return await observer.wrap_outer_middleware(_wrapped, event=event, data=kwargs)
           ^^^^^^^^^^^^^^^^^^^^^^^^^^^^^^^^^^^^^^^^^^^^^^^^^^^^^^^^^^^^^^^^^^^^^^^^
  File "C:\Users\Руслан\AppData\Local\Programs\Python\Python312\Lib\site-packages\aiogram\dispatcher\router.py", line 153, in _wrapped
    return await self._propagate_event(
           ^^^^^^^^^^^^^^^^^^^^^^^^^^^^
  File "C:\Users\Руслан\AppData\Local\Programs\Python\Python312\Lib\site-packages\aiogram\dispatcher\router.py", line 189, in _propagate_event
    response = await router.propagate_event(update_type=update_type, event=event, **kwargs)
               ^^^^^^^^^^^^^^^^^^^^^^^^^^^^^^^^^^^^^^^^^^^^^^^^^^^^^^^^^^^^^^^^^^^^^^^^^^^^
  File "C:\Users\Руслан\AppData\Local\Programs\Python\Python312\Lib\site-packages\aiogram\dispatcher\router.py", line 161, in propagate_event
    return await observer.wrap_outer_middleware(_wrapped, event=event, data=kwargs)
           ^^^^^^^^^^^^^^^^^^^^^^^^^^^^^^^^^^^^^^^^^^^^^^^^^^^^^^^^^^^^^^^^^^^^^^^^
  File "C:\Users\Руслан\AppData\Local\Programs\Python\Python312\Lib\site-packages\aiogram\dispatcher\router.py", line 153, in _wrapped
    return await self._propagate_event(
           ^^^^^^^^^^^^^^^^^^^^^^^^^^^^
  File "C:\Users\Руслан\AppData\Local\Programs\Python\Python312\Lib\site-packages\aiogram\dispatcher\router.py", line 181, in _propagate_event
    response = await observer.trigger(event, **kwargs)
               ^^^^^^^^^^^^^^^^^^^^^^^^^^^^^^^^^^^^^^^
  File "C:\Users\Руслан\AppData\Local\Programs\Python\Python312\Lib\site-packages\aiogram\dispatcher\event\telegram.py", line 126, in trigger
    return await wrapped_inner(event, kwargs)
           ^^^^^^^^^^^^^^^^^^^^^^^^^^^^^^^^^^
  File "C:\Users\Руслан\AppData\Local\Programs\Python\Python312\Lib\site-packages\aiogram\dispatcher\event\handler.py", line 71, in call
    return await wrapped()
           ^^^^^^^^^^^^^^^
  File "C:\Users\Руслан\OneDrive\Рабочий стол\DGTU_Bot\handlers\faq_handler.py", line 769, in handle_text
    if user_id in user_last_message and user_last_message[user_id].get("mode") == "waiting_volunteer":
                                        ^^^^^^^^^^^^^^^^^^^^^^^^^^^^^^
AttributeError: 'int' object has no attribute 'get'
2026-04-04 01:37:24,347 - aiogram.event - ERROR - Cause exception while process update id=370414491 by bot id=8628225993
AttributeError: 'int' object has no attribute 'get'
Traceback (most recent call last):
  File "C:\Users\Руслан\AppData\Local\Programs\Python\Python312\Lib\site-packages\aiogram\dispatcher\dispatcher.py", line 320, in _process_update
    response = await self.feed_update(bot, update, **kwargs)
               ^^^^^^^^^^^^^^^^^^^^^^^^^^^^^^^^^^^^^^^^^^^^^
  File "C:\Users\Руслан\AppData\Local\Programs\Python\Python312\Lib\site-packages\aiogram\dispatcher\dispatcher.py", line 164, in feed_update
    response = await self.update.wrap_outer_middleware(
               ^^^^^^^^^^^^^^^^^^^^^^^^^^^^^^^^^^^^^^^^
  File "C:\Users\Руслан\AppData\Local\Programs\Python\Python312\Lib\site-packages\aiogram\dispatcher\middlewares\error.py", line 27, in __call__
    return await handler(event, data)
           ^^^^^^^^^^^^^^^^^^^^^^^^^^
  File "C:\Users\Руслан\AppData\Local\Programs\Python\Python312\Lib\site-packages\aiogram\dispatcher\middlewares\user_context.py", line 58, in __call__
    return await handler(event, data)
           ^^^^^^^^^^^^^^^^^^^^^^^^^^
  File "C:\Users\Руслан\AppData\Local\Programs\Python\Python312\Lib\site-packages\aiogram\fsm\middleware.py", line 43, in __call__
    return await handler(event, data)
           ^^^^^^^^^^^^^^^^^^^^^^^^^^
  File "C:\Users\Руслан\AppData\Local\Programs\Python\Python312\Lib\site-packages\aiogram\dispatcher\event\telegram.py", line 126, in trigger
    return await wrapped_inner(event, kwargs)
           ^^^^^^^^^^^^^^^^^^^^^^^^^^^^^^^^^^
  File "C:\Users\Руслан\AppData\Local\Programs\Python\Python312\Lib\site-packages\aiogram\dispatcher\event\handler.py", line 71, in call
    return await wrapped()
           ^^^^^^^^^^^^^^^
  File "C:\Users\Руслан\AppData\Local\Programs\Python\Python312\Lib\site-packages\aiogram\dispatcher\dispatcher.py", line 283, in _listen_update
    return await self.propagate_event(update_type=update_type, event=event, **kwargs)
           ^^^^^^^^^^^^^^^^^^^^^^^^^^^^^^^^^^^^^^^^^^^^^^^^^^^^^^^^^^^^^^^^^^^^^^^^^^
  File "C:\Users\Руслан\AppData\Local\Programs\Python\Python312\Lib\site-packages\aiogram\dispatcher\router.py", line 161, in propagate_event
    return await observer.wrap_outer_middleware(_wrapped, event=event, data=kwargs)
           ^^^^^^^^^^^^^^^^^^^^^^^^^^^^^^^^^^^^^^^^^^^^^^^^^^^^^^^^^^^^^^^^^^^^^^^^
  File "C:\Users\Руслан\AppData\Local\Programs\Python\Python312\Lib\site-packages\aiogram\dispatcher\router.py", line 153, in _wrapped
    return await self._propagate_event(
           ^^^^^^^^^^^^^^^^^^^^^^^^^^^^
  File "C:\Users\Руслан\AppData\Local\Programs\Python\Python312\Lib\site-packages\aiogram\dispatcher\router.py", line 189, in _propagate_event
    response = await router.propagate_event(update_type=update_type, event=event, **kwargs)
               ^^^^^^^^^^^^^^^^^^^^^^^^^^^^^^^^^^^^^^^^^^^^^^^^^^^^^^^^^^^^^^^^^^^^^^^^^^^^
  File "C:\Users\Руслан\AppData\Local\Programs\Python\Python312\Lib\site-packages\aiogram\dispatcher\router.py", line 161, in propagate_event
    return await observer.wrap_outer_middleware(_wrapped, event=event, data=kwargs)
           ^^^^^^^^^^^^^^^^^^^^^^^^^^^^^^^^^^^^^^^^^^^^^^^^^^^^^^^^^^^^^^^^^^^^^^^^
  File "C:\Users\Руслан\AppData\Local\Programs\Python\Python312\Lib\site-packages\aiogram\dispatcher\router.py", line 153, in _wrapped
    return await self._propagate_event(
           ^^^^^^^^^^^^^^^^^^^^^^^^^^^^
  File "C:\Users\Руслан\AppData\Local\Programs\Python\Python312\Lib\site-packages\aiogram\dispatcher\router.py", line 181, in _propagate_event
    response = await observer.trigger(event, **kwargs)
               ^^^^^^^^^^^^^^^^^^^^^^^^^^^^^^^^^^^^^^^
  File "C:\Users\Руслан\AppData\Local\Programs\Python\Python312\Lib\site-packages\aiogram\dispatcher\event\telegram.py", line 126, in trigger
    return await wrapped_inner(event, kwargs)
           ^^^^^^^^^^^^^^^^^^^^^^^^^^^^^^^^^^
  File "C:\Users\Руслан\AppData\Local\Programs\Python\Python312\Lib\site-packages\aiogram\dispatcher\event\handler.py", line 71, in call
    return await wrapped()
           ^^^^^^^^^^^^^^^
  File "C:\Users\Руслан\OneDrive\Рабочий стол\DGTU_Bot\handlers\faq_handler.py", line 769, in handle_text
    if user_id in user_last_message and user_last_message[user_id].get("mode") == "waiting_volunteer":
                                        ^^^^^^^^^^^^^^^^^^^^^^^^^^^^^^
AttributeError: 'int' object has no attribute 'get'
2026-04-04 01:37:31,501 - aiogram.event - ERROR - Cause exception while process update id=370414492 by bot id=8628225993
AttributeError: 'int' object has no attribute 'get'
Traceback (most recent call last):
  File "C:\Users\Руслан\AppData\Local\Programs\Python\Python312\Lib\site-packages\aiogram\dispatcher\dispatcher.py", line 320, in _process_update
    response = await self.feed_update(bot, update, **kwargs)
               ^^^^^^^^^^^^^^^^^^^^^^^^^^^^^^^^^^^^^^^^^^^^^
  File "C:\Users\Руслан\AppData\Local\Programs\Python\Python312\Lib\site-packages\aiogram\dispatcher\dispatcher.py", line 164, in feed_update
    response = await self.update.wrap_outer_middleware(
               ^^^^^^^^^^^^^^^^^^^^^^^^^^^^^^^^^^^^^^^^
  File "C:\Users\Руслан\AppData\Local\Programs\Python\Python312\Lib\site-packages\aiogram\dispatcher\middlewares\error.py", line 27, in __call__
    return await handler(event, data)
           ^^^^^^^^^^^^^^^^^^^^^^^^^^
  File "C:\Users\Руслан\AppData\Local\Programs\Python\Python312\Lib\site-packages\aiogram\dispatcher\middlewares\user_context.py", line 58, in __call__
    return await handler(event, data)
           ^^^^^^^^^^^^^^^^^^^^^^^^^^
  File "C:\Users\Руслан\AppData\Local\Programs\Python\Python312\Lib\site-packages\aiogram\fsm\middleware.py", line 43, in __call__
    return await handler(event, data)
           ^^^^^^^^^^^^^^^^^^^^^^^^^^
  File "C:\Users\Руслан\AppData\Local\Programs\Python\Python312\Lib\site-packages\aiogram\dispatcher\event\telegram.py", line 126, in trigger
    return await wrapped_inner(event, kwargs)
           ^^^^^^^^^^^^^^^^^^^^^^^^^^^^^^^^^^
  File "C:\Users\Руслан\AppData\Local\Programs\Python\Python312\Lib\site-packages\aiogram\dispatcher\event\handler.py", line 71, in call
    return await wrapped()
           ^^^^^^^^^^^^^^^
  File "C:\Users\Руслан\AppData\Local\Programs\Python\Python312\Lib\site-packages\aiogram\dispatcher\dispatcher.py", line 283, in _listen_update
    return await self.propagate_event(update_type=update_type, event=event, **kwargs)
           ^^^^^^^^^^^^^^^^^^^^^^^^^^^^^^^^^^^^^^^^^^^^^^^^^^^^^^^^^^^^^^^^^^^^^^^^^^
  File "C:\Users\Руслан\AppData\Local\Programs\Python\Python312\Lib\site-packages\aiogram\dispatcher\router.py", line 161, in propagate_event
    return await observer.wrap_outer_middleware(_wrapped, event=event, data=kwargs)
           ^^^^^^^^^^^^^^^^^^^^^^^^^^^^^^^^^^^^^^^^^^^^^^^^^^^^^^^^^^^^^^^^^^^^^^^^
  File "C:\Users\Руслан\AppData\Local\Programs\Python\Python312\Lib\site-packages\aiogram\dispatcher\router.py", line 153, in _wrapped
    return await self._propagate_event(
           ^^^^^^^^^^^^^^^^^^^^^^^^^^^^
  File "C:\Users\Руслан\AppData\Local\Programs\Python\Python312\Lib\site-packages\aiogram\dispatcher\router.py", line 189, in _propagate_event
    response = await router.propagate_event(update_type=update_type, event=event, **kwargs)
               ^^^^^^^^^^^^^^^^^^^^^^^^^^^^^^^^^^^^^^^^^^^^^^^^^^^^^^^^^^^^^^^^^^^^^^^^^^^^
  File "C:\Users\Руслан\AppData\Local\Programs\Python\Python312\Lib\site-packages\aiogram\dispatcher\router.py", line 161, in propagate_event
    return await observer.wrap_outer_middleware(_wrapped, event=event, data=kwargs)
           ^^^^^^^^^^^^^^^^^^^^^^^^^^^^^^^^^^^^^^^^^^^^^^^^^^^^^^^^^^^^^^^^^^^^^^^^
  File "C:\Users\Руслан\AppData\Local\Programs\Python\Python312\Lib\site-packages\aiogram\dispatcher\router.py", line 153, in _wrapped
    return await self._propagate_event(
           ^^^^^^^^^^^^^^^^^^^^^^^^^^^^
  File "C:\Users\Руслан\AppData\Local\Programs\Python\Python312\Lib\site-packages\aiogram\dispatcher\router.py", line 181, in _propagate_event
    response = await observer.trigger(event, **kwargs)
               ^^^^^^^^^^^^^^^^^^^^^^^^^^^^^^^^^^^^^^^
  File "C:\Users\Руслан\AppData\Local\Programs\Python\Python312\Lib\site-packages\aiogram\dispatcher\event\telegram.py", line 126, in trigger
    return await wrapped_inner(event, kwargs)
           ^^^^^^^^^^^^^^^^^^^^^^^^^^^^^^^^^^
  File "C:\Users\Руслан\AppData\Local\Programs\Python\Python312\Lib\site-packages\aiogram\dispatcher\event\handler.py", line 71, in call
    return await wrapped()
           ^^^^^^^^^^^^^^^
  File "C:\Users\Руслан\OneDrive\Рабочий стол\DGTU_Bot\handlers\faq_handler.py", line 769, in handle_text
    if user_id in user_last_message and user_last_message[user_id].get("mode") == "waiting_volunteer":
                                        ^^^^^^^^^^^^^^^^^^^^^^^^^^^^^^
AttributeError: 'int' object has no attribute 'get'
2026-04-04 11:34:27,743 - aiogram.dispatcher - ERROR - Failed to fetch updates - TelegramNetworkError: HTTP Client says - Request timeout error
2026-04-04 11:34:27,747 - aiogram.dispatcher - WARNING - Sleep for 1.000000 seconds and try again... (tryings = 0, bot id = 8628225993)
2026-04-04 11:34:29,053 - aiogram.dispatcher - ERROR - Failed to fetch updates - ProxyConnectionError: [Errno 22] Couldn't connect to proxy 45.130.124.72:8000 [Сетевая папка недоступна. За информацией о разрешении проблем в сети обратитесь к справочной системе Windows]
2026-04-04 11:34:29,053 - aiogram.dispatcher - WARNING - Sleep for 1.107729 seconds and try again... (tryings = 1, bot id = 8628225993)
2026-04-04 11:34:30,212 - aiogram.dispatcher - ERROR - Failed to fetch updates - ProxyConnectionError: [Errno 22] Couldn't connect to proxy 45.130.124.72:8000 [Сетевая папка недоступна. За информацией о разрешении проблем в сети обратитесь к справочной системе Windows]
2026-04-04 11:34:30,212 - aiogram.dispatcher - WARNING - Sleep for 1.521859 seconds and try again... (tryings = 2, bot id = 8628225993)
2026-04-04 11:35:59,236 - aiogram.dispatcher - ERROR - Failed to fetch updates - TelegramNetworkError: HTTP Client says - ServerDisconnectedError: Server disconnected
2026-04-04 11:35:59,236 - aiogram.dispatcher - WARNING - Sleep for 1.000000 seconds and try again... (tryings = 0, bot id = 8628225993)
2026-04-04 11:35:59,489 - services.database - INFO - 🔌 База данных отключена
2026-04-04 11:36:19,380 - services.database - INFO - ✅ База данных подключена (SQLite)
2026-04-04 11:36:19,380 - services.llm_service - INFO - ✅ GigaChat сервис инициализирован (с доступом к сайту ДГТУ)
2026-04-04 11:36:20,236 - utils.logger - INFO - ✅ Бот: @iivt_dgtu_bot | Прокси: 45.130.124.72:8000
2026-04-04 11:36:20,237 - utils.logger - INFO - ======================================================================
2026-04-04 11:36:20,237 - utils.logger - INFO - 🤖 ИиВТ ДГТУ Помощник — ЗАПУЩЕН
2026-04-04 11:36:20,237 - utils.logger - INFO - ======================================================================
2026-04-04 11:36:20,237 - utils.logger - INFO - ✅ База данных подключена (SQLite)
2026-04-04 11:36:20,237 - utils.logger - INFO - ✅ Кеш токенов активирован
2026-04-04 11:36:20,237 - utils.logger - INFO - ✅ Токен: 8628225993:AAEvnCL9BWCN_zDUkta...
2026-04-04 11:36:20,237 - utils.logger - INFO - 🔌 Прокси: 45.130.124.72:8000
2026-04-04 11:36:20,237 - utils.logger - INFO - ✅ Роутеры подключены
2026-04-04 11:36:20,237 - utils.logger - INFO - ✅ ИИ (GigaChat) готов
2026-04-04 11:36:20,237 - utils.logger - INFO - ✅ Кеширование включено
2026-04-04 11:36:20,237 - utils.logger - INFO - ✅ Умный поиск: /search
2026-04-04 11:36:20,237 - utils.logger - INFO - ✅ Связь с волонтёром: /quick_help
2026-04-04 11:36:20,238 - utils.logger - INFO - ✅ Тест направления: /quiz
2026-04-04 11:36:20,238 - utils.logger - INFO - ======================================================================
2026-04-04 11:36:20,238 - utils.logger - INFO - 🚀 БОТ ЗАПУЩЕН!
2026-04-04 11:36:20,238 - utils.logger - INFO - 📱 Telegram: /start
2026-04-04 11:36:20,238 - utils.logger - INFO - 📊 Статистика: /stats
2026-04-04 11:36:20,238 - utils.logger - INFO - 📋 Чек-лист: /checklist
2026-04-04 11:36:20,238 - utils.logger - INFO - 🧮 Калькулятор: /calculator
2026-04-04 11:36:20,238 - utils.logger - INFO - 🔍 Поиск: /search
2026-04-04 11:36:20,238 - utils.logger - INFO - 📞 Помощь: /quick_help
2026-04-04 11:36:20,238 - utils.logger - INFO - 🎯 Тест: /quiz
2026-04-04 11:36:20,238 - utils.logger - INFO - ⏹️  Остановка: Ctrl + C
2026-04-04 11:36:20,238 - utils.logger - INFO - ======================================================================
2026-04-04 12:05:39,934 - aiogram.event - ERROR - Cause exception while process update id=370414522 by bot id=8628225993
AttributeError: 'int' object has no attribute 'get'
Traceback (most recent call last):
  File "C:\Users\Руслан\AppData\Local\Programs\Python\Python312\Lib\site-packages\aiogram\dispatcher\dispatcher.py", line 320, in _process_update
    response = await self.feed_update(bot, update, **kwargs)
               ^^^^^^^^^^^^^^^^^^^^^^^^^^^^^^^^^^^^^^^^^^^^^
  File "C:\Users\Руслан\AppData\Local\Programs\Python\Python312\Lib\site-packages\aiogram\dispatcher\dispatcher.py", line 164, in feed_update
    response = await self.update.wrap_outer_middleware(
               ^^^^^^^^^^^^^^^^^^^^^^^^^^^^^^^^^^^^^^^^
  File "C:\Users\Руслан\AppData\Local\Programs\Python\Python312\Lib\site-packages\aiogram\dispatcher\middlewares\error.py", line 27, in __call__
    return await handler(event, data)
           ^^^^^^^^^^^^^^^^^^^^^^^^^^
  File "C:\Users\Руслан\AppData\Local\Programs\Python\Python312\Lib\site-packages\aiogram\dispatcher\middlewares\user_context.py", line 58, in __call__
    return await handler(event, data)
           ^^^^^^^^^^^^^^^^^^^^^^^^^^
  File "C:\Users\Руслан\AppData\Local\Programs\Python\Python312\Lib\site-packages\aiogram\fsm\middleware.py", line 43, in __call__
    return await handler(event, data)
           ^^^^^^^^^^^^^^^^^^^^^^^^^^
  File "C:\Users\Руслан\AppData\Local\Programs\Python\Python312\Lib\site-packages\aiogram\dispatcher\event\telegram.py", line 126, in trigger
    return await wrapped_inner(event, kwargs)
           ^^^^^^^^^^^^^^^^^^^^^^^^^^^^^^^^^^
  File "C:\Users\Руслан\AppData\Local\Programs\Python\Python312\Lib\site-packages\aiogram\dispatcher\event\handler.py", line 71, in call
    return await wrapped()
           ^^^^^^^^^^^^^^^
  File "C:\Users\Руслан\AppData\Local\Programs\Python\Python312\Lib\site-packages\aiogram\dispatcher\dispatcher.py", line 283, in _listen_update
    return await self.propagate_event(update_type=update_type, event=event, **kwargs)
           ^^^^^^^^^^^^^^^^^^^^^^^^^^^^^^^^^^^^^^^^^^^^^^^^^^^^^^^^^^^^^^^^^^^^^^^^^^
  File "C:\Users\Руслан\AppData\Local\Programs\Python\Python312\Lib\site-packages\aiogram\dispatcher\router.py", line 161, in propagate_event
    return await observer.wrap_outer_middleware(_wrapped, event=event, data=kwargs)
           ^^^^^^^^^^^^^^^^^^^^^^^^^^^^^^^^^^^^^^^^^^^^^^^^^^^^^^^^^^^^^^^^^^^^^^^^
  File "C:\Users\Руслан\AppData\Local\Programs\Python\Python312\Lib\site-packages\aiogram\dispatcher\router.py", line 153, in _wrapped
    return await self._propagate_event(
           ^^^^^^^^^^^^^^^^^^^^^^^^^^^^
  File "C:\Users\Руслан\AppData\Local\Programs\Python\Python312\Lib\site-packages\aiogram\dispatcher\router.py", line 189, in _propagate_event
    response = await router.propagate_event(update_type=update_type, event=event, **kwargs)
               ^^^^^^^^^^^^^^^^^^^^^^^^^^^^^^^^^^^^^^^^^^^^^^^^^^^^^^^^^^^^^^^^^^^^^^^^^^^^
  File "C:\Users\Руслан\AppData\Local\Programs\Python\Python312\Lib\site-packages\aiogram\dispatcher\router.py", line 161, in propagate_event
    return await observer.wrap_outer_middleware(_wrapped, event=event, data=kwargs)
           ^^^^^^^^^^^^^^^^^^^^^^^^^^^^^^^^^^^^^^^^^^^^^^^^^^^^^^^^^^^^^^^^^^^^^^^^
  File "C:\Users\Руслан\AppData\Local\Programs\Python\Python312\Lib\site-packages\aiogram\dispatcher\router.py", line 153, in _wrapped
    return await self._propagate_event(
           ^^^^^^^^^^^^^^^^^^^^^^^^^^^^
  File "C:\Users\Руслан\AppData\Local\Programs\Python\Python312\Lib\site-packages\aiogram\dispatcher\router.py", line 181, in _propagate_event
    response = await observer.trigger(event, **kwargs)
               ^^^^^^^^^^^^^^^^^^^^^^^^^^^^^^^^^^^^^^^
  File "C:\Users\Руслан\AppData\Local\Programs\Python\Python312\Lib\site-packages\aiogram\dispatcher\event\telegram.py", line 126, in trigger
    return await wrapped_inner(event, kwargs)
           ^^^^^^^^^^^^^^^^^^^^^^^^^^^^^^^^^^
  File "C:\Users\Руслан\AppData\Local\Programs\Python\Python312\Lib\site-packages\aiogram\dispatcher\event\handler.py", line 71, in call
    return await wrapped()
           ^^^^^^^^^^^^^^^
  File "C:\Users\Руслан\OneDrive\Рабочий стол\DGTU_Bot\handlers\quick_help.py", line 73, in process_help_message
    mode = user_data.get("mode", "")
           ^^^^^^^^^^^^^
AttributeError: 'int' object has no attribute 'get'
2026-04-04 12:05:46,608 - aiogram.event - ERROR - Cause exception while process update id=370414523 by bot id=8628225993
AttributeError: 'int' object has no attribute 'get'
Traceback (most recent call last):
  File "C:\Users\Руслан\AppData\Local\Programs\Python\Python312\Lib\site-packages\aiogram\dispatcher\dispatcher.py", line 320, in _process_update
    response = await self.feed_update(bot, update, **kwargs)
               ^^^^^^^^^^^^^^^^^^^^^^^^^^^^^^^^^^^^^^^^^^^^^
  File "C:\Users\Руслан\AppData\Local\Programs\Python\Python312\Lib\site-packages\aiogram\dispatcher\dispatcher.py", line 164, in feed_update
    response = await self.update.wrap_outer_middleware(
               ^^^^^^^^^^^^^^^^^^^^^^^^^^^^^^^^^^^^^^^^
  File "C:\Users\Руслан\AppData\Local\Programs\Python\Python312\Lib\site-packages\aiogram\dispatcher\middlewares\error.py", line 27, in __call__
    return await handler(event, data)
           ^^^^^^^^^^^^^^^^^^^^^^^^^^
  File "C:\Users\Руслан\AppData\Local\Programs\Python\Python312\Lib\site-packages\aiogram\dispatcher\middlewares\user_context.py", line 58, in __call__
    return await handler(event, data)
           ^^^^^^^^^^^^^^^^^^^^^^^^^^
  File "C:\Users\Руслан\AppData\Local\Programs\Python\Python312\Lib\site-packages\aiogram\fsm\middleware.py", line 43, in __call__
    return await handler(event, data)
           ^^^^^^^^^^^^^^^^^^^^^^^^^^
  File "C:\Users\Руслан\AppData\Local\Programs\Python\Python312\Lib\site-packages\aiogram\dispatcher\event\telegram.py", line 126, in trigger
    return await wrapped_inner(event, kwargs)
           ^^^^^^^^^^^^^^^^^^^^^^^^^^^^^^^^^^
  File "C:\Users\Руслан\AppData\Local\Programs\Python\Python312\Lib\site-packages\aiogram\dispatcher\event\handler.py", line 71, in call
    return await wrapped()
           ^^^^^^^^^^^^^^^
  File "C:\Users\Руслан\AppData\Local\Programs\Python\Python312\Lib\site-packages\aiogram\dispatcher\dispatcher.py", line 283, in _listen_update
    return await self.propagate_event(update_type=update_type, event=event, **kwargs)
           ^^^^^^^^^^^^^^^^^^^^^^^^^^^^^^^^^^^^^^^^^^^^^^^^^^^^^^^^^^^^^^^^^^^^^^^^^^
  File "C:\Users\Руслан\AppData\Local\Programs\Python\Python312\Lib\site-packages\aiogram\dispatcher\router.py", line 161, in propagate_event
    return await observer.wrap_outer_middleware(_wrapped, event=event, data=kwargs)
           ^^^^^^^^^^^^^^^^^^^^^^^^^^^^^^^^^^^^^^^^^^^^^^^^^^^^^^^^^^^^^^^^^^^^^^^^
  File "C:\Users\Руслан\AppData\Local\Programs\Python\Python312\Lib\site-packages\aiogram\dispatcher\router.py", line 153, in _wrapped
    return await self._propagate_event(
           ^^^^^^^^^^^^^^^^^^^^^^^^^^^^
  File "C:\Users\Руслан\AppData\Local\Programs\Python\Python312\Lib\site-packages\aiogram\dispatcher\router.py", line 189, in _propagate_event
    response = await router.propagate_event(update_type=update_type, event=event, **kwargs)
               ^^^^^^^^^^^^^^^^^^^^^^^^^^^^^^^^^^^^^^^^^^^^^^^^^^^^^^^^^^^^^^^^^^^^^^^^^^^^
  File "C:\Users\Руслан\AppData\Local\Programs\Python\Python312\Lib\site-packages\aiogram\dispatcher\router.py", line 161, in propagate_event
    return await observer.wrap_outer_middleware(_wrapped, event=event, data=kwargs)
           ^^^^^^^^^^^^^^^^^^^^^^^^^^^^^^^^^^^^^^^^^^^^^^^^^^^^^^^^^^^^^^^^^^^^^^^^
  File "C:\Users\Руслан\AppData\Local\Programs\Python\Python312\Lib\site-packages\aiogram\dispatcher\router.py", line 153, in _wrapped
    return await self._propagate_event(
           ^^^^^^^^^^^^^^^^^^^^^^^^^^^^
  File "C:\Users\Руслан\AppData\Local\Programs\Python\Python312\Lib\site-packages\aiogram\dispatcher\router.py", line 181, in _propagate_event
    response = await observer.trigger(event, **kwargs)
               ^^^^^^^^^^^^^^^^^^^^^^^^^^^^^^^^^^^^^^^
  File "C:\Users\Руслан\AppData\Local\Programs\Python\Python312\Lib\site-packages\aiogram\dispatcher\event\telegram.py", line 126, in trigger
    return await wrapped_inner(event, kwargs)
           ^^^^^^^^^^^^^^^^^^^^^^^^^^^^^^^^^^
  File "C:\Users\Руслан\AppData\Local\Programs\Python\Python312\Lib\site-packages\aiogram\dispatcher\event\handler.py", line 71, in call
    return await wrapped()
           ^^^^^^^^^^^^^^^
  File "C:\Users\Руслан\OneDrive\Рабочий стол\DGTU_Bot\handlers\quick_help.py", line 73, in process_help_message
    mode = user_data.get("mode", "")
           ^^^^^^^^^^^^^
AttributeError: 'int' object has no attribute 'get'
2026-04-04 12:05:55,954 - handlers.checklist - INFO - 📋 /checklist от пользователя 1057899073
2026-04-04 12:05:56,235 - handlers.checklist - INFO -    ✅ Отправлено
2026-04-04 12:06:14,308 - handlers.faq_handler - INFO - 🔍 Поиск: общага
2026-04-04 12:06:29,050 - handlers.faq_handler - INFO - 🔍 Поиск: стоимость
2026-04-04 12:06:29,305 - handlers.faq_handler - ERROR - ❌ Ошибка отправки: Telegram server says - Bad Request: message is too long
2026-04-04 12:19:16,809 - aiogram.dispatcher - ERROR - Failed to fetch updates - TelegramNetworkError: HTTP Client says - ServerDisconnectedError: Server disconnected
2026-04-04 12:19:16,810 - aiogram.dispatcher - WARNING - Sleep for 1.000000 seconds and try again... (tryings = 0, bot id = 8628225993)
2026-04-04 12:19:17,063 - services.database - INFO - 🔌 База данных отключена
2026-04-04 12:19:26,307 - services.database - INFO - ✅ База данных подключена (SQLite)
2026-04-04 12:19:26,307 - services.llm_service - INFO - ✅ GigaChat сервис инициализирован (с доступом к сайту ДГТУ)
2026-04-04 12:19:27,221 - utils.logger - INFO - ✅ Бот: @iivt_dgtu_bot | Прокси: 45.130.124.72:8000
2026-04-04 12:19:27,222 - utils.logger - INFO - ======================================================================
2026-04-04 12:19:27,222 - utils.logger - INFO - 🤖 ИиВТ ДГТУ Помощник — ЗАПУЩЕН
2026-04-04 12:19:27,222 - utils.logger - INFO - ======================================================================
2026-04-04 12:19:27,222 - utils.logger - INFO - ✅ База данных подключена (SQLite)
2026-04-04 12:19:27,222 - utils.logger - INFO - ✅ Кеш токенов активирован
2026-04-04 12:19:27,222 - utils.logger - INFO - ✅ Токен: 8628225993:AAEvnCL9BWCN_zDUkta...
2026-04-04 12:19:27,223 - utils.logger - INFO - 🔌 Прокси: 45.130.124.72:8000
2026-04-04 12:19:27,223 - utils.logger - INFO - ✅ Роутеры подключены
2026-04-04 12:19:27,223 - utils.logger - INFO - ✅ ИИ (GigaChat) готов
2026-04-04 12:19:27,223 - utils.logger - INFO - ✅ Кеширование включено
2026-04-04 12:19:27,223 - utils.logger - INFO - ✅ Умный поиск: /search
2026-04-04 12:19:27,223 - utils.logger - INFO - ✅ Связь с волонтёром: /quick_help
2026-04-04 12:19:27,223 - utils.logger - INFO - ✅ Тест направления: /quiz
2026-04-04 12:19:27,223 - utils.logger - INFO - ======================================================================
2026-04-04 12:19:27,223 - utils.logger - INFO - 🚀 БОТ ЗАПУЩЕН!
2026-04-04 12:19:27,223 - utils.logger - INFO - 📱 Telegram: /start
2026-04-04 12:19:27,223 - utils.logger - INFO - 📊 Статистика: /stats
2026-04-04 12:19:27,223 - utils.logger - INFO - 📋 Чек-лист: /checklist
2026-04-04 12:19:27,224 - utils.logger - INFO - 🧮 Калькулятор: /calculator
2026-04-04 12:19:27,224 - utils.logger - INFO - 🔍 Поиск: /search
2026-04-04 12:19:27,224 - utils.logger - INFO - 📞 Помощь: /quick_help
2026-04-04 12:19:27,224 - utils.logger - INFO - 🎯 Тест: /quiz
2026-04-04 12:19:27,224 - utils.logger - INFO - ⏹️  Остановка: Ctrl + C
2026-04-04 12:19:27,224 - utils.logger - INFO - ======================================================================
2026-04-04 12:21:47,156 - handlers.faq_handler - INFO - 🔍 Поиск: общежитие
2026-04-04 12:21:47,442 - handlers.faq_handler - ERROR - ❌ Ошибка отправки: Telegram server says - Bad Request: message is too long
2026-04-04 12:30:08,686 - aiogram.dispatcher - ERROR - Failed to fetch updates - TelegramNetworkError: HTTP Client says - ServerDisconnectedError: Server disconnected
2026-04-04 12:30:08,686 - aiogram.dispatcher - WARNING - Sleep for 1.000000 seconds and try again... (tryings = 0, bot id = 8628225993)
2026-04-04 12:30:08,945 - services.database - INFO - 🔌 База данных отключена
2026-04-04 12:30:13,064 - services.database - INFO - ✅ База данных подключена (SQLite)
2026-04-04 12:30:13,064 - services.llm_service - INFO - ✅ GigaChat сервис инициализирован (с доступом к сайту ДГТУ)
2026-04-04 12:30:13,995 - utils.logger - INFO - ✅ Бот: @iivt_dgtu_bot | Прокси: 45.130.124.72:8000
2026-04-04 12:30:13,996 - utils.logger - INFO - ======================================================================
2026-04-04 12:30:13,996 - utils.logger - INFO - 🤖 ИиВТ ДГТУ Помощник — ЗАПУЩЕН
2026-04-04 12:30:13,996 - utils.logger - INFO - ======================================================================
2026-04-04 12:30:13,996 - utils.logger - INFO - ✅ База данных подключена (SQLite)
2026-04-04 12:30:13,996 - utils.logger - INFO - ✅ Кеш токенов активирован
2026-04-04 12:30:13,997 - utils.logger - INFO - ✅ Токен: 8628225993:AAEvnCL9BWCN_zDUkta...
2026-04-04 12:30:13,997 - utils.logger - INFO - 🔌 Прокси: 45.130.124.72:8000
2026-04-04 12:30:13,997 - utils.logger - INFO - ✅ Роутеры подключены
2026-04-04 12:30:13,997 - utils.logger - INFO - ✅ ИИ (GigaChat) готов
2026-04-04 12:30:13,997 - utils.logger - INFO - ✅ Кеширование включено
2026-04-04 12:30:13,997 - utils.logger - INFO - ✅ Умный поиск: /search
2026-04-04 12:30:13,997 - utils.logger - INFO - ✅ Связь с волонтёром: /quick_help
2026-04-04 12:30:13,997 - utils.logger - INFO - ✅ Тест направления: /quiz
2026-04-04 12:30:13,997 - utils.logger - INFO - ======================================================================
2026-04-04 12:30:13,997 - utils.logger - INFO - 🚀 БОТ ЗАПУЩЕН!
2026-04-04 12:30:13,997 - utils.logger - INFO - 📱 Telegram: /start
2026-04-04 12:30:13,997 - utils.logger - INFO - 📊 Статистика: /stats
2026-04-04 12:30:13,997 - utils.logger - INFO - 📋 Чек-лист: /checklist
2026-04-04 12:30:13,998 - utils.logger - INFO - 🧮 Калькулятор: /calculator
2026-04-04 12:30:13,998 - utils.logger - INFO - 🔍 Поиск: /search
2026-04-04 12:30:13,998 - utils.logger - INFO - 📞 Помощь: /quick_help
2026-04-04 12:30:13,998 - utils.logger - INFO - 🎯 Тест: /quiz
2026-04-04 12:30:13,998 - utils.logger - INFO - ⏹️  Остановка: Ctrl + C
2026-04-04 12:30:13,998 - utils.logger - INFO - ======================================================================
2026-04-04 12:43:49,201 - aiogram.dispatcher - ERROR - Failed to fetch updates - TelegramNetworkError: HTTP Client says - ServerDisconnectedError: Server disconnected
2026-04-04 12:43:49,201 - aiogram.dispatcher - WARNING - Sleep for 1.000000 seconds and try again... (tryings = 0, bot id = 8628225993)
2026-04-04 12:43:49,463 - services.database - INFO - 🔌 База данных отключена
2026-04-04 12:43:53,765 - services.database - INFO - ✅ База данных подключена (SQLite)
2026-04-04 12:43:53,765 - services.llm_service - INFO - ✅ GigaChat сервис инициализирован (с доступом к сайту ДГТУ)
2026-04-04 12:43:54,630 - utils.logger - INFO - ✅ Бот: @iivt_dgtu_bot | Прокси: 45.130.124.72:8000
2026-04-04 12:43:54,631 - utils.logger - INFO - ======================================================================
2026-04-04 12:43:54,631 - utils.logger - INFO - 🤖 ИиВТ ДГТУ Помощник — ЗАПУЩЕН
2026-04-04 12:43:54,631 - utils.logger - INFO - ======================================================================
2026-04-04 12:43:54,631 - utils.logger - INFO - ✅ База данных подключена (SQLite)
2026-04-04 12:43:54,631 - utils.logger - INFO - ✅ Кеш токенов активирован
2026-04-04 12:43:54,631 - utils.logger - INFO - ✅ Токен: 8628225993:AAEvnCL9BWCN_zDUkta...
2026-04-04 12:43:54,631 - utils.logger - INFO - 🔌 Прокси: 45.130.124.72:8000
2026-04-04 12:43:54,631 - utils.logger - INFO - ✅ Роутеры подключены
2026-04-04 12:43:54,631 - utils.logger - INFO - ✅ ИИ (GigaChat) готов
2026-04-04 12:43:54,631 - utils.logger - INFO - ✅ Кеширование включено
2026-04-04 12:43:54,631 - utils.logger - INFO - ✅ Умный поиск: /search
2026-04-04 12:43:54,631 - utils.logger - INFO - ✅ Связь с волонтёром: /quick_help
2026-04-04 12:43:54,632 - utils.logger - INFO - ✅ Тест направления: /quiz
2026-04-04 12:43:54,632 - utils.logger - INFO - ======================================================================
2026-04-04 12:43:54,632 - utils.logger - INFO - 🚀 БОТ ЗАПУЩЕН!
2026-04-04 12:43:54,632 - utils.logger - INFO - 📱 Telegram: /start
2026-04-04 12:43:54,632 - utils.logger - INFO - 📊 Статистика: /stats
2026-04-04 12:43:54,632 - utils.logger - INFO - 📋 Чек-лист: /checklist
2026-04-04 12:43:54,632 - utils.logger - INFO - 🧮 Калькулятор: /calculator
2026-04-04 12:43:54,632 - utils.logger - INFO - 🔍 Поиск: /search
2026-04-04 12:43:54,632 - utils.logger - INFO - 📞 Помощь: /quick_help
2026-04-04 12:43:54,632 - utils.logger - INFO - 🎯 Тест: /quiz
2026-04-04 12:43:54,632 - utils.logger - INFO - ⏹️  Остановка: Ctrl + C
2026-04-04 12:43:54,632 - utils.logger - INFO - ======================================================================
2026-04-04 12:44:10,467 - handlers.faq_handler - ERROR - ❌ Ошибка отправки: Telegram server says - Bad Request: message caption is too long
2026-04-04 12:44:12,377 - handlers.faq_handler - ERROR - ❌ Ошибка отправки: Telegram server says - Bad Request: message caption is too long
2026-04-04 12:44:14,279 - handlers.faq_handler - ERROR - ❌ Ошибка отправки: Telegram server says - Bad Request: message caption is too long
2026-04-04 12:44:20,381 - aiogram.event - ERROR - Cause exception while process update id=370414598 by bot id=8628225993
TelegramBadRequest: Telegram server says - Bad Request: there is no caption in the message to edit
Traceback (most recent call last):
  File "C:\Users\Руслан\AppData\Local\Programs\Python\Python312\Lib\site-packages\aiogram\dispatcher\dispatcher.py", line 320, in _process_update
    response = await self.feed_update(bot, update, **kwargs)
               ^^^^^^^^^^^^^^^^^^^^^^^^^^^^^^^^^^^^^^^^^^^^^
  File "C:\Users\Руслан\AppData\Local\Programs\Python\Python312\Lib\site-packages\aiogram\dispatcher\dispatcher.py", line 164, in feed_update
    response = await self.update.wrap_outer_middleware(
               ^^^^^^^^^^^^^^^^^^^^^^^^^^^^^^^^^^^^^^^^
  File "C:\Users\Руслан\AppData\Local\Programs\Python\Python312\Lib\site-packages\aiogram\dispatcher\middlewares\error.py", line 27, in __call__
    return await handler(event, data)
           ^^^^^^^^^^^^^^^^^^^^^^^^^^
  File "C:\Users\Руслан\AppData\Local\Programs\Python\Python312\Lib\site-packages\aiogram\dispatcher\middlewares\user_context.py", line 58, in __call__
    return await handler(event, data)
           ^^^^^^^^^^^^^^^^^^^^^^^^^^
  File "C:\Users\Руслан\AppData\Local\Programs\Python\Python312\Lib\site-packages\aiogram\fsm\middleware.py", line 43, in __call__
    return await handler(event, data)
           ^^^^^^^^^^^^^^^^^^^^^^^^^^
  File "C:\Users\Руслан\AppData\Local\Programs\Python\Python312\Lib\site-packages\aiogram\dispatcher\event\telegram.py", line 126, in trigger
    return await wrapped_inner(event, kwargs)
           ^^^^^^^^^^^^^^^^^^^^^^^^^^^^^^^^^^
  File "C:\Users\Руслан\AppData\Local\Programs\Python\Python312\Lib\site-packages\aiogram\dispatcher\event\handler.py", line 71, in call
    return await wrapped()
           ^^^^^^^^^^^^^^^
  File "C:\Users\Руслан\AppData\Local\Programs\Python\Python312\Lib\site-packages\aiogram\dispatcher\dispatcher.py", line 283, in _listen_update
    return await self.propagate_event(update_type=update_type, event=event, **kwargs)
           ^^^^^^^^^^^^^^^^^^^^^^^^^^^^^^^^^^^^^^^^^^^^^^^^^^^^^^^^^^^^^^^^^^^^^^^^^^
  File "C:\Users\Руслан\AppData\Local\Programs\Python\Python312\Lib\site-packages\aiogram\dispatcher\router.py", line 161, in propagate_event
    return await observer.wrap_outer_middleware(_wrapped, event=event, data=kwargs)
           ^^^^^^^^^^^^^^^^^^^^^^^^^^^^^^^^^^^^^^^^^^^^^^^^^^^^^^^^^^^^^^^^^^^^^^^^
  File "C:\Users\Руслан\AppData\Local\Programs\Python\Python312\Lib\site-packages\aiogram\dispatcher\router.py", line 153, in _wrapped
    return await self._propagate_event(
           ^^^^^^^^^^^^^^^^^^^^^^^^^^^^
  File "C:\Users\Руслан\AppData\Local\Programs\Python\Python312\Lib\site-packages\aiogram\dispatcher\router.py", line 189, in _propagate_event
    response = await router.propagate_event(update_type=update_type, event=event, **kwargs)
               ^^^^^^^^^^^^^^^^^^^^^^^^^^^^^^^^^^^^^^^^^^^^^^^^^^^^^^^^^^^^^^^^^^^^^^^^^^^^
  File "C:\Users\Руслан\AppData\Local\Programs\Python\Python312\Lib\site-packages\aiogram\dispatcher\router.py", line 161, in propagate_event
    return await observer.wrap_outer_middleware(_wrapped, event=event, data=kwargs)
           ^^^^^^^^^^^^^^^^^^^^^^^^^^^^^^^^^^^^^^^^^^^^^^^^^^^^^^^^^^^^^^^^^^^^^^^^
  File "C:\Users\Руслан\AppData\Local\Programs\Python\Python312\Lib\site-packages\aiogram\dispatcher\router.py", line 153, in _wrapped
    return await self._propagate_event(
           ^^^^^^^^^^^^^^^^^^^^^^^^^^^^
  File "C:\Users\Руслан\AppData\Local\Programs\Python\Python312\Lib\site-packages\aiogram\dispatcher\router.py", line 181, in _propagate_event
    response = await observer.trigger(event, **kwargs)
               ^^^^^^^^^^^^^^^^^^^^^^^^^^^^^^^^^^^^^^^
  File "C:\Users\Руслан\AppData\Local\Programs\Python\Python312\Lib\site-packages\aiogram\dispatcher\event\telegram.py", line 126, in trigger
    return await wrapped_inner(event, kwargs)
           ^^^^^^^^^^^^^^^^^^^^^^^^^^^^^^^^^^
  File "C:\Users\Руслан\AppData\Local\Programs\Python\Python312\Lib\site-packages\aiogram\dispatcher\event\handler.py", line 71, in call
    return await wrapped()
           ^^^^^^^^^^^^^^^
  File "C:\Users\Руслан\OneDrive\Рабочий стол\DGTU_Bot\handlers\commands.py", line 55, in show_main_menu_from_welcome
    await callback.message.edit_caption(caption=text, reply_markup=get_main_keyboard())
  File "C:\Users\Руслан\AppData\Local\Programs\Python\Python312\Lib\site-packages\aiogram\methods\base.py", line 82, in emit
    return await bot(self)
           ^^^^^^^^^^^^^^^
  File "C:\Users\Руслан\AppData\Local\Programs\Python\Python312\Lib\site-packages\aiogram\client\bot.py", line 488, in __call__
    return await self.session(self, method, timeout=request_timeout)
           ^^^^^^^^^^^^^^^^^^^^^^^^^^^^^^^^^^^^^^^^^^^^^^^^^^^^^^^^^
  File "C:\Users\Руслан\AppData\Local\Programs\Python\Python312\Lib\site-packages\aiogram\client\session\base.py", line 259, in __call__
    return cast(TelegramType, await middleware(bot, method))
                              ^^^^^^^^^^^^^^^^^^^^^^^^^^^^^
  File "C:\Users\Руслан\AppData\Local\Programs\Python\Python312\Lib\site-packages\aiogram\client\session\aiohttp.py", line 177, in make_request
    response = self.check_response(
               ^^^^^^^^^^^^^^^^^^^^
  File "C:\Users\Руслан\AppData\Local\Programs\Python\Python312\Lib\site-packages\aiogram\client\session\base.py", line 121, in check_response
    raise TelegramBadRequest(method=method, message=description)
aiogram.exceptions.TelegramBadRequest: Telegram server says - Bad Request: there is no caption in the message to edit
2026-04-04 12:51:16,111 - aiogram.dispatcher - ERROR - Failed to fetch updates - TelegramNetworkError: HTTP Client says - ServerDisconnectedError: Server disconnected
2026-04-04 12:51:16,111 - aiogram.dispatcher - WARNING - Sleep for 1.000000 seconds and try again... (tryings = 0, bot id = 8628225993)
2026-04-04 12:51:16,377 - services.database - INFO - 🔌 База данных отключена
2026-04-04 12:51:43,474 - services.database - INFO - ✅ База данных подключена (SQLite)
2026-04-04 12:51:43,474 - services.llm_service - INFO - ✅ GigaChat сервис инициализирован (с доступом к сайту ДГТУ)
2026-04-04 12:51:44,299 - utils.logger - INFO - ✅ Бот: @iivt_dgtu_bot | Прокси: 45.130.124.72:8000
2026-04-04 12:51:44,299 - utils.logger - INFO - ======================================================================
2026-04-04 12:51:44,299 - utils.logger - INFO - 🤖 ИиВТ ДГТУ Помощник — ЗАПУЩЕН
2026-04-04 12:51:44,299 - utils.logger - INFO - ======================================================================
2026-04-04 12:51:44,299 - utils.logger - INFO - ✅ База данных подключена (SQLite)
2026-04-04 12:51:44,300 - utils.logger - INFO - ✅ Кеш токенов активирован
2026-04-04 12:51:44,300 - utils.logger - INFO - ✅ Токен: 8628225993:AAEvnCL9BWCN_zDUkta...
2026-04-04 12:51:44,300 - utils.logger - INFO - 🔌 Прокси: 45.130.124.72:8000
2026-04-04 12:51:44,300 - utils.logger - INFO - ✅ Роутеры подключены
2026-04-04 12:51:44,300 - utils.logger - INFO - ✅ ИИ (GigaChat) готов
2026-04-04 12:51:44,300 - utils.logger - INFO - ✅ Кеширование включено
2026-04-04 12:51:44,300 - utils.logger - INFO - ✅ Умный поиск: /search
2026-04-04 12:51:44,300 - utils.logger - INFO - ✅ Связь с волонтёром: /quick_help
2026-04-04 12:51:44,300 - utils.logger - INFO - ✅ Тест направления: /quiz
2026-04-04 12:51:44,300 - utils.logger - INFO - ======================================================================
2026-04-04 12:51:44,300 - utils.logger - INFO - 🚀 БОТ ЗАПУЩЕН!
2026-04-04 12:51:44,300 - utils.logger - INFO - 📱 Telegram: /start
2026-04-04 12:51:44,300 - utils.logger - INFO - 📊 Статистика: /stats
2026-04-04 12:51:44,300 - utils.logger - INFO - 📋 Чек-лист: /checklist
2026-04-04 12:51:44,301 - utils.logger - INFO - 🧮 Калькулятор: /calculator
2026-04-04 12:51:44,301 - utils.logger - INFO - 🔍 Поиск: /search
2026-04-04 12:51:44,301 - utils.logger - INFO - 📞 Помощь: /quick_help
2026-04-04 12:51:44,301 - utils.logger - INFO - 🎯 Тест: /quiz
2026-04-04 12:51:44,301 - utils.logger - INFO - ⏹️  Остановка: Ctrl + C
2026-04-04 12:51:44,301 - utils.logger - INFO - ======================================================================
2026-04-04 12:51:58,729 - aiogram.event - ERROR - Cause exception while process update id=370414602 by bot id=8628225993
TelegramBadRequest: Telegram server says - Bad Request: there is no caption in the message to edit
Traceback (most recent call last):
  File "C:\Users\Руслан\AppData\Local\Programs\Python\Python312\Lib\site-packages\aiogram\dispatcher\dispatcher.py", line 320, in _process_update
    response = await self.feed_update(bot, update, **kwargs)
               ^^^^^^^^^^^^^^^^^^^^^^^^^^^^^^^^^^^^^^^^^^^^^
  File "C:\Users\Руслан\AppData\Local\Programs\Python\Python312\Lib\site-packages\aiogram\dispatcher\dispatcher.py", line 164, in feed_update
    response = await self.update.wrap_outer_middleware(
               ^^^^^^^^^^^^^^^^^^^^^^^^^^^^^^^^^^^^^^^^
  File "C:\Users\Руслан\AppData\Local\Programs\Python\Python312\Lib\site-packages\aiogram\dispatcher\middlewares\error.py", line 27, in __call__
    return await handler(event, data)
           ^^^^^^^^^^^^^^^^^^^^^^^^^^
  File "C:\Users\Руслан\AppData\Local\Programs\Python\Python312\Lib\site-packages\aiogram\dispatcher\middlewares\user_context.py", line 58, in __call__
    return await handler(event, data)
           ^^^^^^^^^^^^^^^^^^^^^^^^^^
  File "C:\Users\Руслан\AppData\Local\Programs\Python\Python312\Lib\site-packages\aiogram\fsm\middleware.py", line 43, in __call__
    return await handler(event, data)
           ^^^^^^^^^^^^^^^^^^^^^^^^^^
  File "C:\Users\Руслан\AppData\Local\Programs\Python\Python312\Lib\site-packages\aiogram\dispatcher\event\telegram.py", line 126, in trigger
    return await wrapped_inner(event, kwargs)
           ^^^^^^^^^^^^^^^^^^^^^^^^^^^^^^^^^^
  File "C:\Users\Руслан\AppData\Local\Programs\Python\Python312\Lib\site-packages\aiogram\dispatcher\event\handler.py", line 71, in call
    return await wrapped()
           ^^^^^^^^^^^^^^^
  File "C:\Users\Руслан\AppData\Local\Programs\Python\Python312\Lib\site-packages\aiogram\dispatcher\dispatcher.py", line 283, in _listen_update
    return await self.propagate_event(update_type=update_type, event=event, **kwargs)
           ^^^^^^^^^^^^^^^^^^^^^^^^^^^^^^^^^^^^^^^^^^^^^^^^^^^^^^^^^^^^^^^^^^^^^^^^^^
  File "C:\Users\Руслан\AppData\Local\Programs\Python\Python312\Lib\site-packages\aiogram\dispatcher\router.py", line 161, in propagate_event
    return await observer.wrap_outer_middleware(_wrapped, event=event, data=kwargs)
           ^^^^^^^^^^^^^^^^^^^^^^^^^^^^^^^^^^^^^^^^^^^^^^^^^^^^^^^^^^^^^^^^^^^^^^^^
  File "C:\Users\Руслан\AppData\Local\Programs\Python\Python312\Lib\site-packages\aiogram\dispatcher\router.py", line 153, in _wrapped
    return await self._propagate_event(
           ^^^^^^^^^^^^^^^^^^^^^^^^^^^^
  File "C:\Users\Руслан\AppData\Local\Programs\Python\Python312\Lib\site-packages\aiogram\dispatcher\router.py", line 189, in _propagate_event
    response = await router.propagate_event(update_type=update_type, event=event, **kwargs)
               ^^^^^^^^^^^^^^^^^^^^^^^^^^^^^^^^^^^^^^^^^^^^^^^^^^^^^^^^^^^^^^^^^^^^^^^^^^^^
  File "C:\Users\Руслан\AppData\Local\Programs\Python\Python312\Lib\site-packages\aiogram\dispatcher\router.py", line 161, in propagate_event
    return await observer.wrap_outer_middleware(_wrapped, event=event, data=kwargs)
           ^^^^^^^^^^^^^^^^^^^^^^^^^^^^^^^^^^^^^^^^^^^^^^^^^^^^^^^^^^^^^^^^^^^^^^^^
  File "C:\Users\Руслан\AppData\Local\Programs\Python\Python312\Lib\site-packages\aiogram\dispatcher\router.py", line 153, in _wrapped
    return await self._propagate_event(
           ^^^^^^^^^^^^^^^^^^^^^^^^^^^^
  File "C:\Users\Руслан\AppData\Local\Programs\Python\Python312\Lib\site-packages\aiogram\dispatcher\router.py", line 181, in _propagate_event
    response = await observer.trigger(event, **kwargs)
               ^^^^^^^^^^^^^^^^^^^^^^^^^^^^^^^^^^^^^^^
  File "C:\Users\Руслан\AppData\Local\Programs\Python\Python312\Lib\site-packages\aiogram\dispatcher\event\telegram.py", line 126, in trigger
    return await wrapped_inner(event, kwargs)
           ^^^^^^^^^^^^^^^^^^^^^^^^^^^^^^^^^^
  File "C:\Users\Руслан\AppData\Local\Programs\Python\Python312\Lib\site-packages\aiogram\dispatcher\event\handler.py", line 71, in call
    return await wrapped()
           ^^^^^^^^^^^^^^^
  File "C:\Users\Руслан\OneDrive\Рабочий стол\DGTU_Bot\handlers\commands.py", line 55, in show_main_menu_from_welcome
    await callback.message.edit_caption(caption=text, reply_markup=get_main_keyboard())
  File "C:\Users\Руслан\AppData\Local\Programs\Python\Python312\Lib\site-packages\aiogram\methods\base.py", line 82, in emit
    return await bot(self)
           ^^^^^^^^^^^^^^^
  File "C:\Users\Руслан\AppData\Local\Programs\Python\Python312\Lib\site-packages\aiogram\client\bot.py", line 488, in __call__
    return await self.session(self, method, timeout=request_timeout)
           ^^^^^^^^^^^^^^^^^^^^^^^^^^^^^^^^^^^^^^^^^^^^^^^^^^^^^^^^^
  File "C:\Users\Руслан\AppData\Local\Programs\Python\Python312\Lib\site-packages\aiogram\client\session\base.py", line 259, in __call__
    return cast(TelegramType, await middleware(bot, method))
                              ^^^^^^^^^^^^^^^^^^^^^^^^^^^^^
  File "C:\Users\Руслан\AppData\Local\Programs\Python\Python312\Lib\site-packages\aiogram\client\session\aiohttp.py", line 177, in make_request
    response = self.check_response(
               ^^^^^^^^^^^^^^^^^^^^
  File "C:\Users\Руслан\AppData\Local\Programs\Python\Python312\Lib\site-packages\aiogram\client\session\base.py", line 121, in check_response
    raise TelegramBadRequest(method=method, message=description)
aiogram.exceptions.TelegramBadRequest: Telegram server says - Bad Request: there is no caption in the message to edit
2026-04-04 12:52:47,766 - aiogram.event - ERROR - Cause exception while process update id=370414608 by bot id=8628225993
TelegramBadRequest: Telegram server says - Bad Request: there is no caption in the message to edit
Traceback (most recent call last):
  File "C:\Users\Руслан\AppData\Local\Programs\Python\Python312\Lib\site-packages\aiogram\dispatcher\dispatcher.py", line 320, in _process_update
    response = await self.feed_update(bot, update, **kwargs)
               ^^^^^^^^^^^^^^^^^^^^^^^^^^^^^^^^^^^^^^^^^^^^^
  File "C:\Users\Руслан\AppData\Local\Programs\Python\Python312\Lib\site-packages\aiogram\dispatcher\dispatcher.py", line 164, in feed_update
    response = await self.update.wrap_outer_middleware(
               ^^^^^^^^^^^^^^^^^^^^^^^^^^^^^^^^^^^^^^^^
  File "C:\Users\Руслан\AppData\Local\Programs\Python\Python312\Lib\site-packages\aiogram\dispatcher\middlewares\error.py", line 27, in __call__
    return await handler(event, data)
           ^^^^^^^^^^^^^^^^^^^^^^^^^^
  File "C:\Users\Руслан\AppData\Local\Programs\Python\Python312\Lib\site-packages\aiogram\dispatcher\middlewares\user_context.py", line 58, in __call__
    return await handler(event, data)
           ^^^^^^^^^^^^^^^^^^^^^^^^^^
  File "C:\Users\Руслан\AppData\Local\Programs\Python\Python312\Lib\site-packages\aiogram\fsm\middleware.py", line 43, in __call__
    return await handler(event, data)
           ^^^^^^^^^^^^^^^^^^^^^^^^^^
  File "C:\Users\Руслан\AppData\Local\Programs\Python\Python312\Lib\site-packages\aiogram\dispatcher\event\telegram.py", line 126, in trigger
    return await wrapped_inner(event, kwargs)
           ^^^^^^^^^^^^^^^^^^^^^^^^^^^^^^^^^^
  File "C:\Users\Руслан\AppData\Local\Programs\Python\Python312\Lib\site-packages\aiogram\dispatcher\event\handler.py", line 71, in call
    return await wrapped()
           ^^^^^^^^^^^^^^^
  File "C:\Users\Руслан\AppData\Local\Programs\Python\Python312\Lib\site-packages\aiogram\dispatcher\dispatcher.py", line 283, in _listen_update
    return await self.propagate_event(update_type=update_type, event=event, **kwargs)
           ^^^^^^^^^^^^^^^^^^^^^^^^^^^^^^^^^^^^^^^^^^^^^^^^^^^^^^^^^^^^^^^^^^^^^^^^^^
  File "C:\Users\Руслан\AppData\Local\Programs\Python\Python312\Lib\site-packages\aiogram\dispatcher\router.py", line 161, in propagate_event
    return await observer.wrap_outer_middleware(_wrapped, event=event, data=kwargs)
           ^^^^^^^^^^^^^^^^^^^^^^^^^^^^^^^^^^^^^^^^^^^^^^^^^^^^^^^^^^^^^^^^^^^^^^^^
  File "C:\Users\Руслан\AppData\Local\Programs\Python\Python312\Lib\site-packages\aiogram\dispatcher\router.py", line 153, in _wrapped
    return await self._propagate_event(
           ^^^^^^^^^^^^^^^^^^^^^^^^^^^^
  File "C:\Users\Руслан\AppData\Local\Programs\Python\Python312\Lib\site-packages\aiogram\dispatcher\router.py", line 189, in _propagate_event
    response = await router.propagate_event(update_type=update_type, event=event, **kwargs)
               ^^^^^^^^^^^^^^^^^^^^^^^^^^^^^^^^^^^^^^^^^^^^^^^^^^^^^^^^^^^^^^^^^^^^^^^^^^^^
  File "C:\Users\Руслан\AppData\Local\Programs\Python\Python312\Lib\site-packages\aiogram\dispatcher\router.py", line 161, in propagate_event
    return await observer.wrap_outer_middleware(_wrapped, event=event, data=kwargs)
           ^^^^^^^^^^^^^^^^^^^^^^^^^^^^^^^^^^^^^^^^^^^^^^^^^^^^^^^^^^^^^^^^^^^^^^^^
  File "C:\Users\Руслан\AppData\Local\Programs\Python\Python312\Lib\site-packages\aiogram\dispatcher\router.py", line 153, in _wrapped
    return await self._propagate_event(
           ^^^^^^^^^^^^^^^^^^^^^^^^^^^^
  File "C:\Users\Руслан\AppData\Local\Programs\Python\Python312\Lib\site-packages\aiogram\dispatcher\router.py", line 181, in _propagate_event
    response = await observer.trigger(event, **kwargs)
               ^^^^^^^^^^^^^^^^^^^^^^^^^^^^^^^^^^^^^^^
  File "C:\Users\Руслан\AppData\Local\Programs\Python\Python312\Lib\site-packages\aiogram\dispatcher\event\telegram.py", line 126, in trigger
    return await wrapped_inner(event, kwargs)
           ^^^^^^^^^^^^^^^^^^^^^^^^^^^^^^^^^^
  File "C:\Users\Руслан\AppData\Local\Programs\Python\Python312\Lib\site-packages\aiogram\dispatcher\event\handler.py", line 71, in call
    return await wrapped()
           ^^^^^^^^^^^^^^^
  File "C:\Users\Руслан\OneDrive\Рабочий стол\DGTU_Bot\handlers\commands.py", line 55, in show_main_menu_from_welcome
    await callback.message.edit_caption(caption=text, reply_markup=get_main_keyboard())
  File "C:\Users\Руслан\AppData\Local\Programs\Python\Python312\Lib\site-packages\aiogram\methods\base.py", line 82, in emit
    return await bot(self)
           ^^^^^^^^^^^^^^^
  File "C:\Users\Руслан\AppData\Local\Programs\Python\Python312\Lib\site-packages\aiogram\client\bot.py", line 488, in __call__
    return await self.session(self, method, timeout=request_timeout)
           ^^^^^^^^^^^^^^^^^^^^^^^^^^^^^^^^^^^^^^^^^^^^^^^^^^^^^^^^^
  File "C:\Users\Руслан\AppData\Local\Programs\Python\Python312\Lib\site-packages\aiogram\client\session\base.py", line 259, in __call__
    return cast(TelegramType, await middleware(bot, method))
                              ^^^^^^^^^^^^^^^^^^^^^^^^^^^^^
  File "C:\Users\Руслан\AppData\Local\Programs\Python\Python312\Lib\site-packages\aiogram\client\session\aiohttp.py", line 177, in make_request
    response = self.check_response(
               ^^^^^^^^^^^^^^^^^^^^
  File "C:\Users\Руслан\AppData\Local\Programs\Python\Python312\Lib\site-packages\aiogram\client\session\base.py", line 121, in check_response
    raise TelegramBadRequest(method=method, message=description)
aiogram.exceptions.TelegramBadRequest: Telegram server says - Bad Request: there is no caption in the message to edit
2026-04-04 12:53:19,295 - aiogram.event - ERROR - Cause exception while process update id=370414614 by bot id=8628225993
TelegramBadRequest: Telegram server says - Bad Request: there is no caption in the message to edit
Traceback (most recent call last):
  File "C:\Users\Руслан\AppData\Local\Programs\Python\Python312\Lib\site-packages\aiogram\dispatcher\dispatcher.py", line 320, in _process_update
    response = await self.feed_update(bot, update, **kwargs)
               ^^^^^^^^^^^^^^^^^^^^^^^^^^^^^^^^^^^^^^^^^^^^^
  File "C:\Users\Руслан\AppData\Local\Programs\Python\Python312\Lib\site-packages\aiogram\dispatcher\dispatcher.py", line 164, in feed_update
    response = await self.update.wrap_outer_middleware(
               ^^^^^^^^^^^^^^^^^^^^^^^^^^^^^^^^^^^^^^^^
  File "C:\Users\Руслан\AppData\Local\Programs\Python\Python312\Lib\site-packages\aiogram\dispatcher\middlewares\error.py", line 27, in __call__
    return await handler(event, data)
           ^^^^^^^^^^^^^^^^^^^^^^^^^^
  File "C:\Users\Руслан\AppData\Local\Programs\Python\Python312\Lib\site-packages\aiogram\dispatcher\middlewares\user_context.py", line 58, in __call__
    return await handler(event, data)
           ^^^^^^^^^^^^^^^^^^^^^^^^^^
  File "C:\Users\Руслан\AppData\Local\Programs\Python\Python312\Lib\site-packages\aiogram\fsm\middleware.py", line 43, in __call__
    return await handler(event, data)
           ^^^^^^^^^^^^^^^^^^^^^^^^^^
  File "C:\Users\Руслан\AppData\Local\Programs\Python\Python312\Lib\site-packages\aiogram\dispatcher\event\telegram.py", line 126, in trigger
    return await wrapped_inner(event, kwargs)
           ^^^^^^^^^^^^^^^^^^^^^^^^^^^^^^^^^^
  File "C:\Users\Руслан\AppData\Local\Programs\Python\Python312\Lib\site-packages\aiogram\dispatcher\event\handler.py", line 71, in call
    return await wrapped()
           ^^^^^^^^^^^^^^^
  File "C:\Users\Руслан\AppData\Local\Programs\Python\Python312\Lib\site-packages\aiogram\dispatcher\dispatcher.py", line 283, in _listen_update
    return await self.propagate_event(update_type=update_type, event=event, **kwargs)
           ^^^^^^^^^^^^^^^^^^^^^^^^^^^^^^^^^^^^^^^^^^^^^^^^^^^^^^^^^^^^^^^^^^^^^^^^^^
  File "C:\Users\Руслан\AppData\Local\Programs\Python\Python312\Lib\site-packages\aiogram\dispatcher\router.py", line 161, in propagate_event
    return await observer.wrap_outer_middleware(_wrapped, event=event, data=kwargs)
           ^^^^^^^^^^^^^^^^^^^^^^^^^^^^^^^^^^^^^^^^^^^^^^^^^^^^^^^^^^^^^^^^^^^^^^^^
  File "C:\Users\Руслан\AppData\Local\Programs\Python\Python312\Lib\site-packages\aiogram\dispatcher\router.py", line 153, in _wrapped
    return await self._propagate_event(
           ^^^^^^^^^^^^^^^^^^^^^^^^^^^^
  File "C:\Users\Руслан\AppData\Local\Programs\Python\Python312\Lib\site-packages\aiogram\dispatcher\router.py", line 189, in _propagate_event
    response = await router.propagate_event(update_type=update_type, event=event, **kwargs)
               ^^^^^^^^^^^^^^^^^^^^^^^^^^^^^^^^^^^^^^^^^^^^^^^^^^^^^^^^^^^^^^^^^^^^^^^^^^^^
  File "C:\Users\Руслан\AppData\Local\Programs\Python\Python312\Lib\site-packages\aiogram\dispatcher\router.py", line 161, in propagate_event
    return await observer.wrap_outer_middleware(_wrapped, event=event, data=kwargs)
           ^^^^^^^^^^^^^^^^^^^^^^^^^^^^^^^^^^^^^^^^^^^^^^^^^^^^^^^^^^^^^^^^^^^^^^^^
  File "C:\Users\Руслан\AppData\Local\Programs\Python\Python312\Lib\site-packages\aiogram\dispatcher\router.py", line 153, in _wrapped
    return await self._propagate_event(
           ^^^^^^^^^^^^^^^^^^^^^^^^^^^^
  File "C:\Users\Руслан\AppData\Local\Programs\Python\Python312\Lib\site-packages\aiogram\dispatcher\router.py", line 181, in _propagate_event
    response = await observer.trigger(event, **kwargs)
               ^^^^^^^^^^^^^^^^^^^^^^^^^^^^^^^^^^^^^^^
  File "C:\Users\Руслан\AppData\Local\Programs\Python\Python312\Lib\site-packages\aiogram\dispatcher\event\telegram.py", line 126, in trigger
    return await wrapped_inner(event, kwargs)
           ^^^^^^^^^^^^^^^^^^^^^^^^^^^^^^^^^^
  File "C:\Users\Руслан\AppData\Local\Programs\Python\Python312\Lib\site-packages\aiogram\dispatcher\event\handler.py", line 71, in call
    return await wrapped()
           ^^^^^^^^^^^^^^^
  File "C:\Users\Руслан\OneDrive\Рабочий стол\DGTU_Bot\handlers\commands.py", line 55, in show_main_menu_from_welcome
    await callback.message.edit_caption(caption=text, reply_markup=get_main_keyboard())
  File "C:\Users\Руслан\AppData\Local\Programs\Python\Python312\Lib\site-packages\aiogram\methods\base.py", line 82, in emit
    return await bot(self)
           ^^^^^^^^^^^^^^^
  File "C:\Users\Руслан\AppData\Local\Programs\Python\Python312\Lib\site-packages\aiogram\client\bot.py", line 488, in __call__
    return await self.session(self, method, timeout=request_timeout)
           ^^^^^^^^^^^^^^^^^^^^^^^^^^^^^^^^^^^^^^^^^^^^^^^^^^^^^^^^^
  File "C:\Users\Руслан\AppData\Local\Programs\Python\Python312\Lib\site-packages\aiogram\client\session\base.py", line 259, in __call__
    return cast(TelegramType, await middleware(bot, method))
                              ^^^^^^^^^^^^^^^^^^^^^^^^^^^^^
  File "C:\Users\Руслан\AppData\Local\Programs\Python\Python312\Lib\site-packages\aiogram\client\session\aiohttp.py", line 177, in make_request
    response = self.check_response(
               ^^^^^^^^^^^^^^^^^^^^
  File "C:\Users\Руслан\AppData\Local\Programs\Python\Python312\Lib\site-packages\aiogram\client\session\base.py", line 121, in check_response
    raise TelegramBadRequest(method=method, message=description)
aiogram.exceptions.TelegramBadRequest: Telegram server says - Bad Request: there is no caption in the message to edit
2026-04-04 13:04:06,770 - aiogram.dispatcher - ERROR - Failed to fetch updates - TelegramNetworkError: HTTP Client says - ServerDisconnectedError: Server disconnected
2026-04-04 13:04:06,770 - aiogram.dispatcher - WARNING - Sleep for 1.000000 seconds and try again... (tryings = 0, bot id = 8628225993)
2026-04-04 13:04:07,034 - services.database - INFO - 🔌 База данных отключена
2026-04-04 13:04:10,962 - services.database - INFO - ✅ База данных подключена (SQLite)
2026-04-04 13:04:10,962 - services.llm_service - INFO - ✅ GigaChat сервис инициализирован (с доступом к сайту ДГТУ)
2026-04-04 13:04:11,874 - utils.logger - INFO - ✅ Бот: @iivt_dgtu_bot | Прокси: 45.130.124.72:8000
2026-04-04 13:04:11,874 - utils.logger - INFO - ======================================================================
2026-04-04 13:04:11,874 - utils.logger - INFO - 🤖 ИиВТ ДГТУ Помощник — ЗАПУЩЕН
2026-04-04 13:04:11,875 - utils.logger - INFO - ======================================================================
2026-04-04 13:04:11,875 - utils.logger - INFO - ✅ База данных подключена (SQLite)
2026-04-04 13:04:11,875 - utils.logger - INFO - ✅ Кеш токенов активирован
2026-04-04 13:04:11,875 - utils.logger - INFO - ✅ Токен: 8628225993:AAEvnCL9BWCN_zDUkta...
2026-04-04 13:04:11,875 - utils.logger - INFO - 🔌 Прокси: 45.130.124.72:8000
2026-04-04 13:04:11,875 - utils.logger - INFO - ✅ Роутеры подключены
2026-04-04 13:04:11,875 - utils.logger - INFO - ✅ ИИ (GigaChat) готов
2026-04-04 13:04:11,875 - utils.logger - INFO - ✅ Кеширование включено
2026-04-04 13:04:11,875 - utils.logger - INFO - ✅ Умный поиск: /search
2026-04-04 13:04:11,875 - utils.logger - INFO - ✅ Связь с волонтёром: /quick_help
2026-04-04 13:04:11,875 - utils.logger - INFO - ✅ Тест направления: /quiz
2026-04-04 13:04:11,875 - utils.logger - INFO - ======================================================================
2026-04-04 13:04:11,875 - utils.logger - INFO - 🚀 БОТ ЗАПУЩЕН!
2026-04-04 13:04:11,875 - utils.logger - INFO - 📱 Telegram: /start
2026-04-04 13:04:11,876 - utils.logger - INFO - 📊 Статистика: /stats
2026-04-04 13:04:11,876 - utils.logger - INFO - 📋 Чек-лист: /checklist
2026-04-04 13:04:11,876 - utils.logger - INFO - 🧮 Калькулятор: /calculator
2026-04-04 13:04:11,876 - utils.logger - INFO - 🔍 Поиск: /search
2026-04-04 13:04:11,876 - utils.logger - INFO - 📞 Помощь: /quick_help
2026-04-04 13:04:11,876 - utils.logger - INFO - 🎯 Тест: /quiz
2026-04-04 13:04:11,876 - utils.logger - INFO - ⏹️  Остановка: Ctrl + C
2026-04-04 13:04:11,876 - utils.logger - INFO - ======================================================================
2026-04-04 13:04:40,747 - aiogram.event - ERROR - Cause exception while process update id=370414625 by bot id=8628225993
TelegramBadRequest: Telegram server says - Bad Request: there is no caption in the message to edit
Traceback (most recent call last):
  File "C:\Users\Руслан\AppData\Local\Programs\Python\Python312\Lib\site-packages\aiogram\dispatcher\dispatcher.py", line 320, in _process_update
    response = await self.feed_update(bot, update, **kwargs)
               ^^^^^^^^^^^^^^^^^^^^^^^^^^^^^^^^^^^^^^^^^^^^^
  File "C:\Users\Руслан\AppData\Local\Programs\Python\Python312\Lib\site-packages\aiogram\dispatcher\dispatcher.py", line 164, in feed_update
    response = await self.update.wrap_outer_middleware(
               ^^^^^^^^^^^^^^^^^^^^^^^^^^^^^^^^^^^^^^^^
  File "C:\Users\Руслан\AppData\Local\Programs\Python\Python312\Lib\site-packages\aiogram\dispatcher\middlewares\error.py", line 27, in __call__
    return await handler(event, data)
           ^^^^^^^^^^^^^^^^^^^^^^^^^^
  File "C:\Users\Руслан\AppData\Local\Programs\Python\Python312\Lib\site-packages\aiogram\dispatcher\middlewares\user_context.py", line 58, in __call__
    return await handler(event, data)
           ^^^^^^^^^^^^^^^^^^^^^^^^^^
  File "C:\Users\Руслан\AppData\Local\Programs\Python\Python312\Lib\site-packages\aiogram\fsm\middleware.py", line 43, in __call__
    return await handler(event, data)
           ^^^^^^^^^^^^^^^^^^^^^^^^^^
  File "C:\Users\Руслан\AppData\Local\Programs\Python\Python312\Lib\site-packages\aiogram\dispatcher\event\telegram.py", line 126, in trigger
    return await wrapped_inner(event, kwargs)
           ^^^^^^^^^^^^^^^^^^^^^^^^^^^^^^^^^^
  File "C:\Users\Руслан\AppData\Local\Programs\Python\Python312\Lib\site-packages\aiogram\dispatcher\event\handler.py", line 71, in call
    return await wrapped()
           ^^^^^^^^^^^^^^^
  File "C:\Users\Руслан\AppData\Local\Programs\Python\Python312\Lib\site-packages\aiogram\dispatcher\dispatcher.py", line 283, in _listen_update
    return await self.propagate_event(update_type=update_type, event=event, **kwargs)
           ^^^^^^^^^^^^^^^^^^^^^^^^^^^^^^^^^^^^^^^^^^^^^^^^^^^^^^^^^^^^^^^^^^^^^^^^^^
  File "C:\Users\Руслан\AppData\Local\Programs\Python\Python312\Lib\site-packages\aiogram\dispatcher\router.py", line 161, in propagate_event
    return await observer.wrap_outer_middleware(_wrapped, event=event, data=kwargs)
           ^^^^^^^^^^^^^^^^^^^^^^^^^^^^^^^^^^^^^^^^^^^^^^^^^^^^^^^^^^^^^^^^^^^^^^^^
  File "C:\Users\Руслан\AppData\Local\Programs\Python\Python312\Lib\site-packages\aiogram\dispatcher\router.py", line 153, in _wrapped
    return await self._propagate_event(
           ^^^^^^^^^^^^^^^^^^^^^^^^^^^^
  File "C:\Users\Руслан\AppData\Local\Programs\Python\Python312\Lib\site-packages\aiogram\dispatcher\router.py", line 189, in _propagate_event
    response = await router.propagate_event(update_type=update_type, event=event, **kwargs)
               ^^^^^^^^^^^^^^^^^^^^^^^^^^^^^^^^^^^^^^^^^^^^^^^^^^^^^^^^^^^^^^^^^^^^^^^^^^^^
  File "C:\Users\Руслан\AppData\Local\Programs\Python\Python312\Lib\site-packages\aiogram\dispatcher\router.py", line 161, in propagate_event
    return await observer.wrap_outer_middleware(_wrapped, event=event, data=kwargs)
           ^^^^^^^^^^^^^^^^^^^^^^^^^^^^^^^^^^^^^^^^^^^^^^^^^^^^^^^^^^^^^^^^^^^^^^^^
  File "C:\Users\Руслан\AppData\Local\Programs\Python\Python312\Lib\site-packages\aiogram\dispatcher\router.py", line 153, in _wrapped
    return await self._propagate_event(
           ^^^^^^^^^^^^^^^^^^^^^^^^^^^^
  File "C:\Users\Руслан\AppData\Local\Programs\Python\Python312\Lib\site-packages\aiogram\dispatcher\router.py", line 181, in _propagate_event
    response = await observer.trigger(event, **kwargs)
               ^^^^^^^^^^^^^^^^^^^^^^^^^^^^^^^^^^^^^^^
  File "C:\Users\Руслан\AppData\Local\Programs\Python\Python312\Lib\site-packages\aiogram\dispatcher\event\telegram.py", line 126, in trigger
    return await wrapped_inner(event, kwargs)
           ^^^^^^^^^^^^^^^^^^^^^^^^^^^^^^^^^^
  File "C:\Users\Руслан\AppData\Local\Programs\Python\Python312\Lib\site-packages\aiogram\dispatcher\event\handler.py", line 71, in call
    return await wrapped()
           ^^^^^^^^^^^^^^^
  File "C:\Users\Руслан\OneDrive\Рабочий стол\DGTU_Bot\handlers\commands.py", line 55, in show_main_menu_from_welcome
    await callback.message.edit_caption(caption=text, reply_markup=get_main_keyboard())
  File "C:\Users\Руслан\AppData\Local\Programs\Python\Python312\Lib\site-packages\aiogram\methods\base.py", line 82, in emit
    return await bot(self)
           ^^^^^^^^^^^^^^^
  File "C:\Users\Руслан\AppData\Local\Programs\Python\Python312\Lib\site-packages\aiogram\client\bot.py", line 488, in __call__
    return await self.session(self, method, timeout=request_timeout)
           ^^^^^^^^^^^^^^^^^^^^^^^^^^^^^^^^^^^^^^^^^^^^^^^^^^^^^^^^^
  File "C:\Users\Руслан\AppData\Local\Programs\Python\Python312\Lib\site-packages\aiogram\client\session\base.py", line 259, in __call__
    return cast(TelegramType, await middleware(bot, method))
                              ^^^^^^^^^^^^^^^^^^^^^^^^^^^^^
  File "C:\Users\Руслан\AppData\Local\Programs\Python\Python312\Lib\site-packages\aiogram\client\session\aiohttp.py", line 177, in make_request
    response = self.check_response(
               ^^^^^^^^^^^^^^^^^^^^
  File "C:\Users\Руслан\AppData\Local\Programs\Python\Python312\Lib\site-packages\aiogram\client\session\base.py", line 121, in check_response
    raise TelegramBadRequest(method=method, message=description)
aiogram.exceptions.TelegramBadRequest: Telegram server says - Bad Request: there is no caption in the message to edit
2026-04-04 13:08:27,810 - aiogram.dispatcher - ERROR - Failed to fetch updates - TelegramNetworkError: HTTP Client says - ServerDisconnectedError: Server disconnected
2026-04-04 13:08:27,810 - aiogram.dispatcher - WARNING - Sleep for 1.000000 seconds and try again... (tryings = 0, bot id = 8628225993)
2026-04-04 13:08:28,076 - services.database - INFO - 🔌 База данных отключена
2026-04-04 13:08:33,259 - services.database - INFO - ✅ База данных подключена (SQLite)
2026-04-04 13:08:33,259 - services.llm_service - INFO - ✅ GigaChat сервис инициализирован (с доступом к сайту ДГТУ)
2026-04-04 13:08:34,121 - utils.logger - INFO - ✅ Бот: @iivt_dgtu_bot | Прокси: 45.130.124.72:8000
2026-04-04 13:08:34,122 - utils.logger - INFO - ======================================================================
2026-04-04 13:08:34,122 - utils.logger - INFO - 🤖 ИиВТ ДГТУ Помощник — ЗАПУЩЕН
2026-04-04 13:08:34,122 - utils.logger - INFO - ======================================================================
2026-04-04 13:08:34,122 - utils.logger - INFO - ✅ База данных подключена (SQLite)
2026-04-04 13:08:34,122 - utils.logger - INFO - ✅ Кеш токенов активирован
2026-04-04 13:08:34,122 - utils.logger - INFO - ✅ Токен: 8628225993:AAEvnCL9BWCN_zDUkta...
2026-04-04 13:08:34,122 - utils.logger - INFO - 🔌 Прокси: 45.130.124.72:8000
2026-04-04 13:08:34,122 - utils.logger - INFO - ✅ Роутеры подключены
2026-04-04 13:08:34,122 - utils.logger - INFO - ✅ ИИ (GigaChat) готов
2026-04-04 13:08:34,123 - utils.logger - INFO - ✅ Кеширование включено
2026-04-04 13:08:34,123 - utils.logger - INFO - ✅ Умный поиск: /search
2026-04-04 13:08:34,123 - utils.logger - INFO - ✅ Связь с волонтёром: /quick_help
2026-04-04 13:08:34,123 - utils.logger - INFO - ✅ Тест направления: /quiz
2026-04-04 13:08:34,123 - utils.logger - INFO - ======================================================================
2026-04-04 13:08:34,123 - utils.logger - INFO - 🚀 БОТ ЗАПУЩЕН!
2026-04-04 13:08:34,123 - utils.logger - INFO - 📱 Telegram: /start
2026-04-04 13:08:34,123 - utils.logger - INFO - 📊 Статистика: /stats
2026-04-04 13:08:34,123 - utils.logger - INFO - 📋 Чек-лист: /checklist
2026-04-04 13:08:34,123 - utils.logger - INFO - 🧮 Калькулятор: /calculator
2026-04-04 13:08:34,123 - utils.logger - INFO - 🔍 Поиск: /search
2026-04-04 13:08:34,123 - utils.logger - INFO - 📞 Помощь: /quick_help
2026-04-04 13:08:34,123 - utils.logger - INFO - 🎯 Тест: /quiz
2026-04-04 13:08:34,124 - utils.logger - INFO - ⏹️  Остановка: Ctrl + C
2026-04-04 13:08:34,124 - utils.logger - INFO - ======================================================================
2026-04-04 13:12:39,227 - handlers.faq_handler - INFO - 🔍 Поиск: общежитие\
2026-04-04 13:13:02,700 - handlers.faq_handler - INFO - 🔍 Поиск: проходные баллы
2026-04-04 13:32:10,008 - aiogram.dispatcher - ERROR - Failed to fetch updates - TelegramNetworkError: HTTP Client says - ServerDisconnectedError: Server disconnected
2026-04-04 13:32:10,008 - aiogram.dispatcher - WARNING - Sleep for 1.000000 seconds and try again... (tryings = 0, bot id = 8628225993)
2026-04-04 13:32:10,271 - services.database - INFO - 🔌 База данных отключена
2026-04-04 13:35:14,590 - services.database - INFO - ✅ База данных подключена (SQLite)
2026-04-04 13:35:14,591 - services.llm_service - INFO - ✅ GigaChat сервис инициализирован (с доступом к сайту ДГТУ)
2026-04-04 13:35:15,478 - utils.logger - INFO - ✅ Бот: @iivt_dgtu_bot | Прокси: 45.130.124.72:8000
2026-04-04 13:35:15,479 - utils.logger - INFO - ======================================================================
2026-04-04 13:35:15,479 - utils.logger - INFO - 🤖 ИиВТ ДГТУ Помощник — ЗАПУЩЕН
2026-04-04 13:35:15,480 - utils.logger - INFO - ======================================================================
2026-04-04 13:35:15,480 - utils.logger - INFO - ✅ База данных подключена (SQLite)
2026-04-04 13:35:15,480 - utils.logger - INFO - ✅ Кеш токенов активирован
2026-04-04 13:35:15,480 - utils.logger - INFO - ✅ Токен: 8628225993:AAEvnCL9BWCN_zDUkta...
2026-04-04 13:35:15,480 - utils.logger - INFO - 🔌 Прокси: 45.130.124.72:8000
2026-04-04 13:35:15,480 - utils.logger - INFO - ✅ Роутеры подключены
2026-04-04 13:35:15,480 - utils.logger - INFO - ✅ ИИ (GigaChat) готов
2026-04-04 13:35:15,480 - utils.logger - INFO - ✅ Кеширование включено
2026-04-04 13:35:15,480 - utils.logger - INFO - ✅ Умный поиск: /search
2026-04-04 13:35:15,481 - utils.logger - INFO - ✅ Связь с волонтёром: /quick_help
2026-04-04 13:35:15,481 - utils.logger - INFO - ✅ Тест направления: /quiz
2026-04-04 13:35:15,481 - utils.logger - INFO - ======================================================================
2026-04-04 13:35:15,481 - utils.logger - INFO - 🚀 БОТ ЗАПУЩЕН!
2026-04-04 13:35:15,481 - utils.logger - INFO - 📱 Telegram: /start
2026-04-04 13:35:15,481 - utils.logger - INFO - 📊 Статистика: /stats
2026-04-04 13:35:15,481 - utils.logger - INFO - 📋 Чек-лист: /checklist
2026-04-04 13:35:15,481 - utils.logger - INFO - 🧮 Калькулятор: /calculator
2026-04-04 13:35:15,482 - utils.logger - INFO - 🔍 Поиск: /search
2026-04-04 13:35:15,482 - utils.logger - INFO - 📞 Помощь: /quick_help
2026-04-04 13:35:15,482 - utils.logger - INFO - 🎯 Тест: /quiz
2026-04-04 13:35:15,482 - utils.logger - INFO - ⏹️  Остановка: Ctrl + C
2026-04-04 13:35:15,482 - utils.logger - INFO - ======================================================================
2026-04-04 13:40:08,348 - handlers.calculator - INFO - 🧮 /calculator от пользователя 1057899073
2026-04-04 13:40:13,528 - handlers.calculator - INFO - 🧮 /calculator от пользователя 1057899073
2026-04-04 13:40:39,117 - handlers.faq_handler - INFO - 🔍 Поиск: стоимость
2026-04-04 14:46:15,097 - aiogram.dispatcher - ERROR - Failed to fetch updates - TelegramNetworkError: HTTP Client says - ServerDisconnectedError: Server disconnected
2026-04-04 14:46:15,097 - aiogram.dispatcher - WARNING - Sleep for 1.000000 seconds and try again... (tryings = 0, bot id = 8628225993)
2026-04-04 14:46:15,357 - services.database - INFO - 🔌 База данных отключена
2026-04-04 14:46:18,911 - services.database - INFO - ✅ База данных подключена (SQLite)
2026-04-04 14:46:18,911 - services.llm_service - INFO - ✅ GigaChat сервис инициализирован (с доступом к сайту ДГТУ)
2026-04-04 14:46:19,804 - utils.logger - INFO - ✅ Бот: @iivt_dgtu_bot | Прокси: 45.130.124.72:8000
2026-04-04 14:46:19,804 - utils.logger - INFO - ======================================================================
2026-04-04 14:46:19,804 - utils.logger - INFO - 🤖 ИиВТ ДГТУ Помощник — ЗАПУЩЕН
2026-04-04 14:46:19,805 - utils.logger - INFO - ======================================================================
2026-04-04 14:46:19,805 - utils.logger - INFO - ✅ База данных подключена (SQLite)
2026-04-04 14:46:19,805 - utils.logger - INFO - ✅ Кеш токенов активирован
2026-04-04 14:46:19,805 - utils.logger - INFO - ✅ Токен: 8628225993:AAEvnCL9BWCN_zDUkta...
2026-04-04 14:46:19,805 - utils.logger - INFO - 🔌 Прокси: 45.130.124.72:8000
2026-04-04 14:46:19,805 - utils.logger - INFO - ✅ Роутеры подключены
2026-04-04 14:46:19,805 - utils.logger - INFO - ✅ ИИ (GigaChat) готов
2026-04-04 14:46:19,805 - utils.logger - INFO - ✅ Кеширование включено
2026-04-04 14:46:19,805 - utils.logger - INFO - ✅ Умный поиск: /search
2026-04-04 14:46:19,805 - utils.logger - INFO - ✅ Связь с волонтёром: /quick_help
2026-04-04 14:46:19,805 - utils.logger - INFO - ✅ Тест направления: /quiz
2026-04-04 14:46:19,805 - utils.logger - INFO - ======================================================================
2026-04-04 14:46:19,806 - utils.logger - INFO - 🚀 БОТ ЗАПУЩЕН!
2026-04-04 14:46:19,806 - utils.logger - INFO - 📱 Telegram: /start
2026-04-04 14:46:19,806 - utils.logger - INFO - 📊 Статистика: /stats
2026-04-04 14:46:19,806 - utils.logger - INFO - 📋 Чек-лист: /checklist
2026-04-04 14:46:19,806 - utils.logger - INFO - 🧮 Калькулятор: /calculator
2026-04-04 14:46:19,806 - utils.logger - INFO - 🔍 Поиск: /search
2026-04-04 14:46:19,806 - utils.logger - INFO - 📞 Помощь: /quick_help
2026-04-04 14:46:19,806 - utils.logger - INFO - 🎯 Тест: /quiz
2026-04-04 14:46:19,806 - utils.logger - INFO - ⏹️  Остановка: Ctrl + C
2026-04-04 14:46:19,806 - utils.logger - INFO - ======================================================================
2026-04-04 14:52:59,515 - handlers.faq_handler - INFO - 🔍 Поиск: степендии
2026-04-04 14:53:07,988 - handlers.faq_handler - INFO - 🔍 Поиск: стипендии
2026-04-04 15:03:54,142 - aiogram.dispatcher - ERROR - Failed to fetch updates - TelegramNetworkError: HTTP Client says - ServerDisconnectedError: Server disconnected
2026-04-04 15:03:54,142 - aiogram.dispatcher - WARNING - Sleep for 1.000000 seconds and try again... (tryings = 0, bot id = 8628225993)
2026-04-04 15:03:54,408 - services.database - INFO - 🔌 База данных отключена
2026-04-04 15:03:57,723 - services.database - INFO - ✅ База данных подключена (SQLite)
2026-04-04 15:03:57,723 - services.llm_service - INFO - ✅ GigaChat сервис инициализирован (с доступом к сайту ДГТУ)
2026-04-04 15:03:58,586 - utils.logger - INFO - ✅ Бот: @iivt_dgtu_bot | Прокси: 45.130.124.72:8000
2026-04-04 15:03:58,586 - utils.logger - INFO - ======================================================================
2026-04-04 15:03:58,587 - utils.logger - INFO - 🤖 ИиВТ ДГТУ Помощник — ЗАПУЩЕН
2026-04-04 15:03:58,587 - utils.logger - INFO - ======================================================================
2026-04-04 15:03:58,587 - utils.logger - INFO - ✅ База данных подключена (SQLite)
2026-04-04 15:03:58,587 - utils.logger - INFO - ✅ Кеш токенов активирован
2026-04-04 15:03:58,587 - utils.logger - INFO - ✅ Токен: 8628225993:AAEvnCL9BWCN_zDUkta...
2026-04-04 15:03:58,587 - utils.logger - INFO - 🔌 Прокси: 45.130.124.72:8000
2026-04-04 15:03:58,587 - utils.logger - INFO - ✅ Роутеры подключены
2026-04-04 15:03:58,587 - utils.logger - INFO - ✅ ИИ (GigaChat) готов
2026-04-04 15:03:58,587 - utils.logger - INFO - ✅ Кеширование включено
2026-04-04 15:03:58,587 - utils.logger - INFO - ✅ Умный поиск: /search
2026-04-04 15:03:58,588 - utils.logger - INFO - ✅ Связь с волонтёром: /quick_help
2026-04-04 15:03:58,588 - utils.logger - INFO - ✅ Тест направления: /quiz
2026-04-04 15:03:58,588 - utils.logger - INFO - ======================================================================
2026-04-04 15:03:58,588 - utils.logger - INFO - 🚀 БОТ ЗАПУЩЕН!
2026-04-04 15:03:58,588 - utils.logger - INFO - 📱 Telegram: /start
2026-04-04 15:03:58,588 - utils.logger - INFO - 📊 Статистика: /stats
2026-04-04 15:03:58,588 - utils.logger - INFO - 📋 Чек-лист: /checklist
2026-04-04 15:03:58,588 - utils.logger - INFO - 🧮 Калькулятор: /calculator
2026-04-04 15:03:58,588 - utils.logger - INFO - 🔍 Поиск: /search
2026-04-04 15:03:58,588 - utils.logger - INFO - 📞 Помощь: /quick_help
2026-04-04 15:03:58,588 - utils.logger - INFO - 🎯 Тест: /quiz
2026-04-04 15:03:58,588 - utils.logger - INFO - ⏹️  Остановка: Ctrl + C
2026-04-04 15:03:58,589 - utils.logger - INFO - ======================================================================
2026-04-04 15:05:28,006 - handlers.faq_handler - INFO - 🔍 Поиск: стипендия
2026-04-04 15:22:45,043 - aiogram.dispatcher - ERROR - Failed to fetch updates - TelegramNetworkError: HTTP Client says - ServerDisconnectedError: Server disconnected
2026-04-04 15:22:45,043 - aiogram.dispatcher - WARNING - Sleep for 1.000000 seconds and try again... (tryings = 0, bot id = 8628225993)
2026-04-04 15:22:45,303 - services.database - INFO - 🔌 База данных отключена
2026-04-04 15:22:48,681 - services.database - INFO - ✅ База данных подключена (SQLite)
2026-04-04 15:22:48,681 - services.llm_service - INFO - ✅ GigaChat сервис инициализирован (с доступом к сайту ДГТУ)
2026-04-04 15:22:49,568 - utils.logger - INFO - ✅ Бот: @iivt_dgtu_bot | Прокси: 45.130.124.72:8000
2026-04-04 15:22:49,569 - utils.logger - INFO - ======================================================================
2026-04-04 15:22:49,569 - utils.logger - INFO - 🤖 ИиВТ ДГТУ Помощник — ЗАПУЩЕН
2026-04-04 15:22:49,569 - utils.logger - INFO - ======================================================================
2026-04-04 15:22:49,569 - utils.logger - INFO - ✅ База данных подключена (SQLite)
2026-04-04 15:22:49,569 - utils.logger - INFO - ✅ Кеш токенов активирован
2026-04-04 15:22:49,570 - utils.logger - INFO - ✅ Токен: 8628225993:AAEvnCL9BWCN_zDUkta...
2026-04-04 15:22:49,570 - utils.logger - INFO - 🔌 Прокси: 45.130.124.72:8000
2026-04-04 15:22:49,570 - utils.logger - INFO - ✅ Роутеры подключены
2026-04-04 15:22:49,570 - utils.logger - INFO - ✅ ИИ (GigaChat) готов
2026-04-04 15:22:49,570 - utils.logger - INFO - ✅ Кеширование включено
2026-04-04 15:22:49,570 - utils.logger - INFO - ✅ Умный поиск: /search
2026-04-04 15:22:49,570 - utils.logger - INFO - ✅ Связь с волонтёром: /quick_help
2026-04-04 15:22:49,570 - utils.logger - INFO - ✅ Тест направления: /quiz
2026-04-04 15:22:49,570 - utils.logger - INFO - ======================================================================
2026-04-04 15:22:49,570 - utils.logger - INFO - 🚀 БОТ ЗАПУЩЕН!
2026-04-04 15:22:49,570 - utils.logger - INFO - 📱 Telegram: /start
2026-04-04 15:22:49,570 - utils.logger - INFO - 📊 Статистика: /stats
2026-04-04 15:22:49,570 - utils.logger - INFO - 📋 Чек-лист: /checklist
2026-04-04 15:22:49,570 - utils.logger - INFO - 🧮 Калькулятор: /calculator
2026-04-04 15:22:49,571 - utils.logger - INFO - 🔍 Поиск: /search
2026-04-04 15:22:49,571 - utils.logger - INFO - 📞 Помощь: /quick_help
2026-04-04 15:22:49,571 - utils.logger - INFO - 🎯 Тест: /quiz
2026-04-04 15:22:49,571 - utils.logger - INFO - ⏹️  Остановка: Ctrl + C
2026-04-04 15:22:49,571 - utils.logger - INFO - ======================================================================
2026-04-04 15:27:16,466 - aiogram.dispatcher - ERROR - Failed to fetch updates - TelegramNetworkError: HTTP Client says - ServerDisconnectedError: Server disconnected
2026-04-04 15:27:16,466 - aiogram.dispatcher - WARNING - Sleep for 1.000000 seconds and try again... (tryings = 0, bot id = 8628225993)
2026-04-04 15:27:16,728 - services.database - INFO - 🔌 База данных отключена
2026-04-04 15:27:20,468 - services.database - INFO - ✅ База данных подключена (SQLite)
2026-04-04 15:27:20,468 - services.llm_service - INFO - ✅ GigaChat сервис инициализирован (с доступом к сайту ДГТУ)
2026-04-04 15:27:21,321 - utils.logger - INFO - ✅ Бот: @iivt_dgtu_bot | Прокси: 45.130.124.72:8000
2026-04-04 15:27:21,322 - utils.logger - INFO - ======================================================================
2026-04-04 15:27:21,322 - utils.logger - INFO - 🤖 ИиВТ ДГТУ Помощник — ЗАПУЩЕН
2026-04-04 15:27:21,322 - utils.logger - INFO - ======================================================================
2026-04-04 15:27:21,322 - utils.logger - INFO - ✅ База данных подключена (SQLite)
2026-04-04 15:27:21,323 - utils.logger - INFO - ✅ Кеш токенов активирован
2026-04-04 15:27:21,323 - utils.logger - INFO - ✅ Токен: 8628225993:AAEvnCL9BWCN_zDUkta...
2026-04-04 15:27:21,323 - utils.logger - INFO - 🔌 Прокси: 45.130.124.72:8000
2026-04-04 15:27:21,323 - utils.logger - INFO - ✅ Роутеры подключены
2026-04-04 15:27:21,323 - utils.logger - INFO - ✅ ИИ (GigaChat) готов
2026-04-04 15:27:21,323 - utils.logger - INFO - ✅ Кеширование включено
2026-04-04 15:27:21,323 - utils.logger - INFO - ✅ Умный поиск: /search
2026-04-04 15:27:21,323 - utils.logger - INFO - ✅ Связь с волонтёром: /quick_help
2026-04-04 15:27:21,323 - utils.logger - INFO - ✅ Тест направления: /quiz
2026-04-04 15:27:21,323 - utils.logger - INFO - ======================================================================
2026-04-04 15:27:21,323 - utils.logger - INFO - 🚀 БОТ ЗАПУЩЕН!
2026-04-04 15:27:21,323 - utils.logger - INFO - 📱 Telegram: /start
2026-04-04 15:27:21,324 - utils.logger - INFO - 📊 Статистика: /stats
2026-04-04 15:27:21,324 - utils.logger - INFO - 📋 Чек-лист: /checklist
2026-04-04 15:27:21,324 - utils.logger - INFO - 🧮 Калькулятор: /calculator
2026-04-04 15:27:21,324 - utils.logger - INFO - 🔍 Поиск: /search
2026-04-04 15:27:21,324 - utils.logger - INFO - 📞 Помощь: /quick_help
2026-04-04 15:27:21,324 - utils.logger - INFO - 🎯 Тест: /quiz
2026-04-04 15:27:21,324 - utils.logger - INFO - ⏹️  Остановка: Ctrl + C
2026-04-04 15:27:21,324 - utils.logger - INFO - ======================================================================
2026-04-04 15:28:15,497 - handlers.faq_handler - INFO - 🔍 Поиск: стипендии
2026-04-04 15:35:17,334 - handlers.checklist - INFO - 📋 /checklist от пользователя 7934294012
2026-04-04 15:35:17,888 - handlers.checklist - INFO -    ✅ Отправлено
2026-04-04 15:35:27,892 - aiogram.event - ERROR - Cause exception while process update id=370414782 by bot id=8628225993
AttributeError: 'int' object has no attribute 'get'
Traceback (most recent call last):
  File "C:\Users\Руслан\AppData\Local\Programs\Python\Python312\Lib\site-packages\aiogram\dispatcher\dispatcher.py", line 320, in _process_update
    response = await self.feed_update(bot, update, **kwargs)
               ^^^^^^^^^^^^^^^^^^^^^^^^^^^^^^^^^^^^^^^^^^^^^
  File "C:\Users\Руслан\AppData\Local\Programs\Python\Python312\Lib\site-packages\aiogram\dispatcher\dispatcher.py", line 164, in feed_update
    response = await self.update.wrap_outer_middleware(
               ^^^^^^^^^^^^^^^^^^^^^^^^^^^^^^^^^^^^^^^^
  File "C:\Users\Руслан\AppData\Local\Programs\Python\Python312\Lib\site-packages\aiogram\dispatcher\middlewares\error.py", line 27, in __call__
    return await handler(event, data)
           ^^^^^^^^^^^^^^^^^^^^^^^^^^
  File "C:\Users\Руслан\AppData\Local\Programs\Python\Python312\Lib\site-packages\aiogram\dispatcher\middlewares\user_context.py", line 58, in __call__
    return await handler(event, data)
           ^^^^^^^^^^^^^^^^^^^^^^^^^^
  File "C:\Users\Руслан\AppData\Local\Programs\Python\Python312\Lib\site-packages\aiogram\fsm\middleware.py", line 43, in __call__
    return await handler(event, data)
           ^^^^^^^^^^^^^^^^^^^^^^^^^^
  File "C:\Users\Руслан\AppData\Local\Programs\Python\Python312\Lib\site-packages\aiogram\dispatcher\event\telegram.py", line 126, in trigger
    return await wrapped_inner(event, kwargs)
           ^^^^^^^^^^^^^^^^^^^^^^^^^^^^^^^^^^
  File "C:\Users\Руслан\AppData\Local\Programs\Python\Python312\Lib\site-packages\aiogram\dispatcher\event\handler.py", line 71, in call
    return await wrapped()
           ^^^^^^^^^^^^^^^
  File "C:\Users\Руслан\AppData\Local\Programs\Python\Python312\Lib\site-packages\aiogram\dispatcher\dispatcher.py", line 283, in _listen_update
    return await self.propagate_event(update_type=update_type, event=event, **kwargs)
           ^^^^^^^^^^^^^^^^^^^^^^^^^^^^^^^^^^^^^^^^^^^^^^^^^^^^^^^^^^^^^^^^^^^^^^^^^^
  File "C:\Users\Руслан\AppData\Local\Programs\Python\Python312\Lib\site-packages\aiogram\dispatcher\router.py", line 161, in propagate_event
    return await observer.wrap_outer_middleware(_wrapped, event=event, data=kwargs)
           ^^^^^^^^^^^^^^^^^^^^^^^^^^^^^^^^^^^^^^^^^^^^^^^^^^^^^^^^^^^^^^^^^^^^^^^^
  File "C:\Users\Руслан\AppData\Local\Programs\Python\Python312\Lib\site-packages\aiogram\dispatcher\router.py", line 153, in _wrapped
    return await self._propagate_event(
           ^^^^^^^^^^^^^^^^^^^^^^^^^^^^
  File "C:\Users\Руслан\AppData\Local\Programs\Python\Python312\Lib\site-packages\aiogram\dispatcher\router.py", line 189, in _propagate_event
    response = await router.propagate_event(update_type=update_type, event=event, **kwargs)
               ^^^^^^^^^^^^^^^^^^^^^^^^^^^^^^^^^^^^^^^^^^^^^^^^^^^^^^^^^^^^^^^^^^^^^^^^^^^^
  File "C:\Users\Руслан\AppData\Local\Programs\Python\Python312\Lib\site-packages\aiogram\dispatcher\router.py", line 161, in propagate_event
    return await observer.wrap_outer_middleware(_wrapped, event=event, data=kwargs)
           ^^^^^^^^^^^^^^^^^^^^^^^^^^^^^^^^^^^^^^^^^^^^^^^^^^^^^^^^^^^^^^^^^^^^^^^^
  File "C:\Users\Руслан\AppData\Local\Programs\Python\Python312\Lib\site-packages\aiogram\dispatcher\router.py", line 153, in _wrapped
    return await self._propagate_event(
           ^^^^^^^^^^^^^^^^^^^^^^^^^^^^
  File "C:\Users\Руслан\AppData\Local\Programs\Python\Python312\Lib\site-packages\aiogram\dispatcher\router.py", line 181, in _propagate_event
    response = await observer.trigger(event, **kwargs)
               ^^^^^^^^^^^^^^^^^^^^^^^^^^^^^^^^^^^^^^^
  File "C:\Users\Руслан\AppData\Local\Programs\Python\Python312\Lib\site-packages\aiogram\dispatcher\event\telegram.py", line 126, in trigger
    return await wrapped_inner(event, kwargs)
           ^^^^^^^^^^^^^^^^^^^^^^^^^^^^^^^^^^
  File "C:\Users\Руслан\AppData\Local\Programs\Python\Python312\Lib\site-packages\aiogram\dispatcher\event\handler.py", line 71, in call
    return await wrapped()
           ^^^^^^^^^^^^^^^
  File "C:\Users\Руслан\OneDrive\Рабочий стол\DGTU_Bot\handlers\faq_handler.py", line 1109, in handle_text
    if user_id in user_last_message and user_last_message[user_id].get("mode") == "waiting_volunteer":
                                        ^^^^^^^^^^^^^^^^^^^^^^^^^^^^^^
AttributeError: 'int' object has no attribute 'get'
2026-04-04 15:35:44,859 - handlers.checklist - INFO - 📋 /checklist от пользователя 1057899073
2026-04-04 15:35:44,962 - handlers.checklist - INFO -    ✅ Отправлено
2026-04-04 15:36:07,654 - aiogram.event - ERROR - Cause exception while process update id=370414786 by bot id=8628225993
AttributeError: 'int' object has no attribute 'get'
Traceback (most recent call last):
  File "C:\Users\Руслан\AppData\Local\Programs\Python\Python312\Lib\site-packages\aiogram\dispatcher\dispatcher.py", line 320, in _process_update
    response = await self.feed_update(bot, update, **kwargs)
               ^^^^^^^^^^^^^^^^^^^^^^^^^^^^^^^^^^^^^^^^^^^^^
  File "C:\Users\Руслан\AppData\Local\Programs\Python\Python312\Lib\site-packages\aiogram\dispatcher\dispatcher.py", line 164, in feed_update
    response = await self.update.wrap_outer_middleware(
               ^^^^^^^^^^^^^^^^^^^^^^^^^^^^^^^^^^^^^^^^
  File "C:\Users\Руслан\AppData\Local\Programs\Python\Python312\Lib\site-packages\aiogram\dispatcher\middlewares\error.py", line 27, in __call__
    return await handler(event, data)
           ^^^^^^^^^^^^^^^^^^^^^^^^^^
  File "C:\Users\Руслан\AppData\Local\Programs\Python\Python312\Lib\site-packages\aiogram\dispatcher\middlewares\user_context.py", line 58, in __call__
    return await handler(event, data)
           ^^^^^^^^^^^^^^^^^^^^^^^^^^
  File "C:\Users\Руслан\AppData\Local\Programs\Python\Python312\Lib\site-packages\aiogram\fsm\middleware.py", line 43, in __call__
    return await handler(event, data)
           ^^^^^^^^^^^^^^^^^^^^^^^^^^
  File "C:\Users\Руслан\AppData\Local\Programs\Python\Python312\Lib\site-packages\aiogram\dispatcher\event\telegram.py", line 126, in trigger
    return await wrapped_inner(event, kwargs)
           ^^^^^^^^^^^^^^^^^^^^^^^^^^^^^^^^^^
  File "C:\Users\Руслан\AppData\Local\Programs\Python\Python312\Lib\site-packages\aiogram\dispatcher\event\handler.py", line 71, in call
    return await wrapped()
           ^^^^^^^^^^^^^^^
  File "C:\Users\Руслан\AppData\Local\Programs\Python\Python312\Lib\site-packages\aiogram\dispatcher\dispatcher.py", line 283, in _listen_update
    return await self.propagate_event(update_type=update_type, event=event, **kwargs)
           ^^^^^^^^^^^^^^^^^^^^^^^^^^^^^^^^^^^^^^^^^^^^^^^^^^^^^^^^^^^^^^^^^^^^^^^^^^
  File "C:\Users\Руслан\AppData\Local\Programs\Python\Python312\Lib\site-packages\aiogram\dispatcher\router.py", line 161, in propagate_event
    return await observer.wrap_outer_middleware(_wrapped, event=event, data=kwargs)
           ^^^^^^^^^^^^^^^^^^^^^^^^^^^^^^^^^^^^^^^^^^^^^^^^^^^^^^^^^^^^^^^^^^^^^^^^
  File "C:\Users\Руслан\AppData\Local\Programs\Python\Python312\Lib\site-packages\aiogram\dispatcher\router.py", line 153, in _wrapped
    return await self._propagate_event(
           ^^^^^^^^^^^^^^^^^^^^^^^^^^^^
  File "C:\Users\Руслан\AppData\Local\Programs\Python\Python312\Lib\site-packages\aiogram\dispatcher\router.py", line 189, in _propagate_event
    response = await router.propagate_event(update_type=update_type, event=event, **kwargs)
               ^^^^^^^^^^^^^^^^^^^^^^^^^^^^^^^^^^^^^^^^^^^^^^^^^^^^^^^^^^^^^^^^^^^^^^^^^^^^
  File "C:\Users\Руслан\AppData\Local\Programs\Python\Python312\Lib\site-packages\aiogram\dispatcher\router.py", line 161, in propagate_event
    return await observer.wrap_outer_middleware(_wrapped, event=event, data=kwargs)
           ^^^^^^^^^^^^^^^^^^^^^^^^^^^^^^^^^^^^^^^^^^^^^^^^^^^^^^^^^^^^^^^^^^^^^^^^
  File "C:\Users\Руслан\AppData\Local\Programs\Python\Python312\Lib\site-packages\aiogram\dispatcher\router.py", line 153, in _wrapped
    return await self._propagate_event(
           ^^^^^^^^^^^^^^^^^^^^^^^^^^^^
  File "C:\Users\Руслан\AppData\Local\Programs\Python\Python312\Lib\site-packages\aiogram\dispatcher\router.py", line 181, in _propagate_event
    response = await observer.trigger(event, **kwargs)
               ^^^^^^^^^^^^^^^^^^^^^^^^^^^^^^^^^^^^^^^
  File "C:\Users\Руслан\AppData\Local\Programs\Python\Python312\Lib\site-packages\aiogram\dispatcher\event\telegram.py", line 126, in trigger
    return await wrapped_inner(event, kwargs)
           ^^^^^^^^^^^^^^^^^^^^^^^^^^^^^^^^^^
  File "C:\Users\Руслан\AppData\Local\Programs\Python\Python312\Lib\site-packages\aiogram\dispatcher\event\handler.py", line 71, in call
    return await wrapped()
           ^^^^^^^^^^^^^^^
  File "C:\Users\Руслан\OneDrive\Рабочий стол\DGTU_Bot\handlers\faq_handler.py", line 1109, in handle_text
    if user_id in user_last_message and user_last_message[user_id].get("mode") == "waiting_volunteer":
                                        ^^^^^^^^^^^^^^^^^^^^^^^^^^^^^^
AttributeError: 'int' object has no attribute 'get'
2026-04-04 15:42:16,643 - aiogram.dispatcher - ERROR - Failed to fetch updates - TelegramNetworkError: HTTP Client says - ServerDisconnectedError: Server disconnected
2026-04-04 15:42:16,643 - aiogram.dispatcher - WARNING - Sleep for 1.000000 seconds and try again... (tryings = 0, bot id = 8628225993)
2026-04-04 15:42:16,900 - services.database - INFO - 🔌 База данных отключена
2026-04-04 15:42:20,346 - services.database - INFO - ✅ База данных подключена (SQLite)
2026-04-04 15:42:20,347 - services.llm_service - INFO - ✅ GigaChat сервис инициализирован (с доступом к сайту ДГТУ)
2026-04-04 15:42:21,181 - utils.logger - INFO - ✅ Бот: @iivt_dgtu_bot | Прокси: 45.130.124.72:8000
2026-04-04 15:42:21,182 - utils.logger - INFO - ======================================================================
2026-04-04 15:42:21,182 - utils.logger - INFO - 🤖 ИиВТ ДГТУ Помощник — ЗАПУЩЕН
2026-04-04 15:42:21,182 - utils.logger - INFO - ======================================================================
2026-04-04 15:42:21,182 - utils.logger - INFO - ✅ База данных подключена (SQLite)
2026-04-04 15:42:21,182 - utils.logger - INFO - ✅ Кеш токенов активирован
2026-04-04 15:42:21,182 - utils.logger - INFO - ✅ Токен: 8628225993:AAEvnCL9BWCN_zDUkta...
2026-04-04 15:42:21,182 - utils.logger - INFO - 🔌 Прокси: 45.130.124.72:8000
2026-04-04 15:42:21,182 - utils.logger - INFO - ✅ Роутеры подключены
2026-04-04 15:42:21,182 - utils.logger - INFO - ✅ ИИ (GigaChat) готов
2026-04-04 15:42:21,183 - utils.logger - INFO - ✅ Кеширование включено
2026-04-04 15:42:21,183 - utils.logger - INFO - ✅ Умный поиск: /search
2026-04-04 15:42:21,183 - utils.logger - INFO - ✅ Связь с волонтёром: /quick_help
2026-04-04 15:42:21,183 - utils.logger - INFO - ✅ Тест направления: /quiz
2026-04-04 15:42:21,183 - utils.logger - INFO - ======================================================================
2026-04-04 15:42:21,183 - utils.logger - INFO - 🚀 БОТ ЗАПУЩЕН!
2026-04-04 15:42:21,183 - utils.logger - INFO - 📱 Telegram: /start
2026-04-04 15:42:21,183 - utils.logger - INFO - 📊 Статистика: /stats
2026-04-04 15:42:21,183 - utils.logger - INFO - 📋 Чек-лист: /checklist
2026-04-04 15:42:21,183 - utils.logger - INFO - 🧮 Калькулятор: /calculator
2026-04-04 15:42:21,183 - utils.logger - INFO - 🔍 Поиск: /search
2026-04-04 15:42:21,183 - utils.logger - INFO - 📞 Помощь: /quick_help
2026-04-04 15:42:21,184 - utils.logger - INFO - 🎯 Тест: /quiz
2026-04-04 15:42:21,184 - utils.logger - INFO - ⏹️  Остановка: Ctrl + C
2026-04-04 15:42:21,184 - utils.logger - INFO - ======================================================================
2026-04-04 16:41:33,191 - handlers.faq_handler - INFO - 🔍 Поиск: стипендии
2026-04-04 16:44:32,005 - aiogram.dispatcher - ERROR - Failed to fetch updates - TelegramNetworkError: HTTP Client says - ServerDisconnectedError: Server disconnected
2026-04-04 16:44:32,005 - aiogram.dispatcher - WARNING - Sleep for 1.000000 seconds and try again... (tryings = 0, bot id = 8628225993)
2026-04-04 16:44:32,270 - services.database - INFO - 🔌 База данных отключена
2026-04-04 16:44:42,231 - services.database - INFO - ✅ База данных подключена (SQLite)
2026-04-04 16:44:42,231 - services.llm_service - INFO - ✅ GigaChat сервис инициализирован (с доступом к сайту ДГТУ)
2026-04-04 16:44:43,089 - utils.logger - INFO - ✅ Бот: @iivt_dgtu_bot | Прокси: 45.130.124.72:8000
2026-04-04 16:44:43,090 - utils.logger - INFO - ======================================================================
2026-04-04 16:44:43,090 - utils.logger - INFO - 🤖 ИиВТ ДГТУ Помощник — ЗАПУЩЕН
2026-04-04 16:44:43,091 - utils.logger - INFO - ======================================================================
2026-04-04 16:44:43,091 - utils.logger - INFO - ✅ База данных подключена (SQLite)
2026-04-04 16:44:43,091 - utils.logger - INFO - ✅ Кеш токенов активирован
2026-04-04 16:44:43,091 - utils.logger - INFO - ✅ Токен: 8628225993:AAEvnCL9BWCN_zDUkta...
2026-04-04 16:44:43,091 - utils.logger - INFO - 🔌 Прокси: 45.130.124.72:8000
2026-04-04 16:44:43,091 - utils.logger - INFO - ✅ Роутеры подключены
2026-04-04 16:44:43,091 - utils.logger - INFO - ✅ ИИ (GigaChat) готов
2026-04-04 16:44:43,091 - utils.logger - INFO - ✅ Кеширование включено
2026-04-04 16:44:43,091 - utils.logger - INFO - ✅ Умный поиск: /search
2026-04-04 16:44:43,091 - utils.logger - INFO - ✅ Связь с волонтёром: /quick_help
2026-04-04 16:44:43,091 - utils.logger - INFO - ✅ Тест направления: /quiz
2026-04-04 16:44:43,091 - utils.logger - INFO - ======================================================================
2026-04-04 16:44:43,091 - utils.logger - INFO - 🚀 БОТ ЗАПУЩЕН!
2026-04-04 16:44:43,091 - utils.logger - INFO - 📱 Telegram: /start
2026-04-04 16:44:43,092 - utils.logger - INFO - 📊 Статистика: /stats
2026-04-04 16:44:43,092 - utils.logger - INFO - 📋 Чек-лист: /checklist
2026-04-04 16:44:43,092 - utils.logger - INFO - 🧮 Калькулятор: /calculator
2026-04-04 16:44:43,092 - utils.logger - INFO - 🔍 Поиск: /search
2026-04-04 16:44:43,092 - utils.logger - INFO - 📞 Помощь: /quick_help
2026-04-04 16:44:43,092 - utils.logger - INFO - 🎯 Тест: /quiz
2026-04-04 16:44:43,092 - utils.logger - INFO - ⏹️  Остановка: Ctrl + C
2026-04-04 16:44:43,092 - utils.logger - INFO - ======================================================================
2026-04-04 17:16:55,051 - handlers.calculator - INFO - 🧮 /calculator от пользователя 853978448
2026-04-04 17:16:59,137 - handlers.calculator - INFO - 💰 Выбрана стоимость: 135000 ₽
2026-04-04 17:18:50,176 - handlers.faq_handler - INFO - 🔍 Поиск: общежитие
2026-04-04 18:00:02,085 - handlers.faq_handler - INFO - 🔍 Поиск: доки
2026-04-04 19:42:31,021 - aiogram.dispatcher - ERROR - Failed to fetch updates - TelegramNetworkError: HTTP Client says - Request timeout error
2026-04-04 19:42:31,025 - aiogram.dispatcher - WARNING - Sleep for 1.000000 seconds and try again... (tryings = 0, bot id = 8628225993)
2026-04-04 19:42:32,041 - aiogram.dispatcher - ERROR - Failed to fetch updates - ProxyConnectionError: [Errno 22] Couldn't connect to proxy 45.130.124.72:8000 [Сетевая папка недоступна. За информацией о разрешении проблем в сети обратитесь к справочной системе Windows]
2026-04-04 19:42:32,042 - aiogram.dispatcher - WARNING - Sleep for 1.256755 seconds and try again... (tryings = 1, bot id = 8628225993)
2026-04-04 19:42:33,307 - aiogram.dispatcher - ERROR - Failed to fetch updates - ProxyConnectionError: [Errno 22] Couldn't connect to proxy 45.130.124.72:8000 [Сетевая папка недоступна. За информацией о разрешении проблем в сети обратитесь к справочной системе Windows]
2026-04-04 19:42:33,308 - aiogram.dispatcher - WARNING - Sleep for 1.719151 seconds and try again... (tryings = 2, bot id = 8628225993)
2026-04-04 19:42:35,032 - aiogram.dispatcher - ERROR - Failed to fetch updates - ProxyConnectionError: [Errno 22] Couldn't connect to proxy 45.130.124.72:8000 [Сетевая папка недоступна. За информацией о разрешении проблем в сети обратитесь к справочной системе Windows]
2026-04-04 19:42:35,032 - aiogram.dispatcher - WARNING - Sleep for 2.169995 seconds and try again... (tryings = 3, bot id = 8628225993)
2026-04-04 19:42:37,212 - aiogram.dispatcher - ERROR - Failed to fetch updates - ProxyConnectionError: [Errno 22] Couldn't connect to proxy 45.130.124.72:8000 [Сетевая папка недоступна. За информацией о разрешении проблем в сети обратитесь к справочной системе Windows]
2026-04-04 19:42:37,213 - aiogram.dispatcher - WARNING - Sleep for 2.834526 seconds and try again... (tryings = 4, bot id = 8628225993)
2026-04-04 19:42:40,061 - aiogram.dispatcher - ERROR - Failed to fetch updates - ProxyConnectionError: [Errno 22] Couldn't connect to proxy 45.130.124.72:8000 [Сетевая папка недоступна. За информацией о разрешении проблем в сети обратитесь к справочной системе Windows]
2026-04-04 19:42:40,062 - aiogram.dispatcher - WARNING - Sleep for 3.605567 seconds and try again... (tryings = 5, bot id = 8628225993)
2026-04-04 20:05:16,367 - aiogram.dispatcher - ERROR - Failed to fetch updates - TelegramNetworkError: HTTP Client says - ServerDisconnectedError: Server disconnected
2026-04-04 20:05:16,368 - aiogram.dispatcher - WARNING - Sleep for 1.000000 seconds and try again... (tryings = 0, bot id = 8628225993)
2026-04-04 20:05:16,625 - services.database - INFO - 🔌 База данных отключена
2026-04-04 20:05:20,515 - services.database - INFO - ✅ База данных подключена (SQLite)
2026-04-04 20:05:20,515 - services.llm_service - INFO - ✅ GigaChat сервис инициализирован (с доступом к сайту ДГТУ)
2026-04-04 20:05:21,421 - utils.logger - INFO - ✅ Бот: @iivt_dgtu_bot | Прокси: 45.130.124.72:8000
2026-04-04 20:05:21,422 - utils.logger - INFO - ======================================================================
2026-04-04 20:05:21,422 - utils.logger - INFO - 🤖 ИиВТ ДГТУ Помощник — ЗАПУЩЕН
2026-04-04 20:05:21,422 - utils.logger - INFO - ======================================================================
2026-04-04 20:05:21,422 - utils.logger - INFO - ✅ База данных подключена (SQLite)
2026-04-04 20:05:21,422 - utils.logger - INFO - ✅ Кеш токенов активирован
2026-04-04 20:05:21,422 - utils.logger - INFO - ✅ Токен: 8628225993:AAEvnCL9BWCN_zDUkta...
2026-04-04 20:05:21,422 - utils.logger - INFO - 🔌 Прокси: 45.130.124.72:8000
2026-04-04 20:05:21,422 - utils.logger - INFO - ✅ Роутеры подключены
2026-04-04 20:05:21,422 - utils.logger - INFO - ✅ ИИ (GigaChat) готов
2026-04-04 20:05:21,422 - utils.logger - INFO - ✅ Кеширование включено
2026-04-04 20:05:21,422 - utils.logger - INFO - ✅ Умный поиск: /search
2026-04-04 20:05:21,422 - utils.logger - INFO - ✅ Связь с волонтёром: /quick_help
2026-04-04 20:05:21,423 - utils.logger - INFO - ✅ Тест направления: /quiz
2026-04-04 20:05:21,423 - utils.logger - INFO - ======================================================================
2026-04-04 20:05:21,423 - utils.logger - INFO - 🚀 БОТ ЗАПУЩЕН!
2026-04-04 20:05:21,423 - utils.logger - INFO - 📱 Telegram: /start
2026-04-04 20:05:21,423 - utils.logger - INFO - 📊 Статистика: /stats
2026-04-04 20:05:21,423 - utils.logger - INFO - 📋 Чек-лист: /checklist
2026-04-04 20:05:21,423 - utils.logger - INFO - 🧮 Калькулятор: /calculator
2026-04-04 20:05:21,423 - utils.logger - INFO - 🔍 Поиск: /search
2026-04-04 20:05:21,423 - utils.logger - INFO - 📞 Помощь: /quick_help
2026-04-04 20:05:21,423 - utils.logger - INFO - 🎯 Тест: /quiz
2026-04-04 20:05:21,423 - utils.logger - INFO - ⏹️  Остановка: Ctrl + C
2026-04-04 20:05:21,424 - utils.logger - INFO - ======================================================================
2026-04-05 03:27:09,992 - aiogram.dispatcher - ERROR - Failed to fetch updates - TelegramNetworkError: HTTP Client says - Request timeout error
2026-04-05 03:27:09,997 - aiogram.dispatcher - WARNING - Sleep for 1.000000 seconds and try again... (tryings = 0, bot id = 8628225993)
2026-04-05 03:27:11,010 - aiogram.dispatcher - ERROR - Failed to fetch updates - ProxyConnectionError: [Errno 22] Couldn't connect to proxy 45.130.124.72:8000 [Сетевая папка недоступна. За информацией о разрешении проблем в сети обратитесь к справочной системе Windows]
2026-04-05 03:27:11,018 - aiogram.dispatcher - WARNING - Sleep for 1.467013 seconds and try again... (tryings = 1, bot id = 8628225993)
2026-04-05 03:27:12,497 - aiogram.dispatcher - ERROR - Failed to fetch updates - ProxyConnectionError: [Errno 22] Couldn't connect to proxy 45.130.124.72:8000 [Сетевая папка недоступна. За информацией о разрешении проблем в сети обратитесь к справочной системе Windows]
2026-04-05 03:27:12,498 - aiogram.dispatcher - WARNING - Sleep for 1.915253 seconds and try again... (tryings = 2, bot id = 8628225993)
2026-04-05 03:27:42,064 - aiogram.dispatcher - ERROR - Failed to fetch updates - TelegramNetworkError: HTTP Client says - ServerDisconnectedError: Server disconnected
2026-04-05 03:27:42,064 - aiogram.dispatcher - WARNING - Sleep for 1.000000 seconds and try again... (tryings = 0, bot id = 8628225993)
2026-04-05 03:27:42,331 - services.database - INFO - 🔌 База данных отключена
2026-04-05 03:27:45,638 - services.database - INFO - ✅ База данных подключена (SQLite)
2026-04-05 03:27:45,639 - services.llm_service - INFO - ✅ GigaChat сервис инициализирован (с доступом к сайту ДГТУ)
2026-04-05 03:27:46,555 - utils.logger - INFO - ✅ Бот: @iivt_dgtu_bot | Прокси: 45.130.124.72:8000
2026-04-05 03:27:46,555 - utils.logger - INFO - ======================================================================
2026-04-05 03:27:46,555 - utils.logger - INFO - 🤖 ИиВТ ДГТУ Помощник — ЗАПУЩЕН
2026-04-05 03:27:46,556 - utils.logger - INFO - ======================================================================
2026-04-05 03:27:46,556 - utils.logger - INFO - ✅ База данных подключена (SQLite)
2026-04-05 03:27:46,556 - utils.logger - INFO - ✅ Кеш токенов активирован
2026-04-05 03:27:46,556 - utils.logger - INFO - ✅ Токен: 8628225993:AAEvnCL9BWCN_zDUkta...
2026-04-05 03:27:46,556 - utils.logger - INFO - 🔌 Прокси: 45.130.124.72:8000
2026-04-05 03:27:46,556 - utils.logger - INFO - ✅ Роутеры подключены
2026-04-05 03:27:46,556 - utils.logger - INFO - ✅ ИИ (GigaChat) готов
2026-04-05 03:27:46,556 - utils.logger - INFO - ✅ Кеширование включено
2026-04-05 03:27:46,556 - utils.logger - INFO - ✅ Умный поиск: /search
2026-04-05 03:27:46,557 - utils.logger - INFO - ✅ Связь с волонтёром: /quick_help
2026-04-05 03:27:46,557 - utils.logger - INFO - ✅ Тест направления: /quiz
2026-04-05 03:27:46,557 - utils.logger - INFO - ======================================================================
2026-04-05 03:27:46,557 - utils.logger - INFO - 🚀 БОТ ЗАПУЩЕН!
2026-04-05 03:27:46,557 - utils.logger - INFO - 📱 Telegram: /start
2026-04-05 03:27:46,557 - utils.logger - INFO - 📊 Статистика: /stats
2026-04-05 03:27:46,557 - utils.logger - INFO - 📋 Чек-лист: /checklist
2026-04-05 03:27:46,557 - utils.logger - INFO - 🧮 Калькулятор: /calculator
2026-04-05 03:27:46,557 - utils.logger - INFO - 🔍 Поиск: /search
2026-04-05 03:27:46,557 - utils.logger - INFO - 📞 Помощь: /quick_help
2026-04-05 03:27:46,558 - utils.logger - INFO - 🎯 Тест: /quiz
2026-04-05 03:27:46,558 - utils.logger - INFO - ⏹️  Остановка: Ctrl + C
2026-04-05 03:27:46,558 - utils.logger - INFO - ======================================================================
2026-04-05 03:28:31,540 - handlers.faq_handler - INFO - 🔍 Поиск: стипендии
2026-04-05 03:37:33,034 - aiogram.dispatcher - ERROR - Failed to fetch updates - TelegramNetworkError: HTTP Client says - ServerDisconnectedError: Server disconnected
2026-04-05 03:37:33,034 - aiogram.dispatcher - WARNING - Sleep for 1.000000 seconds and try again... (tryings = 0, bot id = 8628225993)
2026-04-05 03:37:33,287 - services.database - INFO - 🔌 База данных отключена
2026-04-05 03:37:37,029 - services.database - INFO - ✅ База данных подключена (SQLite)
2026-04-05 03:37:37,029 - services.llm_service - INFO - ✅ GigaChat сервис инициализирован (с доступом к сайту ДГТУ)
2026-04-05 03:37:37,876 - utils.logger - INFO - ✅ Бот: @iivt_dgtu_bot | Прокси: 45.130.124.72:8000
2026-04-05 03:37:37,877 - utils.logger - INFO - ======================================================================
2026-04-05 03:37:37,877 - utils.logger - INFO - 🤖 ИиВТ ДГТУ Помощник — ЗАПУЩЕН
2026-04-05 03:37:37,877 - utils.logger - INFO - ======================================================================
2026-04-05 03:37:37,877 - utils.logger - INFO - ✅ База данных подключена (SQLite)
2026-04-05 03:37:37,877 - utils.logger - INFO - ✅ Кеш токенов активирован
2026-04-05 03:37:37,877 - utils.logger - INFO - ✅ Токен: 8628225993:AAEvnCL9BWCN_zDUkta...
2026-04-05 03:37:37,878 - utils.logger - INFO - 🔌 Прокси: 45.130.124.72:8000
2026-04-05 03:37:37,878 - utils.logger - INFO - ✅ Роутеры подключены
2026-04-05 03:37:37,878 - utils.logger - INFO - ✅ ИИ (GigaChat) готов
2026-04-05 03:37:37,878 - utils.logger - INFO - ✅ Кеширование включено
2026-04-05 03:37:37,878 - utils.logger - INFO - ✅ Умный поиск: /search
2026-04-05 03:37:37,878 - utils.logger - INFO - ✅ Связь с волонтёром: /quick_help
2026-04-05 03:37:37,878 - utils.logger - INFO - ✅ Тест направления: /quiz
2026-04-05 03:37:37,878 - utils.logger - INFO - ======================================================================
2026-04-05 03:37:37,878 - utils.logger - INFO - 🚀 БОТ ЗАПУЩЕН!
2026-04-05 03:37:37,878 - utils.logger - INFO - 📱 Telegram: /start
2026-04-05 03:37:37,879 - utils.logger - INFO - 📊 Статистика: /stats
2026-04-05 03:37:37,879 - utils.logger - INFO - 📋 Чек-лист: /checklist
2026-04-05 03:37:37,879 - utils.logger - INFO - 🧮 Калькулятор: /calculator
2026-04-05 03:37:37,879 - utils.logger - INFO - 🔍 Поиск: /search
2026-04-05 03:37:37,879 - utils.logger - INFO - 📞 Помощь: /quick_help
2026-04-05 03:37:37,879 - utils.logger - INFO - 🎯 Тест: /quiz
2026-04-05 03:37:37,879 - utils.logger - INFO - ⏹️  Остановка: Ctrl + C
2026-04-05 03:37:37,879 - utils.logger - INFO - ======================================================================
2026-04-05 03:43:36,929 - aiogram.dispatcher - ERROR - Failed to fetch updates - TelegramNetworkError: HTTP Client says - ServerDisconnectedError: Server disconnected
2026-04-05 03:43:36,930 - aiogram.dispatcher - WARNING - Sleep for 1.000000 seconds and try again... (tryings = 0, bot id = 8628225993)
2026-04-05 03:43:37,180 - services.database - INFO - 🔌 База данных отключена
2026-04-05 03:43:40,596 - services.database - INFO - ✅ База данных подключена (SQLite)
2026-04-05 03:43:40,597 - services.llm_service - INFO - ✅ GigaChat сервис инициализирован (с доступом к сайту ДГТУ)
2026-04-05 03:43:41,437 - utils.logger - INFO - ✅ Бот: @iivt_dgtu_bot | Прокси: 45.130.124.72:8000
2026-04-05 03:43:41,438 - utils.logger - INFO - ======================================================================
2026-04-05 03:43:41,438 - utils.logger - INFO - 🤖 ИиВТ ДГТУ Помощник — ЗАПУЩЕН
2026-04-05 03:43:41,438 - utils.logger - INFO - ======================================================================
2026-04-05 03:43:41,438 - utils.logger - INFO - ✅ База данных подключена (SQLite)
2026-04-05 03:43:41,438 - utils.logger - INFO - ✅ Кеш токенов активирован
2026-04-05 03:43:41,438 - utils.logger - INFO - ✅ Токен: 8628225993:AAEvnCL9BWCN_zDUkta...
2026-04-05 03:43:41,438 - utils.logger - INFO - 🔌 Прокси: 45.130.124.72:8000
2026-04-05 03:43:41,438 - utils.logger - INFO - ✅ Роутеры подключены
2026-04-05 03:43:41,438 - utils.logger - INFO - ✅ ИИ (GigaChat) готов
2026-04-05 03:43:41,439 - utils.logger - INFO - ✅ Кеширование включено
2026-04-05 03:43:41,439 - utils.logger - INFO - ✅ Умный поиск: /search
2026-04-05 03:43:41,439 - utils.logger - INFO - ✅ Связь с волонтёром: /quick_help
2026-04-05 03:43:41,439 - utils.logger - INFO - ✅ Тест направления: /quiz
2026-04-05 03:43:41,439 - utils.logger - INFO - ======================================================================
2026-04-05 03:43:41,439 - utils.logger - INFO - 🚀 БОТ ЗАПУЩЕН!
2026-04-05 03:43:41,439 - utils.logger - INFO - 📱 Telegram: /start
2026-04-05 03:43:41,439 - utils.logger - INFO - 📊 Статистика: /stats
2026-04-05 03:43:41,439 - utils.logger - INFO - 📋 Чек-лист: /checklist
2026-04-05 03:43:41,439 - utils.logger - INFO - 🧮 Калькулятор: /calculator
2026-04-05 03:43:41,439 - utils.logger - INFO - 🔍 Поиск: /search
2026-04-05 03:43:41,445 - utils.logger - INFO - 📞 Помощь: /quick_help
2026-04-05 03:43:41,445 - utils.logger - INFO - 🎯 Тест: /quiz
2026-04-05 03:43:41,445 - utils.logger - INFO - ⏹️  Остановка: Ctrl + C
2026-04-05 03:43:41,445 - utils.logger - INFO - ======================================================================
2026-04-05 03:56:46,808 - aiogram.dispatcher - ERROR - Failed to fetch updates - TelegramNetworkError: HTTP Client says - ServerDisconnectedError: Server disconnected
2026-04-05 03:56:46,808 - aiogram.dispatcher - WARNING - Sleep for 1.000000 seconds and try again... (tryings = 0, bot id = 8628225993)
2026-04-05 03:56:47,066 - services.database - INFO - 🔌 База данных отключена
2026-04-05 04:01:26,507 - services.database - INFO - ✅ База данных подключена (SQLite)
2026-04-05 04:01:26,507 - services.llm_service - INFO - ✅ GigaChat сервис инициализирован (с доступом к сайту ДГТУ)
2026-04-05 04:01:27,354 - utils.logger - INFO - ✅ Бот: @iivt_dgtu_bot | Прокси: 45.130.124.72:8000
2026-04-05 04:01:27,355 - utils.logger - INFO - ======================================================================
2026-04-05 04:01:27,355 - utils.logger - INFO - 🤖 ИиВТ ДГТУ Помощник — ЗАПУЩЕН
2026-04-05 04:01:27,355 - utils.logger - INFO - ======================================================================
2026-04-05 04:01:27,355 - utils.logger - INFO - ✅ База данных подключена (SQLite)
2026-04-05 04:01:27,355 - utils.logger - INFO - ✅ Кеш токенов активирован
2026-04-05 04:01:27,355 - utils.logger - INFO - ✅ Токен: 8628225993:AAEvnCL9BWCN_zDUkta...
2026-04-05 04:01:27,355 - utils.logger - INFO - 🔌 Прокси: 45.130.124.72:8000
2026-04-05 04:01:27,356 - utils.logger - INFO - ✅ Роутеры подключены
2026-04-05 04:01:27,356 - utils.logger - INFO - ✅ ИИ (GigaChat) готов
2026-04-05 04:01:27,356 - utils.logger - INFO - ✅ Кеширование включено
2026-04-05 04:01:27,356 - utils.logger - INFO - ✅ Умный поиск: /search
2026-04-05 04:01:27,356 - utils.logger - INFO - ✅ Связь с волонтёром: /quick_help
2026-04-05 04:01:27,356 - utils.logger - INFO - ✅ Тест направления: /quiz
2026-04-05 04:01:27,356 - utils.logger - INFO - ======================================================================
2026-04-05 04:01:27,356 - utils.logger - INFO - 🚀 БОТ ЗАПУЩЕН!
2026-04-05 04:01:27,356 - utils.logger - INFO - 📱 Telegram: /start
2026-04-05 04:01:27,356 - utils.logger - INFO - 📊 Статистика: /stats
2026-04-05 04:01:27,356 - utils.logger - INFO - 📋 Чек-лист: /checklist
2026-04-05 04:01:27,356 - utils.logger - INFO - 🧮 Калькулятор: /calculator
2026-04-05 04:01:27,357 - utils.logger - INFO - 🔍 Поиск: /search
2026-04-05 04:01:27,357 - utils.logger - INFO - 📞 Помощь: /quick_help
2026-04-05 04:01:27,357 - utils.logger - INFO - 🎯 Тест: /quiz
2026-04-05 04:01:27,357 - utils.logger - INFO - ⏹️  Остановка: Ctrl + C
2026-04-05 04:01:27,357 - utils.logger - INFO - ======================================================================
2026-04-05 04:33:10,970 - aiogram.dispatcher - ERROR - Failed to fetch updates - TelegramNetworkError: HTTP Client says - ServerDisconnectedError: Server disconnected
2026-04-05 04:33:10,971 - aiogram.dispatcher - WARNING - Sleep for 1.000000 seconds and try again... (tryings = 0, bot id = 8628225993)
2026-04-05 04:33:11,224 - services.database - INFO - 🔌 База данных отключена
2026-04-05 04:33:14,756 - services.database - INFO - ✅ База данных подключена (SQLite)
2026-04-05 04:33:14,756 - services.llm_service - INFO - ✅ GigaChat сервис инициализирован (с доступом к сайту ДГТУ)
2026-04-05 04:33:15,663 - utils.logger - INFO - ✅ Бот: @iivt_dgtu_bot | Прокси: 45.130.124.72:8000
2026-04-05 04:33:15,663 - utils.logger - INFO - ======================================================================
2026-04-05 04:33:15,664 - utils.logger - INFO - 🤖 ИиВТ ДГТУ Помощник — ЗАПУЩЕН
2026-04-05 04:33:15,664 - utils.logger - INFO - ======================================================================
2026-04-05 04:33:15,664 - utils.logger - INFO - ✅ База данных подключена (SQLite)
2026-04-05 04:33:15,664 - utils.logger - INFO - ✅ Кеш токенов активирован
2026-04-05 04:33:15,664 - utils.logger - INFO - ✅ Токен: 8628225993:AAEvnCL9BWCN_zDUkta...
2026-04-05 04:33:15,664 - utils.logger - INFO - 🔌 Прокси: 45.130.124.72:8000
2026-04-05 04:33:15,664 - utils.logger - INFO - ✅ Роутеры подключены
2026-04-05 04:33:15,664 - utils.logger - INFO - ✅ ИИ (GigaChat) готов
2026-04-05 04:33:15,664 - utils.logger - INFO - ✅ Кеширование включено
2026-04-05 04:33:15,664 - utils.logger - INFO - ✅ Умный поиск: /search
2026-04-05 04:33:15,664 - utils.logger - INFO - ✅ Связь с волонтёром: /quick_help
2026-04-05 04:33:15,664 - utils.logger - INFO - ✅ Тест направления: /quiz
2026-04-05 04:33:15,665 - utils.logger - INFO - ======================================================================
2026-04-05 04:33:15,665 - utils.logger - INFO - 🚀 БОТ ЗАПУЩЕН!
2026-04-05 04:33:15,665 - utils.logger - INFO - 📱 Telegram: /start
2026-04-05 04:33:15,665 - utils.logger - INFO - 📊 Статистика: /stats
2026-04-05 04:33:15,665 - utils.logger - INFO - 📋 Чек-лист: /checklist
2026-04-05 04:33:15,665 - utils.logger - INFO - 🧮 Калькулятор: /calculator
2026-04-05 04:33:15,665 - utils.logger - INFO - 🔍 Поиск: /search
2026-04-05 04:33:15,665 - utils.logger - INFO - 📞 Помощь: /quick_help
2026-04-05 04:33:15,665 - utils.logger - INFO - 🎯 Тест: /quiz
2026-04-05 04:33:15,665 - utils.logger - INFO - ⏹️  Остановка: Ctrl + C
2026-04-05 04:33:15,665 - utils.logger - INFO - ======================================================================
2026-04-05 04:33:40,679 - aiogram.dispatcher - ERROR - Failed to fetch updates - TelegramNetworkError: HTTP Client says - ServerDisconnectedError: Server disconnected
2026-04-05 04:33:40,679 - aiogram.dispatcher - WARNING - Sleep for 1.000000 seconds and try again... (tryings = 0, bot id = 8628225993)
2026-04-05 04:33:40,941 - services.database - INFO - 🔌 База данных отключена
2026-04-05 04:37:56,267 - services.database - INFO - ✅ База данных подключена (SQLite)
2026-04-05 04:37:56,267 - services.llm_service - INFO - ✅ GigaChat сервис инициализирован (с доступом к сайту ДГТУ)
2026-04-05 04:37:57,083 - utils.logger - INFO - ✅ Бот: @iivt_dgtu_bot | Прокси: 45.130.124.72:8000
2026-04-05 04:37:57,084 - utils.logger - INFO - ======================================================================
2026-04-05 04:37:57,084 - utils.logger - INFO - 🤖 ИиВТ ДГТУ Помощник — ЗАПУЩЕН
2026-04-05 04:37:57,085 - utils.logger - INFO - ======================================================================
2026-04-05 04:37:57,085 - utils.logger - INFO - ✅ База данных подключена (SQLite)
2026-04-05 04:37:57,085 - utils.logger - INFO - ✅ Кеш токенов активирован
2026-04-05 04:37:57,085 - utils.logger - INFO - ✅ Токен: 8628225993:AAEvnCL9BWCN_zDUkta...
2026-04-05 04:37:57,085 - utils.logger - INFO - 🔌 Прокси: 45.130.124.72:8000
2026-04-05 04:37:57,085 - utils.logger - INFO - ✅ Роутеры подключены
2026-04-05 04:37:57,085 - utils.logger - INFO - ✅ ИИ (GigaChat) готов
2026-04-05 04:37:57,085 - utils.logger - INFO - ✅ Кеширование включено
2026-04-05 04:37:57,085 - utils.logger - INFO - ✅ Умный поиск: /search
2026-04-05 04:37:57,085 - utils.logger - INFO - ✅ Связь с волонтёром: /quick_help
2026-04-05 04:37:57,086 - utils.logger - INFO - ✅ Тест направления: /quiz
2026-04-05 04:37:57,086 - utils.logger - INFO - ======================================================================
2026-04-05 04:37:57,086 - utils.logger - INFO - 🚀 БОТ ЗАПУЩЕН!
2026-04-05 04:37:57,086 - utils.logger - INFO - 📱 Telegram: /start
2026-04-05 04:37:57,086 - utils.logger - INFO - 📊 Статистика: /stats
2026-04-05 04:37:57,086 - utils.logger - INFO - 📋 Чек-лист: /checklist
2026-04-05 04:37:57,086 - utils.logger - INFO - 🧮 Калькулятор: /calculator
2026-04-05 04:37:57,086 - utils.logger - INFO - 🔍 Поиск: /search
2026-04-05 04:37:57,086 - utils.logger - INFO - 📞 Помощь: /quick_help
2026-04-05 04:37:57,086 - utils.logger - INFO - 🎯 Тест: /quiz
2026-04-05 04:37:57,086 - utils.logger - INFO - ⏹️  Остановка: Ctrl + C
2026-04-05 04:37:57,086 - utils.logger - INFO - ======================================================================
2026-04-05 04:57:35,355 - aiogram.dispatcher - ERROR - Failed to fetch updates - TelegramNetworkError: HTTP Client says - ServerDisconnectedError: Server disconnected
2026-04-05 04:57:35,355 - aiogram.dispatcher - WARNING - Sleep for 1.000000 seconds and try again... (tryings = 0, bot id = 8628225993)
2026-04-05 04:57:35,617 - services.database - INFO - 🔌 База данных отключена
2026-04-05 04:57:38,904 - services.database - INFO - ✅ База данных подключена (SQLite)
2026-04-05 04:57:38,904 - services.llm_service - INFO - ✅ GigaChat сервис инициализирован (с доступом к сайту ДГТУ)
2026-04-05 04:57:39,757 - utils.logger - INFO - ✅ Бот: @iivt_dgtu_bot | Прокси: 45.130.124.72:8000
2026-04-05 04:57:39,757 - utils.logger - INFO - ======================================================================
2026-04-05 04:57:39,757 - utils.logger - INFO - 🤖 ИиВТ ДГТУ Помощник — ЗАПУЩЕН
2026-04-05 04:57:39,757 - utils.logger - INFO - ======================================================================
2026-04-05 04:57:39,757 - utils.logger - INFO - ✅ База данных подключена (SQLite)
2026-04-05 04:57:39,758 - utils.logger - INFO - ✅ Кеш токенов активирован
2026-04-05 04:57:39,758 - utils.logger - INFO - ✅ Токен: 8628225993:AAEvnCL9BWCN_zDUkta...
2026-04-05 04:57:39,758 - utils.logger - INFO - 🔌 Прокси: 45.130.124.72:8000
2026-04-05 04:57:39,758 - utils.logger - INFO - ✅ Роутеры подключены
2026-04-05 04:57:39,758 - utils.logger - INFO - ✅ ИИ (GigaChat) готов
2026-04-05 04:57:39,758 - utils.logger - INFO - ✅ Кеширование включено
2026-04-05 04:57:39,758 - utils.logger - INFO - ✅ Умный поиск: /search
2026-04-05 04:57:39,758 - utils.logger - INFO - ✅ Связь с волонтёром: /quick_help
2026-04-05 04:57:39,758 - utils.logger - INFO - ✅ Тест направления: /quiz
2026-04-05 04:57:39,758 - utils.logger - INFO - ======================================================================
2026-04-05 04:57:39,759 - utils.logger - INFO - 🚀 БОТ ЗАПУЩЕН!
2026-04-05 04:57:39,759 - utils.logger - INFO - 📱 Telegram: /start
2026-04-05 04:57:39,759 - utils.logger - INFO - 📊 Статистика: /stats
2026-04-05 04:57:39,759 - utils.logger - INFO - 📋 Чек-лист: /checklist
2026-04-05 04:57:39,759 - utils.logger - INFO - 🧮 Калькулятор: /calculator
2026-04-05 04:57:39,759 - utils.logger - INFO - 🔍 Поиск: /search
2026-04-05 04:57:39,759 - utils.logger - INFO - 📞 Помощь: /quick_help
2026-04-05 04:57:39,759 - utils.logger - INFO - 🎯 Тест: /quiz
2026-04-05 04:57:39,759 - utils.logger - INFO - ⏹️  Остановка: Ctrl + C
2026-04-05 04:57:39,759 - utils.logger - INFO - ======================================================================
2026-04-05 04:59:05,873 - aiogram.dispatcher - ERROR - Failed to fetch updates - TelegramNetworkError: HTTP Client says - ServerDisconnectedError: Server disconnected
2026-04-05 04:59:05,873 - aiogram.dispatcher - WARNING - Sleep for 1.000000 seconds and try again... (tryings = 0, bot id = 8628225993)
2026-04-05 04:59:06,130 - services.database - INFO - 🔌 База данных отключена
2026-04-05 04:59:09,314 - services.database - INFO - ✅ База данных подключена (SQLite)
2026-04-05 04:59:09,314 - services.llm_service - INFO - ✅ GigaChat сервис инициализирован (с доступом к сайту ДГТУ)
2026-04-05 04:59:10,140 - utils.logger - INFO - ✅ Бот: @iivt_dgtu_bot | Прокси: 45.130.124.72:8000
2026-04-05 04:59:10,141 - utils.logger - INFO - ======================================================================
2026-04-05 04:59:10,141 - utils.logger - INFO - 🤖 ИиВТ ДГТУ Помощник — ЗАПУЩЕН
2026-04-05 04:59:10,141 - utils.logger - INFO - ======================================================================
2026-04-05 04:59:10,141 - utils.logger - INFO - ✅ База данных подключена (SQLite)
2026-04-05 04:59:10,142 - utils.logger - INFO - ✅ Кеш токенов активирован
2026-04-05 04:59:10,142 - utils.logger - INFO - ✅ Токен: 8628225993:AAEvnCL9BWCN_zDUkta...
2026-04-05 04:59:10,142 - utils.logger - INFO - 🔌 Прокси: 45.130.124.72:8000
2026-04-05 04:59:10,142 - utils.logger - INFO - ✅ Роутеры подключены
2026-04-05 04:59:10,142 - utils.logger - INFO - ✅ ИИ (GigaChat) готов
2026-04-05 04:59:10,142 - utils.logger - INFO - ✅ Кеширование включено
2026-04-05 04:59:10,142 - utils.logger - INFO - ✅ Умный поиск: /search
2026-04-05 04:59:10,142 - utils.logger - INFO - ✅ Связь с волонтёром: /quick_help
2026-04-05 04:59:10,142 - utils.logger - INFO - ✅ Тест направления: /quiz
2026-04-05 04:59:10,142 - utils.logger - INFO - ======================================================================
2026-04-05 04:59:10,142 - utils.logger - INFO - 🚀 БОТ ЗАПУЩЕН!
2026-04-05 04:59:10,142 - utils.logger - INFO - 📱 Telegram: /start
2026-04-05 04:59:10,142 - utils.logger - INFO - 📊 Статистика: /stats
2026-04-05 04:59:10,142 - utils.logger - INFO - 📋 Чек-лист: /checklist
2026-04-05 04:59:10,143 - utils.logger - INFO - 🧮 Калькулятор: /calculator
2026-04-05 04:59:10,143 - utils.logger - INFO - 🔍 Поиск: /search
2026-04-05 04:59:10,143 - utils.logger - INFO - 📞 Помощь: /quick_help
2026-04-05 04:59:10,143 - utils.logger - INFO - 🎯 Тест: /quiz
2026-04-05 04:59:10,143 - utils.logger - INFO - ⏹️  Остановка: Ctrl + C
2026-04-05 04:59:10,143 - utils.logger - INFO - ======================================================================
2026-04-05 05:09:17,284 - aiogram.dispatcher - ERROR - Failed to fetch updates - TelegramNetworkError: HTTP Client says - ServerDisconnectedError: Server disconnected
2026-04-05 05:09:17,284 - aiogram.dispatcher - WARNING - Sleep for 1.000000 seconds and try again... (tryings = 0, bot id = 8628225993)
2026-04-05 05:09:17,541 - services.database - INFO - 🔌 База данных отключена
2026-04-05 05:09:20,885 - services.database - INFO - ✅ База данных подключена (SQLite)
2026-04-05 05:09:20,885 - services.llm_service - INFO - ✅ GigaChat сервис инициализирован (с доступом к сайту ДГТУ)
2026-04-05 05:09:21,705 - utils.logger - INFO - ✅ Бот: @iivt_dgtu_bot | Прокси: 45.130.124.72:8000
2026-04-05 05:09:21,706 - utils.logger - INFO - ======================================================================
2026-04-05 05:09:21,706 - utils.logger - INFO - 🤖 ИиВТ ДГТУ Помощник — ЗАПУЩЕН
2026-04-05 05:09:21,706 - utils.logger - INFO - ======================================================================
2026-04-05 05:09:21,706 - utils.logger - INFO - ✅ База данных подключена (SQLite)
2026-04-05 05:09:21,706 - utils.logger - INFO - ✅ Кеш токенов активирован
2026-04-05 05:09:21,706 - utils.logger - INFO - ✅ Токен: 8628225993:AAEvnCL9BWCN_zDUkta...
2026-04-05 05:09:21,706 - utils.logger - INFO - 🔌 Прокси: 45.130.124.72:8000
2026-04-05 05:09:21,706 - utils.logger - INFO - ✅ Роутеры подключены
2026-04-05 05:09:21,706 - utils.logger - INFO - ✅ ИИ (GigaChat) готов
2026-04-05 05:09:21,707 - utils.logger - INFO - ✅ Кеширование включено
2026-04-05 05:09:21,707 - utils.logger - INFO - ✅ Умный поиск: /search
2026-04-05 05:09:21,707 - utils.logger - INFO - ✅ Связь с волонтёром: /quick_help
2026-04-05 05:09:21,707 - utils.logger - INFO - ✅ Тест направления: /quiz
2026-04-05 05:09:21,707 - utils.logger - INFO - ======================================================================
2026-04-05 05:09:21,707 - utils.logger - INFO - 🚀 БОТ ЗАПУЩЕН!
2026-04-05 05:09:21,708 - utils.logger - INFO - 📱 Telegram: /start
2026-04-05 05:09:21,708 - utils.logger - INFO - 📊 Статистика: /stats
2026-04-05 05:09:21,709 - utils.logger - INFO - 📋 Чек-лист: /checklist
2026-04-05 05:09:21,709 - utils.logger - INFO - 🧮 Калькулятор: /calculator
2026-04-05 05:09:21,709 - utils.logger - INFO - 🔍 Поиск: /search
2026-04-05 05:09:21,709 - utils.logger - INFO - 📞 Помощь: /quick_help
2026-04-05 05:09:21,709 - utils.logger - INFO - 🎯 Тест: /quiz
2026-04-05 05:09:21,709 - utils.logger - INFO - ⏹️  Остановка: Ctrl + C
2026-04-05 05:09:21,709 - utils.logger - INFO - ======================================================================
2026-04-05 07:34:36,855 - aiogram.dispatcher - ERROR - Failed to fetch updates - TelegramNetworkError: HTTP Client says - Request timeout error
2026-04-05 07:34:36,858 - aiogram.dispatcher - WARNING - Sleep for 1.000000 seconds and try again... (tryings = 0, bot id = 8628225993)
2026-04-05 07:34:37,867 - aiogram.dispatcher - ERROR - Failed to fetch updates - ProxyConnectionError: [Errno 22] Couldn't connect to proxy 45.130.124.72:8000 [Сетевая папка недоступна. За информацией о разрешении проблем в сети обратитесь к справочной системе Windows]
2026-04-05 07:34:37,870 - aiogram.dispatcher - WARNING - Sleep for 1.263249 seconds and try again... (tryings = 1, bot id = 8628225993)
2026-04-05 07:34:39,157 - aiogram.dispatcher - ERROR - Failed to fetch updates - ProxyConnectionError: [Errno 22] Couldn't connect to proxy 45.130.124.72:8000 [Сетевая папка недоступна. За информацией о разрешении проблем в сети обратитесь к справочной системе Windows]
2026-04-05 07:34:39,159 - aiogram.dispatcher - WARNING - Sleep for 1.597923 seconds and try again... (tryings = 2, bot id = 8628225993)
2026-04-05 07:34:40,764 - aiogram.dispatcher - ERROR - Failed to fetch updates - ProxyConnectionError: [Errno 22] Couldn't connect to proxy 45.130.124.72:8000 [Сетевая папка недоступна. За информацией о разрешении проблем в сети обратитесь к справочной системе Windows]
2026-04-05 07:34:40,764 - aiogram.dispatcher - WARNING - Sleep for 2.150277 seconds and try again... (tryings = 3, bot id = 8628225993)
2026-04-05 07:34:42,922 - aiogram.dispatcher - ERROR - Failed to fetch updates - ProxyConnectionError: [Errno 22] Couldn't connect to proxy 45.130.124.72:8000 [Сетевая папка недоступна. За информацией о разрешении проблем в сети обратитесь к справочной системе Windows]
2026-04-05 07:34:42,923 - aiogram.dispatcher - WARNING - Sleep for 2.710000 seconds and try again... (tryings = 4, bot id = 8628225993)
2026-04-05 07:34:45,634 - aiogram.dispatcher - ERROR - Failed to fetch updates - ProxyConnectionError: [Errno 22] Couldn't connect to proxy 45.130.124.72:8000 [Сетевая папка недоступна. За информацией о разрешении проблем в сети обратитесь к справочной системе Windows]
2026-04-05 07:34:45,634 - aiogram.dispatcher - WARNING - Sleep for 3.464284 seconds and try again... (tryings = 5, bot id = 8628225993)
2026-04-05 07:34:52,744 - aiogram.dispatcher - ERROR - Failed to fetch updates - TelegramNetworkError: HTTP Client says - ServerDisconnectedError: Server disconnected
2026-04-05 07:34:52,744 - aiogram.dispatcher - WARNING - Sleep for 4.528025 seconds and try again... (tryings = 6, bot id = 8628225993)
2026-04-05 07:34:53,004 - services.database - INFO - 🔌 База данных отключена
2026-04-05 07:35:01,728 - services.database - INFO - ✅ База данных подключена (SQLite)
2026-04-05 07:35:01,729 - services.llm_service - INFO - ✅ GigaChat сервис инициализирован (с доступом к сайту ДГТУ)
2026-04-05 07:35:02,605 - utils.logger - INFO - ✅ Бот: @iivt_dgtu_bot | Прокси: 45.130.124.72:8000
2026-04-05 07:35:02,606 - utils.logger - INFO - ======================================================================
2026-04-05 07:35:02,606 - utils.logger - INFO - 🤖 ИиВТ ДГТУ Помощник — ЗАПУЩЕН
2026-04-05 07:35:02,606 - utils.logger - INFO - ======================================================================
2026-04-05 07:35:02,606 - utils.logger - INFO - ✅ База данных подключена (SQLite)
2026-04-05 07:35:02,606 - utils.logger - INFO - ✅ Кеш токенов активирован
2026-04-05 07:35:02,606 - utils.logger - INFO - ✅ Токен: 8628225993:AAEvnCL9BWCN_zDUkta...
2026-04-05 07:35:02,606 - utils.logger - INFO - 🔌 Прокси: 45.130.124.72:8000
2026-04-05 07:35:02,606 - utils.logger - INFO - ✅ Роутеры подключены
2026-04-05 07:35:02,606 - utils.logger - INFO - ✅ ИИ (GigaChat) готов
2026-04-05 07:35:02,606 - utils.logger - INFO - ✅ Кеширование включено
2026-04-05 07:35:02,606 - utils.logger - INFO - ✅ Умный поиск: /search
2026-04-05 07:35:02,606 - utils.logger - INFO - ✅ Связь с волонтёром: /quick_help
2026-04-05 07:35:02,607 - utils.logger - INFO - ✅ Тест направления: /quiz
2026-04-05 07:35:02,607 - utils.logger - INFO - ======================================================================
2026-04-05 07:35:02,607 - utils.logger - INFO - 🚀 БОТ ЗАПУЩЕН!
2026-04-05 07:35:02,607 - utils.logger - INFO - 📱 Telegram: /start
2026-04-05 07:35:02,607 - utils.logger - INFO - 📊 Статистика: /stats
2026-04-05 07:35:02,607 - utils.logger - INFO - 📋 Чек-лист: /checklist
2026-04-05 07:35:02,607 - utils.logger - INFO - 🧮 Калькулятор: /calculator
2026-04-05 07:35:02,607 - utils.logger - INFO - 🔍 Поиск: /search
2026-04-05 07:35:02,607 - utils.logger - INFO - 📞 Помощь: /quick_help
2026-04-05 07:35:02,607 - utils.logger - INFO - 🎯 Тест: /quiz
2026-04-05 07:35:02,607 - utils.logger - INFO - ⏹️  Остановка: Ctrl + C
2026-04-05 07:35:02,607 - utils.logger - INFO - ======================================================================
2026-04-06 10:03:16,571 - aiogram.dispatcher - ERROR - Failed to fetch updates - TelegramNetworkError: HTTP Client says - Request timeout error
2026-04-06 10:03:17,042 - aiogram.dispatcher - WARNING - Sleep for 1.000000 seconds and try again... (tryings = 0, bot id = 8628225993)
2026-04-06 10:03:18,055 - aiogram.dispatcher - ERROR - Failed to fetch updates - ProxyConnectionError: [Errno 22] Couldn't connect to proxy 45.130.124.72:8000 [Сетевая папка недоступна. За информацией о разрешении проблем в сети обратитесь к справочной системе Windows]
2026-04-06 10:03:18,057 - aiogram.dispatcher - WARNING - Sleep for 1.366299 seconds and try again... (tryings = 1, bot id = 8628225993)
2026-04-06 10:03:19,482 - aiogram.dispatcher - ERROR - Failed to fetch updates - ProxyConnectionError: [Errno 22] Couldn't connect to proxy 45.130.124.72:8000 [Сетевая папка недоступна. За информацией о разрешении проблем в сети обратитесь к справочной системе Windows]
2026-04-06 10:03:19,482 - aiogram.dispatcher - WARNING - Sleep for 1.760990 seconds and try again... (tryings = 2, bot id = 8628225993)
2026-04-06 10:03:21,246 - aiogram.dispatcher - ERROR - Failed to fetch updates - ProxyConnectionError: [Errno 22] Couldn't connect to proxy 45.130.124.72:8000 [Сетевая папка недоступна. За информацией о разрешении проблем в сети обратитесь к справочной системе Windows]
2026-04-06 10:03:21,247 - aiogram.dispatcher - WARNING - Sleep for 2.291821 seconds and try again... (tryings = 3, bot id = 8628225993)
2026-04-06 10:03:23,547 - aiogram.dispatcher - ERROR - Failed to fetch updates - ProxyConnectionError: [Errno 22] Couldn't connect to proxy 45.130.124.72:8000 [Сетевая папка недоступна. За информацией о разрешении проблем в сети обратитесь к справочной системе Windows]
2026-04-06 10:03:23,548 - aiogram.dispatcher - WARNING - Sleep for 2.995068 seconds and try again... (tryings = 4, bot id = 8628225993)
2026-04-06 10:03:26,550 - aiogram.dispatcher - ERROR - Failed to fetch updates - ProxyConnectionError: [Errno 22] Couldn't connect to proxy 45.130.124.72:8000 [Сетевая папка недоступна. За информацией о разрешении проблем в сети обратитесь к справочной системе Windows]
2026-04-06 10:03:26,551 - aiogram.dispatcher - WARNING - Sleep for 3.759469 seconds and try again... (tryings = 5, bot id = 8628225993)
2026-04-06 10:03:38,303 - aiogram.dispatcher - ERROR - Failed to fetch updates - TelegramNetworkError: HTTP Client says - ServerDisconnectedError: Server disconnected
2026-04-06 10:03:38,303 - aiogram.dispatcher - WARNING - Sleep for 1.000000 seconds and try again... (tryings = 0, bot id = 8628225993)
2026-04-06 10:03:38,559 - services.database - INFO - 🔌 База данных отключена
2026-04-06 10:03:42,029 - services.database - INFO - ✅ База данных подключена (SQLite)
2026-04-06 10:03:42,029 - services.llm_service - INFO - ✅ GigaChat сервис инициализирован (с доступом к сайту ДГТУ)
2026-04-06 10:03:42,897 - utils.logger - INFO - ✅ Бот: @iivt_dgtu_bot | Прокси: 45.130.124.72:8000
2026-04-06 10:03:42,898 - utils.logger - INFO - ======================================================================
2026-04-06 10:03:42,898 - utils.logger - INFO - 🤖 ИиВТ ДГТУ Помощник — ЗАПУЩЕН
2026-04-06 10:03:42,898 - utils.logger - INFO - ======================================================================
2026-04-06 10:03:42,898 - utils.logger - INFO - ✅ База данных подключена (SQLite)
2026-04-06 10:03:42,899 - utils.logger - INFO - ✅ Кеш токенов активирован
2026-04-06 10:03:42,899 - utils.logger - INFO - ✅ Токен: 8628225993:AAEvnCL9BWCN_zDUkta...
2026-04-06 10:03:42,899 - utils.logger - INFO - 🔌 Прокси: 45.130.124.72:8000
2026-04-06 10:03:42,899 - utils.logger - INFO - ✅ Роутеры подключены
2026-04-06 10:03:42,899 - utils.logger - INFO - ✅ ИИ (GigaChat) готов
2026-04-06 10:03:42,899 - utils.logger - INFO - ✅ Кеширование включено
2026-04-06 10:03:42,899 - utils.logger - INFO - ✅ Умный поиск: /search
2026-04-06 10:03:42,899 - utils.logger - INFO - ✅ Связь с волонтёром: /quick_help
2026-04-06 10:03:42,899 - utils.logger - INFO - ✅ Тест направления: /quiz
2026-04-06 10:03:42,900 - utils.logger - INFO - ======================================================================
2026-04-06 10:03:42,900 - utils.logger - INFO - 🚀 БОТ ЗАПУЩЕН!
2026-04-06 10:03:42,900 - utils.logger - INFO - 📱 Telegram: /start
2026-04-06 10:03:42,900 - utils.logger - INFO - 📊 Статистика: /stats
2026-04-06 10:03:42,900 - utils.logger - INFO - 📋 Чек-лист: /checklist
2026-04-06 10:03:42,900 - utils.logger - INFO - 🧮 Калькулятор: /calculator
2026-04-06 10:03:42,900 - utils.logger - INFO - 🔍 Поиск: /search
2026-04-06 10:03:42,900 - utils.logger - INFO - 📞 Помощь: /quick_help
2026-04-06 10:03:42,900 - utils.logger - INFO - 🎯 Тест: /quiz
2026-04-06 10:03:42,900 - utils.logger - INFO - ⏹️  Остановка: Ctrl + C
2026-04-06 10:03:42,900 - utils.logger - INFO - ======================================================================
2026-04-06 10:08:10,726 - httpx - INFO - HTTP Request: POST https://ngw.devices.sberbank.ru:9443/api/v2/oauth "HTTP/1.1 200 OK"
2026-04-06 10:08:11,965 - httpx - INFO - HTTP Request: POST https://gigachat.devices.sberbank.ru/api/v1/chat/completions "HTTP/1.1 200 OK"
2026-04-06 10:08:11,966 - services.llm_service - INFO - ✅ Ответ сгенерирован для пользователя 7934294012
2026-04-06 10:08:32,696 - handlers.feedback_handler - INFO - 👍 Положительный отзыв от пользователя 7934294012
2026-04-06 10:09:08,094 - httpx - INFO - HTTP Request: POST https://gigachat.devices.sberbank.ru/api/v1/chat/completions "HTTP/1.1 200 OK"
2026-04-06 10:09:08,094 - services.llm_service - INFO - ✅ Ответ сгенерирован для пользователя 7934294012
2026-04-06 10:09:34,387 - httpx - INFO - HTTP Request: POST https://gigachat.devices.sberbank.ru/api/v1/chat/completions "HTTP/1.1 200 OK"
2026-04-06 10:09:34,388 - services.llm_service - INFO - ✅ Ответ сгенерирован для пользователя 7934294012
2026-04-06 10:09:53,493 - handlers.faq_handler - INFO - 🔍 Поиск: стоимость
2026-04-06 15:29:44,435 - aiogram.dispatcher - ERROR - Failed to fetch updates - TelegramNetworkError: HTTP Client says - ServerDisconnectedError: Server disconnected
2026-04-06 15:29:44,435 - aiogram.dispatcher - WARNING - Sleep for 1.000000 seconds and try again... (tryings = 0, bot id = 8628225993)
2026-04-06 15:29:44,696 - services.database - INFO - 🔌 База данных отключена
2026-04-06 15:29:48,345 - services.database - INFO - ✅ База данных подключена (SQLite)
2026-04-06 15:29:48,345 - services.llm_service - INFO - ✅ GigaChat сервис инициализирован (с доступом к сайту ДГТУ)
2026-04-06 15:29:49,236 - utils.logger - INFO - ✅ Бот: @iivt_dgtu_bot | Прокси: 45.130.124.72:8000
2026-04-06 15:29:49,236 - utils.logger - INFO - ======================================================================
2026-04-06 15:29:49,236 - utils.logger - INFO - 🤖 ИиВТ ДГТУ Помощник — ЗАПУЩЕН
2026-04-06 15:29:49,236 - utils.logger - INFO - ======================================================================
2026-04-06 15:29:49,237 - utils.logger - INFO - ✅ База данных подключена (SQLite)
2026-04-06 15:29:49,237 - utils.logger - INFO - ✅ Кеш токенов активирован
2026-04-06 15:29:49,237 - utils.logger - INFO - ✅ Токен: 8628225993:AAEvnCL9BWCN_zDUkta...
2026-04-06 15:29:49,237 - utils.logger - INFO - 🔌 Прокси: 45.130.124.72:8000
2026-04-06 15:29:49,237 - utils.logger - INFO - ✅ Роутеры подключены
2026-04-06 15:29:49,237 - utils.logger - INFO - ✅ ИИ (GigaChat) готов
2026-04-06 15:29:49,237 - utils.logger - INFO - ✅ Кеширование включено
2026-04-06 15:29:49,237 - utils.logger - INFO - ✅ Умный поиск: /search
2026-04-06 15:29:49,237 - utils.logger - INFO - ✅ Связь с волонтёром: /quick_help
2026-04-06 15:29:49,237 - utils.logger - INFO - ✅ Тест направления: /quiz
2026-04-06 15:29:49,237 - utils.logger - INFO - ======================================================================
2026-04-06 15:29:49,237 - utils.logger - INFO - 🚀 БОТ ЗАПУЩЕН!
2026-04-06 15:29:49,238 - utils.logger - INFO - 📱 Telegram: /start
2026-04-06 15:29:49,238 - utils.logger - INFO - 📊 Статистика: /stats
2026-04-06 15:29:49,238 - utils.logger - INFO - 📋 Чек-лист: /checklist
2026-04-06 15:29:49,238 - utils.logger - INFO - 🧮 Калькулятор: /calculator
2026-04-06 15:29:49,238 - utils.logger - INFO - 🔍 Поиск: /search
2026-04-06 15:29:49,238 - utils.logger - INFO - 📞 Помощь: /quick_help
2026-04-06 15:29:49,238 - utils.logger - INFO - 🎯 Тест: /quiz
2026-04-06 15:29:49,238 - utils.logger - INFO - ⏹️  Остановка: Ctrl + C
2026-04-06 15:29:49,239 - utils.logger - INFO - ======================================================================
2026-04-06 15:32:10,257 - handlers.faq_handler - INFO - 🔍 Поиск: егэ
2026-04-06 15:32:30,423 - handlers.faq_handler - INFO - 🔍 Поиск: общежитие
2026-04-06 15:32:40,087 - handlers.faq_handler - INFO - 🔍 Поиск: проходные баллы
2026-04-06 15:32:53,214 - handlers.faq_handler - INFO - 🔍 Поиск: проходные баллы
2026-04-06 18:44:17,295 - aiogram.dispatcher - ERROR - Failed to fetch updates - TelegramNetworkError: HTTP Client says - ServerDisconnectedError: Server disconnected
2026-04-06 18:44:17,295 - aiogram.dispatcher - WARNING - Sleep for 1.000000 seconds and try again... (tryings = 0, bot id = 8628225993)
2026-04-06 18:44:17,557 - services.database - INFO - 🔌 База данных отключена
2026-04-06 18:52:58,854 - services.database - INFO - ✅ База данных подключена (SQLite)
2026-04-06 18:52:58,854 - services.llm_service - INFO - ✅ GigaChat сервис инициализирован (с доступом к сайту ДГТУ)
2026-04-06 18:52:59,688 - utils.logger - INFO - ✅ Бот: @iivt_dgtu_bot | Прокси: 45.130.124.72:8000
2026-04-06 18:52:59,688 - utils.logger - INFO - ======================================================================
2026-04-06 18:52:59,688 - utils.logger - INFO - 🤖 ИиВТ ДГТУ Помощник — ЗАПУЩЕН
2026-04-06 18:52:59,688 - utils.logger - INFO - ======================================================================
2026-04-06 18:52:59,688 - utils.logger - INFO - ✅ База данных подключена (SQLite)
2026-04-06 18:52:59,688 - utils.logger - INFO - ✅ Кеш токенов активирован
2026-04-06 18:52:59,689 - utils.logger - INFO - ✅ Токен: 8628225993:AAEvnCL9BWCN_zDUkta...
2026-04-06 18:52:59,689 - utils.logger - INFO - 🔌 Прокси: 45.130.124.72:8000
2026-04-06 18:52:59,689 - utils.logger - INFO - ✅ Роутеры подключены
2026-04-06 18:52:59,689 - utils.logger - INFO - ✅ ИИ (GigaChat) готов
2026-04-06 18:52:59,689 - utils.logger - INFO - ✅ Кеширование включено
2026-04-06 18:52:59,689 - utils.logger - INFO - ✅ Умный поиск: /search
2026-04-06 18:52:59,689 - utils.logger - INFO - ✅ Связь с волонтёром: /quick_help
2026-04-06 18:52:59,689 - utils.logger - INFO - ✅ Тест направления: /quiz
2026-04-06 18:52:59,689 - utils.logger - INFO - ======================================================================
2026-04-06 18:52:59,689 - utils.logger - INFO - 🚀 БОТ ЗАПУЩЕН!
2026-04-06 18:52:59,690 - utils.logger - INFO - 📱 Telegram: /start
2026-04-06 18:52:59,690 - utils.logger - INFO - 📊 Статистика: /stats
2026-04-06 18:52:59,690 - utils.logger - INFO - 📋 Чек-лист: /checklist
2026-04-06 18:52:59,690 - utils.logger - INFO - 🧮 Калькулятор: /calculator
2026-04-06 18:52:59,690 - utils.logger - INFO - 🔍 Поиск: /search
2026-04-06 18:52:59,690 - utils.logger - INFO - 📞 Помощь: /quick_help
2026-04-06 18:52:59,690 - utils.logger - INFO - 🎯 Тест: /quiz
2026-04-06 18:52:59,690 - utils.logger - INFO - ⏹️  Остановка: Ctrl + C
2026-04-06 18:52:59,690 - utils.logger - INFO - ======================================================================
2026-04-06 19:00:56,287 - aiogram.dispatcher - ERROR - Failed to fetch updates - TelegramNetworkError: HTTP Client says - ServerDisconnectedError: Server disconnected
2026-04-06 19:00:56,288 - aiogram.dispatcher - WARNING - Sleep for 1.000000 seconds and try again... (tryings = 0, bot id = 8628225993)
2026-04-06 19:00:56,543 - services.database - INFO - 🔌 База данных отключена
2026-04-06 19:14:03,568 - services.database - INFO - ✅ База данных подключена (SQLite)
2026-04-06 19:14:03,569 - services.llm_service - INFO - ✅ GigaChat сервис инициализирован (с доступом к сайту ДГТУ)
2026-04-06 19:14:04,409 - utils.logger - INFO - ✅ Бот: @iivt_dgtu_bot | Прокси: 45.130.124.72:8000
2026-04-06 19:14:04,410 - utils.logger - INFO - ======================================================================
2026-04-06 19:14:04,410 - utils.logger - INFO - 🤖 ИиВТ ДГТУ Помощник — ЗАПУЩЕН
2026-04-06 19:14:04,410 - utils.logger - INFO - ======================================================================
2026-04-06 19:14:04,410 - utils.logger - INFO - ✅ База данных подключена (SQLite)
2026-04-06 19:14:04,410 - utils.logger - INFO - ✅ Кеш токенов активирован
2026-04-06 19:14:04,410 - utils.logger - INFO - ✅ Токен: 8628225993:AAEvnCL9BWCN_zDUkta...
2026-04-06 19:14:04,410 - utils.logger - INFO - 🔌 Прокси: 45.130.124.72:8000
2026-04-06 19:14:04,410 - utils.logger - INFO - ✅ Роутеры подключены
2026-04-06 19:14:04,410 - utils.logger - INFO - ✅ ИИ (GigaChat) готов
2026-04-06 19:14:04,410 - utils.logger - INFO - ✅ Кеширование включено
2026-04-06 19:14:04,410 - utils.logger - INFO - ✅ Умный поиск: /search
2026-04-06 19:14:04,410 - utils.logger - INFO - ✅ Связь с волонтёром: /quick_help
2026-04-06 19:14:04,411 - utils.logger - INFO - ✅ Тест направления: /quiz
2026-04-06 19:14:04,411 - utils.logger - INFO - ======================================================================
2026-04-06 19:14:04,411 - utils.logger - INFO - 🚀 БОТ ЗАПУЩЕН!
2026-04-06 19:14:04,411 - utils.logger - INFO - 📱 Telegram: /start
2026-04-06 19:14:04,411 - utils.logger - INFO - 📊 Статистика: /stats
2026-04-06 19:14:04,411 - utils.logger - INFO - 📋 Чек-лист: /checklist
2026-04-06 19:14:04,411 - utils.logger - INFO - 🧮 Калькулятор: /calculator
2026-04-06 19:14:04,411 - utils.logger - INFO - 🔍 Поиск: /search
2026-04-06 19:14:04,411 - utils.logger - INFO - 📞 Помощь: /quick_help
2026-04-06 19:14:04,411 - utils.logger - INFO - 🎯 Тест: /quiz
2026-04-06 19:14:04,411 - utils.logger - INFO - ⏹️  Остановка: Ctrl + C
2026-04-06 19:14:04,411 - utils.logger - INFO - ======================================================================
2026-04-06 19:41:01,119 - aiogram.dispatcher - ERROR - Failed to fetch updates - TelegramNetworkError: HTTP Client says - ServerDisconnectedError: Server disconnected
2026-04-06 19:41:01,119 - aiogram.dispatcher - WARNING - Sleep for 1.000000 seconds and try again... (tryings = 0, bot id = 8628225993)
2026-04-06 19:41:01,379 - services.database - INFO - 🔌 База данных отключена
